{"0": {"train": [26.62176173875122, 9.430727592389454, 6.935371777606772, 5.79653113507969, 5.243566572618537, 4.8002580822274465, 4.521052527830601, 4.341096774462072, 4.187566637015531, 4.062084844600919, 3.977442857205619, 3.9085998544188594, 3.8353393131973834, 3.7693260712908256, 3.74340810918863, 3.6832042464557375, 3.6515493373468346, 3.602088377475527, 3.5560052249432106, 3.483229250872192], "valid": [11.463735564864004, 7.946840524927489, 6.219689783886846, 5.5647080174081776, 5.135515186142269, 4.823348809349843, 4.621531538332766, 4.488692997051468, 4.283930922452128, 4.1991542826548995, 4.128608798450078, 4.07904904639776, 4.004863548888474, 3.9924633612756377, 3.9369620351067685, 3.8973880450344796, 3.8856843966654213, 3.849442375529034, 3.8034617967177695, 3.750745139037898]}, "1": {"train": [31.348577895853065, 10.420856989883314, 7.319647430502116, 5.915893117522087, 5.179675591758665, 4.834114426290992, 4.522855672577471, 4.32349572898785, 4.160812677351866, 4.031777445490314, 3.9476144902255306, 3.870313955291144, 3.8167431636289475, 3.7547727985592645, 3.719404642560841, 3.6858176935540112, 3.63959970620172, 3.611867009049801, 3.5571369052931785, 3.510402311262468], "valid": [14.0302162391696, 8.462976494752205, 6.56326944616062, 5.635200291847328, 5.141911254319211, 4.777466456170645, 4.60033601634641, 4.41852894102566, 4.245430463246937, 4.1404789838478155, 4.069740516696016, 4.027325151149261, 3.9857879924085475, 3.949098023660397, 3.913436035214055, 3.8863762536810404, 3.8496157480327704, 3.831654764172931, 3.7936518061608413, 3.7690091671090697]}, "2": {"train": [29.59418797471106, 10.249611739306168, 7.1123301514820785, 5.940316934952793, 5.235036312043094, 4.816120567821943, 4.55525569942304, 4.316389153580704, 4.1736307574612646, 4.066155757831229, 3.9650098295017315, 3.8830508671511974, 3.8285317589327996, 3.772493641808425, 3.7297343699129843, 3.68460991029279, 3.6408057480271627, 3.603341120128489, 3.5652502979372613, 3.520815425207458], "valid": [13.144713423358516, 7.854884367462191, 6.781695592046362, 5.5978433512591375, 5.111859037648352, 4.85768462892706, 4.615549673931944, 4.406107986863864, 4.298181052629632, 4.192972946663756, 4.1154498153005505, 4.077943635915488, 3.998249916066725, 3.966804938837383, 3.9374888291284997, 3.8993414735122305, 3.8431717881764604, 3.8225577151096544, 3.7827446568262033, 3.74564396707041]}, "3": {"train": [29.553346455327414, 9.661062650295968, 6.903142544163892, 5.785675985016648, 5.127765677025527, 4.761455327413985, 4.495111103403626, 4.269141593252868, 4.13505150527192, 4.0077155591009985, 3.91754169267943, 3.8600193072512026, 3.7827678014012207, 3.7505783865727893, 3.7090474198228818, 3.6726858611958932, 3.6510575922586015, 3.6101169996300406, 3.571749365577599, 3.523798810060581], "valid": [13.397243518950157, 7.747928598383946, 6.417473921913848, 5.646179549684041, 5.137766648445362, 4.804405335697478, 4.575360096221438, 4.418274774846645, 4.26456100182953, 4.181874172179305, 4.088941587306873, 4.041476808418243, 3.997388693957926, 3.9894371640157904, 3.935127588442698, 3.915916916631519, 3.8988263213683183, 3.879239878504595, 3.852645314904842, 3.7981345072200763]}, "4": {"train": [27.266664325517944, 9.549332425776914, 7.018144769700333, 5.7846189708194595, 5.1890423979143545, 4.798120939118572, 4.532257821170921, 4.345487363577506, 4.188757876086756, 4.071249494196263, 3.9795292051077507, 3.8902805115265444, 3.838914220021735, 3.7731624728311135, 3.7045438517388085, 3.6670499647382537, 3.611831761006289, 3.554263708726415, 3.495409896122364, 3.444260883451258], "valid": [12.313083578904724, 7.881440525938999, 6.389970171862976, 5.559666968659356, 5.095340837828538, 4.852973408225671, 4.588293204840762, 4.506377803491091, 4.29451621684555, 4.177496000793598, 4.112036874209177, 4.055435053304254, 3.9966361402004527, 3.956962717776964, 3.8993092119563206, 3.863709265672172, 3.821871441874038, 3.7702712159113614, 3.729756792407543, 3.681694864020045]}}