{"0": {"train": [22.274892171223957, 21.428745154178504, 22.929991751006156, 23.93085919004498, 25.39213885683002, 25.537584709398676, 25.241640033143938, 24.755500562263258, 24.05227383700284, 23.254543420040246, 22.150075276692707, 20.865550648082387, 19.726015957919035, 19.29018517696496, 18.385195183031488, 17.406135327888258, 16.649540756687973, 15.483483054421164, 14.757896654533617, 13.662404378255209], "valid": [37.70061896829044, 42.332968319163605, 47.11619657628677, 49.59122242647059, 51.914895450367645, 52.88201545266544, 51.85902674057905, 51.606190400965076, 50.01311896829044, 47.38472972196691, 45.15573299632353, 44.68781953699448, 42.515890682444855, 41.009026022518384, 39.140739889705884, 37.550422219669116, 35.29769358915441, 34.228271484375, 32.58088594324448, 31.167322495404413]}, "1": {"train": [21.8257758348508, 21.54592780780075, 22.50334637864192, 23.9389033496828, 24.90718342487077, 25.373611335467576, 25.09088639567669, 24.70463848831062, 23.763150552161655, 23.18159014479558, 21.7221064746828, 20.82581117099389, 19.90549279693374, 19.245949651961936, 18.156441824776785, 17.254420689174108, 16.179423626204184, 15.327212226121945, 14.633318678777021, 14.040643907131109], "valid": [36.58981415719697, 42.01140802556818, 46.057698567708336, 50.64133152817235, 52.03403912168561, 53.402151396780305, 52.948649088541664, 51.521488074100375, 49.24250562263258, 47.46118903882576, 45.17277388139205, 42.7318115234375, 42.79495146780303, 40.61727997750947, 39.686930338541664, 36.48441938920455, 35.36995072798295, 33.22331468986742, 31.39725378787879, 29.663862748579547]}, "2": {"train": [22.553267170612077, 21.381885499882518, 22.19924995594455, 26.04019142093515, 24.951882269149436, 25.568717325540412, 25.286052044172934, 25.02634240630874, 24.123799488956767, 22.97306559856673, 21.77537685767152, 20.974342288827536, 19.975147218632518, 19.32724572662124, 18.179233178160246, 16.99853469733905, 16.73055318961466, 15.636362635103383, 14.53600385852326, 13.702593581120771], "valid": [38.74467329545455, 43.50017755681818, 47.96218779592803, 51.65566184303977, 54.71389308120265, 55.86275597774621, 56.165353486032195, 54.70523718631629, 53.24383729876894, 51.38922674005682, 48.59119762073863, 47.87283972537879, 46.24264618844697, 44.50013316761363, 42.6693115234375, 39.84207060842803, 39.29630903764205, 36.77525005918561, 35.48545143821023, 33.28854092684659]}, "3": {"train": [21.981913860579184, 21.549216363663064, 22.701425193843985, 24.085672249471333, 24.953449908952066, 25.442976643268327, 25.472416698484494, 24.939046529898967, 23.764766836524906, 22.861576854734494, 21.883882680333645, 20.829658680392388, 20.086068748531485, 19.448224748883927, 18.044387243744126, 17.612903107377818, 16.46777848552044, 15.568614988398732, 14.56240821781015, 14.205257100270206], "valid": [36.750247839725375, 41.395211884469695, 45.997055516098484, 50.61213452888258, 52.40899843158144, 52.03338808001894, 52.89752012310606, 50.648600260416664, 48.88438091856061, 46.91377397017045, 44.66667036576705, 43.083370324337125, 41.38770271070076, 40.07606830018939, 39.45626183712121, 36.37644264914773, 33.923299153645836, 33.03539299242424, 31.269627426609848, 29.37600615530303]}, "4": {"train": [22.620519193491543, 21.759743597274436, 23.340425649083645, 24.48208503436325, 25.233242407777254, 25.554819666353385, 25.623034943315318, 24.75858255257284, 24.24870495330122, 23.158802462699718, 22.31677796786889, 20.621410398554982, 20.245640345982142, 19.388694820547464, 18.597854040619126, 17.615304588375235, 16.483535651873826, 15.488899861959586, 14.759869797785479, 13.986040387834821], "valid": [35.63224653764205, 40.216867157907195, 45.45981667258523, 48.37078672466856, 51.36996552438447, 51.94903009588068, 51.876657196969695, 50.94376257694129, 48.96164032907197, 47.86477938565341, 44.165201822916664, 42.88219105113637, 41.68236564867424, 39.59585478811553, 38.49584221117424, 35.57819898200758, 33.533865263967805, 32.04322028882576, 31.368955669981062, 28.779744466145832]}}