{"0": {"train": [329.9790736607143, 286.57481166294644, 238.3270263671875, 209.51508440290178, 189.47759137834822, 167.24112374441964, 152.11844308035714, 146.453125, 138.83842250279017, 136.4643293108259, 134.2065168108259, 141.44774518694197, 137.24907575334822, 144.2089582170759, 146.10083879743303, 154.42464773995536, 160.42452566964286, 168.29002162388392, 174.90727887834822, 165.48313685825892], "valid": [908.304443359375, 772.1329345703125, 677.0955810546875, 618.7255249023438, 548.9995727539062, 508.404541015625, 484.02459716796875, 457.6358947753906, 439.0775451660156, 456.0132751464844, 452.92877197265625, 458.8711853027344, 495.8037109375, 502.8307800292969, 526.455078125, 525.935546875, 548.0540771484375, 564.1281127929688, 579.6751098632812, 580.5857543945312]}, "1": {"train": [332.26785714285717, 284.2414027622768, 230.32821219308036, 205.61436244419642, 184.21826171875, 168.56642368861608, 148.56930106026786, 143.97542027064733, 140.6005597795759, 135.56258719308036, 135.6294904436384, 135.43324497767858, 141.104736328125, 142.845703125, 151.24869210379464, 152.15616280691964, 157.56485421316964, 163.01213727678572, 161.58628627232142, 166.25435965401786], "valid": [914.7796020507812, 766.6981201171875, 680.4558715820312, 632.4497680664062, 565.6243286132812, 521.1656494140625, 492.6437072753906, 466.99908447265625, 457.810302734375, 454.61083984375, 458.5000305175781, 482.9459533691406, 502.1711730957031, 512.8556518554688, 540.5787353515625, 569.7960205078125, 553.0171508789062, 580.293701171875, 600.6328125, 581.52685546875]}, "2": {"train": [332.08579799107144, 278.16416713169644, 238.97682407924108, 196.51543317522322, 180.97579520089286, 163.17815290178572, 153.2425537109375, 147.70860072544642, 134.9939226422991, 131.00981794084822, 139.72527204241072, 135.22303118024553, 131.57854352678572, 138.79408482142858, 151.93683733258928, 154.51700265066964, 159.35215541294642, 160.42538016183036, 165.50167410714286, 166.51785714285714], "valid": [912.2396850585938, 762.5159912109375, 694.9949951171875, 624.2366943359375, 564.6275024414062, 522.8331298828125, 491.6148376464844, 484.2074890136719, 449.90277099609375, 492.78375244140625, 472.04718017578125, 481.92236328125, 499.63641357421875, 521.573974609375, 540.5448608398438, 542.9282836914062, 585.3444213867188, 572.9718017578125, 593.9345703125, 587.0288696289062]}, "3": {"train": [332.04520089285717, 269.03684779575894, 226.78653390066964, 204.90131487165178, 176.64411272321428, 160.51377650669642, 151.40666852678572, 150.16226632254464, 137.25593784877233, 136.77601841517858, 136.99012102399553, 138.39527239118303, 135.40558733258928, 147.19775390625, 150.2586669921875, 154.07840401785714, 166.40506417410714, 154.68062918526786, 165.94956752232142, 172.32496861049108], "valid": [923.50927734375, 769.7744750976562, 712.9769897460938, 634.9089965820312, 586.724853515625, 529.9369506835938, 496.9220886230469, 496.7105407714844, 480.8153991699219, 450.9911804199219, 487.6638488769531, 485.51031494140625, 504.2618408203125, 530.6613159179688, 557.8355712890625, 563.9508056640625, 594.4102172851562, 591.1334838867188, 585.52587890625, 595.146728515625]}, "4": {"train": [298.5321960449219, 242.78253173828125, 205.5569610595703, 182.37454223632812, 168.63385009765625, 149.0440673828125, 137.83761596679688, 129.23475646972656, 121.71286010742188, 122.61540222167969, 123.32522583007812, 122.58057403564453, 125.72639465332031, 128.30767822265625, 130.0086212158203, 138.18141174316406, 146.4286651611328, 143.2782440185547, 151.90501403808594, 148.21945190429688], "valid": [1802.53125, 1530.8736572265625, 1342.3336181640625, 1187.9510498046875, 1083.646728515625, 1010.6256713867188, 955.089599609375, 896.26123046875, 886.8123779296875, 899.4027709960938, 925.216064453125, 915.4545288085938, 965.814453125, 987.4628295898438, 1025.0269775390625, 1056.5594482421875, 1079.1614990234375, 1103.1240234375, 1118.8060302734375, 1157.0595703125]}}