{"0": {"train": [17.00957495647928, 18.85043985118037, 17.028342072860056, 14.495491757600204, 13.027395563540251, 12.108007480787194, 11.731759311841882, 11.528455651324728, 11.307488018533459, 11.007183970575747, 10.838246552840523, 10.857144496751868, 10.80078589397928, 10.691047734799593, 10.787520433508831, 10.802046933381455, 10.62798614501953, 10.675639475946841, 11.396425860861074, 10.780053909965183], "valid": [19.043938971185064, 20.582657983292748, 18.074038550967263, 16.04133110541802, 15.320753749830898, 14.801234125574945, 14.791784509435876, 15.029660443722944, 14.561097512513529, 14.364815848214286, 14.294241768973214, 14.314784458705358, 14.08359702634605, 14.395450212222674, 14.344919444162608, 14.360422902293019, 14.387849089387176, 14.711850120907737, 14.604641208400974, 14.583092891808713]}, "1": {"train": [16.910254728004546, 18.55572476630361, 16.98956265692861, 14.56921161398955, 12.955776218741518, 12.206108432898175, 11.668633178313314, 11.480241574630158, 11.201477514674945, 11.15634224857492, 10.981039272975197, 10.83245133887673, 10.777787166102572, 10.913885822772462, 10.660924789312737, 10.596653311829872, 10.567201231253392, 10.646481326555714, 10.361918330322, 10.340403735961251], "valid": [20.040283203125, 20.517324431046195, 18.88655422044837, 17.19691692849864, 16.274931003736413, 15.771938688858695, 15.539625084918478, 15.562753163213316, 15.146359650985055, 15.073432723335598, 15.09139404296875, 15.171071989639946, 15.043259595788044, 14.916872770889945, 15.209549082880434, 15.348360011888587, 14.977501910665762, 14.944731339164402, 14.943394934612773, 15.010196055536685]}, "2": {"train": [16.716255312245522, 18.46704684743146, 16.936478108458875, 14.442869503257329, 12.882665909592156, 12.292497434005158, 11.808616547061618, 11.440303508414766, 11.190839769527008, 11.04094908938993, 10.935902548923554, 10.920387624270495, 10.787608590887114, 10.636951690905775, 10.682207768178271, 10.533754893415784, 10.529336040882024, 10.539857680064976, 10.39610225913579, 10.819165092078922], "valid": [19.891030485733694, 21.115097443953804, 18.705489979619564, 17.228738536005434, 16.353761357846466, 15.694978133491848, 15.792819081182065, 15.249724014945652, 15.069606615149457, 15.067282502547554, 15.374911897078805, 15.284615425441576, 14.96045558763587, 15.039126719599185, 15.065203061311141, 14.921223781419837, 15.138271696671195, 15.00658648947011, 15.036368461277174, 15.273395571501359]}, "3": {"train": [16.827614186770493, 18.86785312118282, 17.680050662493215, 15.099143228106339, 13.143399614464576, 12.321312522266897, 11.831465299691232, 11.512813539121879, 11.385440789138844, 11.190042203723026, 10.913806496950496, 10.742427399311211, 10.947975382354437, 10.81608808519527, 10.703230900303678, 10.760525482873575, 10.648344522449275, 10.635334358670942, 10.532458906971023, 10.481703171124288], "valid": [19.777084748641304, 20.965207837975544, 18.751513671875, 16.96458793308424, 16.279871666949727, 16.075973378057064, 15.533418074898098, 15.425844408118207, 15.050122601052989, 15.029530931555707, 14.859524668817935, 14.97138034986413, 14.982194718070652, 15.01485595703125, 14.844453231148098, 14.994801396908967, 15.32869873046875, 14.850344450577445, 14.789639414911685, 14.910657269021739]}, "4": {"train": [16.941929787170874, 18.68749933729472, 17.070148016549606, 14.497386953082588, 13.016586452819626, 12.305590833566606, 11.881574367726147, 11.512375292120486, 11.230678695032573, 11.090091999397734, 10.915271208159439, 10.79016762732424, 10.715839530953108, 10.827252879852063, 10.739569350251934, 10.632233030503528, 10.614120102342902, 10.4746278644773, 10.540551466222176, 10.566834954045365], "valid": [19.584831436820654, 20.03711468240489, 18.291015625, 16.231743057914404, 15.41430610988451, 15.061635423743207, 14.721234926970109, 14.596387780230978, 14.519622006623642, 14.462937330163044, 14.426739767323369, 14.298481551460597, 14.567482591711956, 14.048320206351903, 14.180625318444294, 14.711290973165761, 14.361331309442935, 14.494625721807065, 14.49295601222826, 14.302242378566577]}}