{"0": {"train": [107.27836100260417, 107.2808837890625, 107.28341674804688, 108.19512939453125, 105.491943359375, 98.29571533203125, 97.70052083333333, 94.56394449869792, 78.28580220540364, 57.19469706217448, 30.95050811767578, 23.545626322428387, 16.610328674316406, 7.0553944905598955, 11.236685434977213, 16.133739471435547, 17.750525156656902, 13.049751281738281, 11.916531880696615, 6.681012471516927], "valid": [96.68219757080078, 96.68219757080078, 96.33735656738281, 94.84841918945312, 92.86717224121094, 90.77772521972656, 86.49308013916016, 74.32996368408203, 59.26652145385742, 44.2669677734375, 30.62545394897461, 17.818065643310547, 8.30477523803711, 4.230152130126953, 5.034098148345947, 5.914129257202148, 5.781210899353027, 5.220396041870117, 4.64219331741333, 4.285654544830322]}, "1": {"train": [7.363622665405273, 7.967516581217448, 7.159716924031575, 7.374561945597331, 5.541032155354817, 9.698357264200846, 13.781756083170572, 4.565999348958333, 6.000297546386719, 6.5861358642578125, 5.137448628743489, 4.286524136861165, 6.86186408996582, 6.723129908243815, 3.126561164855957, 7.991815567016602, 3.5752172470092773, 3.6693700154622397, 4.001176516215007, 4.06007734934489], "valid": [8.821840286254883, 7.169234752655029, 7.357065200805664, 6.6289567947387695, 5.388372898101807, 5.202067852020264, 4.189004898071289, 3.6834003925323486, 3.7330236434936523, 3.9022648334503174, 4.422983646392822, 5.166945457458496, 5.572556972503662, 5.392655849456787, 5.443796634674072, 5.336114883422852, 5.251099109649658, 5.331330299377441, 5.532792568206787, 5.668519973754883]}, "2": {"train": [19.904218673706055, 17.812347412109375, 7.338257312774658, 11.070395469665527, 12.156249046325684, 4.450070381164551, 5.531611919403076, 4.543941020965576, 3.8140437602996826, 10.854588508605957, 4.160099029541016, 2.320180654525757, 5.447818279266357, 3.6543047428131104, 2.9668235778808594, 2.293395519256592, 4.869941234588623, 1.9986070394515991, 2.5620346069335938, 2.8983099460601807], "valid": [15.33222770690918, 24.340768814086914, 33.505760192871094, 37.889286041259766, 39.228031158447266, 39.803611755371094, 40.09428405761719, 39.844600677490234, 39.93943786621094, 40.563087463378906, 41.15677261352539, 42.241947174072266, 43.293113708496094, 44.47692108154297, 45.416404724121094, 46.31660079956055, 47.272335052490234, 47.735435485839844, 47.98508071899414, 47.71998596191406]}}