{"0": {"train": [15.481143961810286, 16.259455958893902, 16.614095495572208, 17.11233429038232, 16.79640933668256, 16.2649833824719, 15.4986884925281, 14.662697773863249, 13.567236128555006, 12.533257341514815, 11.956914501553985, 11.52700448101158, 11.126889595218834, 10.860279052069142, 10.684318854308582, 10.372950416169958, 10.3555439213641, 10.236636460639476, 10.180869619592984, 9.847729758280824], "valid": [18.592766803243887, 21.1207102899966, 23.029023543648098, 24.261538298233695, 24.176301375679348, 24.011368461277176, 21.973295792289402, 21.199967094089676, 19.58174465013587, 18.99156255307405, 18.030703337296195, 17.739151664402176, 17.951402747112773, 17.69962211277174, 16.81537926715353, 17.250997792119566, 16.899504288383152, 16.9515380859375, 17.030867866847824, 16.855699622112773]}, "1": {"train": [15.179122716919277, 15.554125710469176, 16.695777498084126, 16.84140804612994, 16.535338191310455, 16.042150845644585, 15.05271308753406, 14.18472930326124, 13.098109273884537, 12.610523192694142, 11.721028091472242, 11.335796137921491, 10.890748068162466, 10.835043426430518, 10.437478379917405, 10.2864208585235, 10.200914429708787, 10.076457260090258, 10.123600016497786, 9.802163604819482], "valid": [19.730155613111414, 23.71224312160326, 25.334748641304348, 26.412549889605977, 25.95653766134511, 24.678397800611414, 23.85845416525136, 22.685456649116848, 21.479793382727582, 20.78607177734375, 19.814372187075406, 19.143345045006793, 19.39154981530231, 19.405509617017664, 19.47984911047894, 19.421357528023098, 19.50698189113451, 18.691662332286004, 18.654493248980977, 18.638204823369566]}, "2": {"train": [15.455329915808072, 16.036828646542915, 16.498223161827315, 16.74353459745402, 16.618251873297, 16.30590121817524, 15.41016190448314, 14.181985881088215, 13.295603739143392, 12.523095237461682, 11.913407245189033, 11.453838795342303, 11.232134161593153, 10.685372916489271, 10.301036366974625, 9.591630234055687, 8.988441238611205, 8.486555634792234, 8.283693734566587, 7.878934023490719], "valid": [19.012424634850543, 21.9898681640625, 24.45853855298913, 25.431505286175273, 25.75682532269022, 24.965146272078805, 23.451872452445652, 22.193839695142664, 21.584085215692934, 19.985968548318613, 19.10596764605978, 19.09433248768682, 18.76428753396739, 17.80593208644701, 17.52361131751019, 17.249785050101902, 16.109306003736414, 15.78522259256114, 14.889109735903533, 14.832240892493207]}, "3": {"train": [15.669419956467133, 16.152156154206402, 17.409796026162297, 16.90397523469431, 16.962149555091962, 16.120393591940566, 15.477176842962363, 14.246859433540532, 13.49618388911359, 12.547021351328338, 11.743739821930347, 11.319371527482119, 11.010159110503235, 10.681472653589067, 10.19787098731267, 9.629933702848263, 9.126701999425238, 8.663094086608055, 8.246215487695844, 7.89941971698314], "valid": [18.298143469769023, 21.365161398182746, 23.75136134935462, 25.280092985733695, 24.799624235733695, 24.136594025985055, 23.444028108016305, 22.26441491168478, 20.87209419582201, 20.16423631751019, 18.7667063837466, 18.722958772078805, 17.942109481148098, 17.341617750084918, 16.92425537109375, 15.604261315387228, 15.682845405910326, 14.913011633831522, 14.850599206012228, 14.547361954398777]}, "4": {"train": [15.722859921662703, 15.563515372898268, 17.76935909105384, 17.16091122834579, 16.9919897991678, 16.45407767917799, 15.450880299443783, 14.387870456861412, 13.274286021356998, 12.629957116168478, 11.928725864576256, 11.583913388459578, 11.08285953687585, 10.779507512631623, 10.32081471318784, 9.631226581075918, 9.15260646654212, 8.487280804177988, 8.271602796471637, 7.826679063879925], "valid": [18.54353751717033, 23.23366940676511, 24.392969823145606, 25.864569024725274, 25.352796617445055, 24.78168462396978, 23.976814689217033, 22.90069110576923, 21.270431350875686, 21.089642535199175, 19.352949540693682, 19.198247553228022, 18.690094329498628, 17.4828122317136, 17.232105297046704, 16.509049300309066, 15.470248379550137, 15.318624978537088, 15.458505483774038, 14.730176317822803]}}