{"0": {"train": [936.69140625, 1463.06396484375], "valid": [364.418798828125, 473.3634765625]}, "1": {"train": [1885.118359375, 1339.14775390625], "valid": [424.14921875, 438.026318359375]}, "2": {"train": [1399.97978515625, 1601.6513671875], "valid": [298.8392333984375, 478.533251953125]}, "3": {"train": [1926.9166015625, 1596.25185546875], "valid": [294.6271728515625, 299.344384765625]}, "4": {"train": [1375.2515625, 1389.44970703125], "valid": [276.5572509765625, 340.212451171875]}}