{"0": {"train": [5030.872276376147, 369.3607468463303, 165.2804128440367, 159.134435206422, 151.76958572247707, 153.2560829988532, 148.97297520068807, 148.96693233944953, 148.98162055619267, 150.28870627866974, 148.96706493692662, 148.96708428899083, 148.96749139908258, 148.96710077408258, 148.96709934059632, 151.53821387614678, 149.01939291857798, 148.96480576261467, 148.96710149082568, 148.9670828555046], "valid": [540.2000573394496, 188.15921158256882, 148.8692975917431, 155.62312213302752, 148.8697104357798, 152.16160550458716, 148.87015194954128, 148.87023509174313, 148.87030676605505, 148.87168577981652, 148.87039564220183, 148.95350630733944, 148.86663417431194, 152.0461123853211, 148.87043577981652, 148.9586009174312, 148.87138188073394, 148.8703641055046, 148.8704099770642, 148.87042144495413]}, "1": {"train": [4905.591106651376, 263.67413775802754, 142.3564392201835, 135.2218965022936, 138.09115897362386, 140.3446244266055, 135.64332783830275, 136.03872276376146, 137.76093104931192, 135.2230203555046, 135.22305619266055, 135.22304830848623, 135.22306336009174, 135.22277379587155, 135.22307411123853, 135.22339162844037, 135.22694452408257, 135.46621057912844, 137.6433106364679, 135.22305905963302], "valid": [526.941502293578, 165.16678038990827, 135.1802494266055, 135.17970756880734, 135.16680045871558, 135.18143922018348, 135.18748279816515, 148.00995986238533, 135.18076834862384, 135.1808371559633, 139.10512327981652, 135.18088302752292, 135.18085722477065, 138.93320814220183, 135.18088016055046, 135.1808371559633, 135.18088589449542, 135.56426032110093, 135.18089449541284, 135.1809116972477]}, "2": {"train": [5217.567614678899, 430.59844753440365, 172.96916857798166, 166.33146000573396, 165.58715309633027, 159.7624326261468, 152.040126146789, 151.43203698394495, 149.59456708715595, 151.7107475630734, 148.98142345183487, 148.78106938073395, 148.78076189793578, 149.06241900802752, 151.2411682912844, 148.95169796444955, 151.2868563646789, 148.8016212729358, 149.46682841169724, 150.54700688073393], "valid": [608.511628440367, 204.35752866972476, 166.0350630733945, 163.37018348623855, 165.13911697247707, 149.50763188073395, 159.9968004587156, 159.81781536697247, 149.41151662844035, 149.54718176605505, 149.7840252293578, 158.64434346330276, 149.53319380733944, 149.41159116972477, 149.42252866972478, 149.41159690366973, 154.15193520642202, 149.4116628440367, 153.00313073394494, 149.41161410550458]}, "3": {"train": [5841.483646788991, 490.6889607224771, 214.6850895928899, 174.40547735091744, 162.6127415424312, 163.38178110665137, 163.93046373279816, 163.69865825688075, 162.83432984518348, 162.61358299885322, 165.19844968463303, 165.21645283830276, 165.2038646788991, 164.74070957568807, 154.13434346330274, 148.90210435779815, 151.494765625, 148.90413847477063, 148.9042603211009, 151.41567087155963], "valid": [953.7497706422018, 227.19155389908258, 169.00158256880735, 162.2476003440367, 162.24856651376146, 162.24887041284404, 162.24906823394497, 165.60771788990826, 162.24923165137614, 165.47606651376148, 163.08514048165137, 162.2495498853211, 172.59602064220184, 148.52675458715595, 148.7220126146789, 158.85571961009174, 151.91157970183485, 155.83450974770642, 149.07831708715597, 148.5266628440367]}, "4": {"train": [5307.256594036698, 397.82324971330274, 166.82468248279815, 137.82176462155962, 135.99853211009173, 135.24683199541283, 142.78395140481652, 135.40599412270643, 137.58972333715596, 135.21656393348624, 139.6055282396789, 136.1379350630734, 135.2181773222477, 135.2264291857798, 135.21663417431193, 135.2166434919725, 135.2166477924312, 137.0090030103211, 135.21664277522936, 136.15538847477063], "valid": [691.8654357798165, 196.44495126146788, 135.40774655963304, 140.64546731651376, 135.20622133027524, 148.90108944954127, 138.69140481651377, 135.20916284403668, 135.20600630733944, 135.20614392201836, 141.73439506880734, 135.2073509174312, 135.20609231651378, 135.2060751146789, 135.2061783256881, 135.20610951834863, 135.20613532110093, 135.20606651376147, 135.20608371559632, 135.2061381880734]}}