metrics,mean
P_2,0.2
P_5,0.2
P_10,0.18
recall_2,0.13333333333333333
recall_5,0.4333333333333333
recall_10,0.8
ndcg_cut_2,0.2
ndcg_cut_5,0.30613891898061996
ndcg_cut_10,0.46023499946621227
map_cut_2,0.13333333333333333
map_cut_5,0.2033333333333333
map_cut_10,0.30190476190476184
success_2,0.2
success_5,0.8
success_10,1.0
aucroc,0.5488215488215489
skill_coverage_2,1.0
skill_coverage_5,1.0
skill_coverage_10,1.0
