metrics,mean
P_2,0.3
P_5,0.24
P_10,0.14
recall_2,0.26666666666666666
recall_5,0.5333333333333333
recall_10,0.6333333333333333
ndcg_cut_2,0.2773705614469083
ndcg_cut_5,0.4137661952843466
ndcg_cut_10,0.45744768264797936
map_cut_2,0.18333333333333332
map_cut_5,0.275
map_cut_10,0.30833333333333335
success_2,0.6
success_5,1.0
success_10,1.0
aucroc,0.5656565656565656
skill_coverage_2,1.0
skill_coverage_5,1.0
skill_coverage_10,1.0
