metrics,mean
P_2,0.5
P_5,0.28
P_10,0.18
recall_2,0.4666666666666666
recall_5,0.6333333333333333
recall_10,0.8
ndcg_cut_2,0.432111684340725
ndcg_cut_5,0.515693693663645
ndcg_cut_10,0.5793949455924204
map_cut_2,0.2833333333333333
map_cut_5,0.3833333333333333
map_cut_10,0.42555555555555546
success_2,1.0
success_5,1.0
success_10,1.0
aucroc,0.6296296296296297
skill_coverage_2,1.0
skill_coverage_5,1.0
skill_coverage_10,1.0
