metrics,mean
P_2,0.4
P_5,0.24
P_10,0.18
recall_2,0.36666666666666664
recall_5,0.5666666666666667
recall_10,0.8
ndcg_cut_2,0.4
ndcg_cut_5,0.4768535556804959
ndcg_cut_10,0.57610132208368
map_cut_2,0.26666666666666666
map_cut_5,0.3416666666666667
map_cut_10,0.40888888888888886
success_2,0.8
success_5,1.0
success_10,1.0
aucroc,0.611111111111111
skill_coverage_2,1.0
skill_coverage_5,1.0
skill_coverage_10,1.0
