P_2,P_5,P_10,recall_2,recall_5,recall_10,ndcg_cut_2,ndcg_cut_5,ndcg_cut_10,map_cut_2,map_cut_5,map_cut_10,success_2,success_5,success_10,skill_coverage_2,skill_coverage_5,skill_coverage_10
0.50000,0.20000,0.10000,0.50000,0.50000,0.50000,0.61315,0.61315,0.61315,0.50000,0.50000,0.50000,1.00000,1.00000,1.00000,1.00000,1.00000,1.00000
0.00000,0.20000,0.10000,0.00000,0.50000,0.50000,0.00000,0.26407,0.26407,0.00000,0.12500,0.12500,0.00000,1.00000,1.00000,1.00000,1.00000,1.00000
0.50000,0.40000,0.20000,0.33333,0.66667,0.66667,0.38685,0.49819,0.49819,0.16667,0.33333,0.33333,1.00000,1.00000,1.00000,1.00000,1.00000,1.00000
0.50000,0.20000,0.20000,0.50000,0.50000,1.00000,0.38685,0.38685,0.60526,0.25000,0.25000,0.41667,1.00000,1.00000,1.00000,1.00000,1.00000,1.00000
0.00000,0.20000,0.10000,0.00000,0.50000,0.50000,0.00000,0.30657,0.30657,0.00000,0.16667,0.16667,0.00000,1.00000,1.00000,1.00000,1.00000,1.00000
