metrics,mean
P_2,0.3
P_5,0.16
P_10,0.15999999999999998
recall_2,0.26666666666666666
recall_5,0.3333333333333333
recall_10,0.7
ndcg_cut_2,0.3226294385530917
ndcg_cut_5,0.3407836178068269
ndcg_cut_10,0.4868687085004785
map_cut_2,0.2333333333333333
map_cut_5,0.26
map_cut_10,0.3353968253968254
success_2,0.6
success_5,0.6
success_10,1.0
aucroc,0.5033670033670035
skill_coverage_2,0.9
skill_coverage_5,1.0
skill_coverage_10,1.0
