{"train": [2.367135842641195, 2.314353426297506, 2.1134265263875327, 2.056477348009745, 2.005892276763916, 1.9169367551803589, 1.897779146830241, 1.7801072994867961, 1.7795520623524983, 1.6914592583974202, 1.602408488591512, 1.6750177542368572, 1.6222221851348877, 1.5783781210581462, 1.5175567468007405, 1.4640198945999146, 1.4645208915074666, 1.3956717650095622, 1.432754635810852, 1.386095404624939, 1.3580462137858074, 1.3415514628092449, 1.313124656677246, 1.3270761171976726, 1.3026845455169678, 1.2781283855438232, 1.2715458869934082, 1.2375822861989338, 1.2463041146596272, 1.2141060829162598, 1.209331750869751, 1.2016595204671223, 1.1790990432103474, 1.1296749512354534, 1.162416934967041, 1.1493064165115356, 1.1628884474436443, 1.1433697541554768, 1.1609014670054119, 1.1259207328160603, 1.1213786204655964, 1.112554629643758, 1.1182724237442017, 1.1148429711659749, 1.081619143486023, 1.0919009447097778, 1.0813530683517456, 1.0773550271987915, 1.0893175601959229, 1.0797342856725056, 1.079131801923116, 1.0635916392008464, 1.0775318145751953, 1.0597633123397827, 1.0369584163029988, 1.0529714822769165, 1.027582844098409, 1.049816409746806, 1.0258867939313252, 1.0509415467580159, 1.0340044498443604, 1.0243935187657673, 1.0352976322174072, 1.0250326991081238, 1.0386083523432414, 1.0411344766616821, 1.0475423336029053, 1.0328286091486614, 1.0227000713348389, 1.0122262438138325, 1.028363307317098, 1.000544051329295, 1.020288070042928, 1.0197327534357707, 1.0087745189666748, 1.0205447276433308, 1.0058739582697551, 1.017328937848409, 1.0253307024637859, 1.0135640700658162, 1.0203737020492554, 1.0209422707557678, 1.0127194325129192, 1.0173897345860798, 1.0343257188796997, 1.0169813235600789, 1.0026286045710247, 1.005367636680603, 1.012248158454895, 1.0226171811421711, 1.009366512298584, 1.0100867748260498, 1.0242709318796794, 1.0221571922302246, 1.0130852063496907, 1.0126642783482869, 1.0082906087239583, 1.0065740744272869, 1.021082580089569, 1.0233432054519653], "valid": [0, 0, 0, 0, 0, 0, 0, 0, 0, 0, 0, 0, 0, 0, 0, 0, 0, 0, 0, 0, 0, 0, 0, 0, 0, 0, 0, 0, 0, 0, 0, 0, 0, 0, 0, 0, 0, 0, 0, 0, 0, 0, 0, 0, 0, 0, 0, 0, 0, 0, 0, 0, 0, 0, 0, 0, 0, 0, 0, 0, 0, 0, 0, 0, 0, 0, 0, 0, 0, 0, 0, 0, 0, 0, 0, 0, 0, 0, 0, 0, 0, 0, 0, 0, 0, 0, 0, 0, 0, 0, 0, 0, 0, 0, 0, 0, 0, 0, 0, 0]}