{"0": {"train": [45.963569468265625, 44.639445785073235, 43.420416520375866, 42.11913846871801, 40.86715723589211, 39.162173140018766, 37.7486235876115, 35.60550464995308, 32.9538415758204, 29.07871997674833, 23.839784292785204, 18.755500822909557, 14.394012523761942, 11.71613846405321, 10.648788176663183, 9.49121390060273, 8.907175003322482, 8.245728867103724, 7.679049823632317, 7.364687081595615], "valid": [45.474855942943286, 43.83927259724808, 42.66824487411299, 41.47664758940451, 40.03075919624276, 38.57433107296378, 36.58374325186479, 34.602389197013416, 31.3767595297087, 27.473452210500696, 20.853378724248724, 16.80345083368769, 14.141509167343397, 10.695631335395912, 9.74376884074934, 8.9670275321099, 8.041395476514372, 8.195104721554799, 7.752764025406769, 7.330144262284096]}, "1": {"train": [46.04636803097278, 44.64010012383628, 43.126935884264114, 42.06916712870443, 40.44990204386972, 39.1757810310398, 37.48949640771989, 35.84255758558107, 32.57115855269972, 29.099746396486278, 24.220359833483624, 18.221909976512233, 15.075342030115214, 11.804119529136559, 10.389082684798602, 9.20914683156972, 8.993634653193697, 8.368137323175358, 7.686623247651985, 7.716891618127315], "valid": [45.408069137030665, 43.78747509095495, 42.65801461279876, 41.090275279596604, 40.01196171028199, 39.20975183592836, 36.78303394567498, 35.131746364695836, 31.200553727462303, 28.05622812367497, 21.923277152305978, 16.769946002543755, 13.102227908852543, 10.989471578330303, 10.83423996209652, 8.84201150704977, 9.082839946782522, 7.762531739804273, 7.727090574991532, 7.322467016266497]}, "2": {"train": [45.847334200661166, 44.64866842736806, 43.53929205654025, 42.27728990692993, 40.63977423951042, 39.44911260128133, 37.73392953807977, 35.84962839999567, 33.43090177736964, 29.45739729910366, 24.96106887813813, 19.760080249021534, 15.181467117705825, 12.715283738128631, 10.511583633024216, 9.448902066166887, 8.612198923136695, 8.790106868498468, 7.656583477663732, 7.407310896969191], "valid": [45.67697028834108, 44.0910289706687, 42.65711888700208, 41.568310497369026, 40.464533537937726, 38.72952093904763, 37.56889266860669, 34.501604964703, 32.164065080022986, 28.74128828106721, 22.729505820684174, 16.052148433691848, 14.783114414099058, 11.87485142018936, 9.34123846663084, 9.180981076873794, 8.037011219882087, 8.039365547976317, 7.828358201708367, 7.669187325320068]}, "3": {"train": [46.03425540669719, 44.71552345212216, 43.41355179048389, 42.29733476993549, 40.81598313542895, 39.13690539201411, 37.519568690734545, 35.540038776910876, 33.194102154240674, 29.36299909270238, 23.640922241163338, 18.83379590759539, 15.092145205678243, 12.215191716552106, 11.008093470912785, 8.95018315116301, 8.79951311766074, 8.403011125381472, 7.9869877906649975, 7.597376893855737], "valid": [45.69403475075797, 44.03429157100589, 42.77159479236737, 41.40017178954507, 39.519822307057694, 38.47311351385193, 36.83249692986785, 34.33595180913116, 31.434149073766037, 27.034124526418218, 20.833369834470297, 15.778786349382104, 13.135277335905206, 11.667643029238686, 10.442328612976597, 9.184891168347129, 8.341117286473871, 8.236892083750707, 7.81178557164322, 7.635395055404042]}, "4": {"train": [46.232653954244206, 44.723137934141164, 43.153682820298485, 41.94813730965294, 40.68449025234808, 39.089062816051964, 37.212249172781576, 35.37476000517716, 32.27970676203465, 28.370845473092476, 22.887335451160755, 17.81667768818572, 14.55279712845083, 11.013962852241821, 10.384967700726508, 9.051256189477952, 8.725670443322667, 8.074576486080158, 7.6914737989682544, 7.570845471188551], "valid": [45.70226708999608, 44.361208644230864, 42.27710571193859, 41.644786700836455, 40.10949107247309, 38.45626528782622, 36.87478116454507, 33.84797365946957, 31.220818588168772, 25.55664949799417, 19.751024640419054, 13.843256116006364, 12.763037160785052, 11.1072219327392, 9.322580435405822, 9.314724746201902, 8.363812344398909, 7.899374524361814, 7.77682044327194, 7.184788924226001]}}