{"0": {"train": [70.91055840609462, 75.01927562980526, 77.78698962767385, 78.5070504032844, 79.3548564204059, 79.99835058363198, 82.80970425973517, 84.20236948799005, 86.24166384123991, 89.81190383961348, 93.44924255624352, 93.45187873529218, 84.66601942386865, 84.8368093097887, 84.72549938442609, 84.52436867693596, 84.87145061659393, 84.49776695514548, 85.51466333605151, 86.07182824858987], "valid": [72.70038974471044, 76.87952989323625, 78.32759207549363, 79.10748625490727, 79.6089000278898, 81.92651038825521, 84.54364901821165, 85.54150205484736, 88.20017681593956, 92.94760058915125, 93.41379366236228, 95.462248118416, 84.55107087225238, 84.95959018538619, 84.49170204825217, 85.22878585992274, 84.69898770892206, 84.43363423633343, 86.04012347598123, 86.09222874086734]}, "1": {"train": [70.4638770994906, 72.57658576392227, 74.40666088912599, 76.60352046309939, 78.82160825043009, 81.15267894994311, 83.90465634403728, 91.8028225960829, 92.49717015724767, 91.97196480350819, 93.07029701633537, 96.39127649287329, 88.15386119279795, 87.9932862987401, 87.81341385933476, 87.3630347427235, 87.0864364966795, 87.55039911874631, 87.8817810678639, 88.16733158803119], "valid": [72.3396231885597, 72.88216788002241, 75.79115217467852, 77.73711939004038, 79.3667903915975, 82.32296638090325, 92.26413991308328, 92.99669877441336, 93.07485210436712, 91.56388055253122, 95.23463559365611, 99.04136770589274, 87.83895687573218, 88.27664900242233, 87.89598875800365, 87.59285996437482, 87.88418957678472, 88.25280339040032, 88.31289247989586, 88.08517652111242]}, "2": {"train": [70.40125356639535, 72.91159009148863, 76.881310907654, 77.397114629141, 80.08090224807091, 80.54099181002346, 84.06441508391535, 86.55711875846755, 89.14491016749814, 90.27025827486162, 92.23362628228847, 93.38179035980927, 83.04876676672158, 83.35360498137699, 83.80663537644814, 83.6634378961303, 83.86056692778664, 84.69413848366071, 85.9141694272361, 86.3399466687747], "valid": [71.6271043112391, 73.70918090313796, 77.33888381519174, 78.53270258257396, 81.45907603689727, 80.90961927336707, 84.0675394830828, 87.30056844349156, 89.23279072331297, 90.52378231501064, 94.09402481103118, 92.97098453820288, 82.97622334399368, 83.80995826868562, 83.87883792276256, 83.47538553189611, 84.6127112625085, 85.81842277680775, 86.07871461934603, 86.82311052831905]}, "3": {"train": [70.8377536910681, 73.68829491108097, 78.3260274219281, 78.98123854924927, 78.47272291796149, 81.63247089001187, 83.10502691974386, 83.6651142539001, 86.51862857767843, 89.83604750999618, 95.37127498660004, 96.54900189485821, 86.28339889336424, 86.3640026769885, 87.10335174093329, 86.66620884331908, 86.5700973355731, 86.9644972757134, 86.97642110348907, 86.9879058519135], "valid": [72.58376234641042, 76.88161453768869, 79.1003674370551, 78.47318817894079, 81.9812246113312, 81.83580561376024, 84.1744240845268, 85.88856534948334, 90.12083406457916, 89.94534173818903, 96.93681658789706, 96.95147553996682, 85.95394754675874, 87.3571684074975, 86.92115882156335, 86.59580830562983, 86.9046512264809, 87.28432112767608, 86.70921452530874, 86.6937843243065]}, "4": {"train": [70.32275292378397, 73.36932144241453, 76.83076325751013, 79.46500484386318, 81.25328809110745, 80.56840033291712, 82.39029811390276, 84.55497395216199, 84.69026823994905, 89.95264363531085, 92.12556608382648, 94.01557608629129, 83.54217448952987, 83.80952324146091, 84.20331540628298, 85.2015914796913, 85.85768448598635, 86.05527452563571, 85.8159784886574, 86.02840105810806], "valid": [72.73875969785668, 75.79113048182859, 79.3365198185318, 79.71605084706212, 81.36553473888097, 80.79397788670701, 83.23404716200234, 84.44265350154036, 84.2955048921743, 91.56770998678728, 93.58789513124418, 93.63410121597332, 83.59559088808082, 83.48356967477912, 84.69515151529971, 86.21796600084173, 86.02139459943751, 85.81549525509953, 85.54185417067222, 86.57094234368851]}}