{"0": {"train": [52.88801641835964, 52.58973449085869, 57.182950457997975, 77.01660500631043, 76.08890204462298, 75.36540380916335, 74.85698804654712, 74.44035249638806, 74.10777764811475, 73.6419078783069, 73.42045199920135, 73.04655300372549, 72.84103878495245, 69.05305390299213, 68.67331303964379, 68.73060476087018, 68.79628481862564, 68.71346180649253, 68.65390496151731, 68.58300514780258], "valid": [52.76879781987463, 52.642431234706024, 78.02849273640722, 76.49573062273733, 75.95541084762168, 75.28267323050751, 74.67356692268369, 74.43540430577903, 74.09562840971942, 73.70662760940434, 73.26802400735787, 72.88680407155069, 72.75731905965071, 69.06290597135626, 68.8552302267699, 68.69068824479585, 68.72726950610921, 68.72936753109077, 68.67194623223384, 68.68715669729653]}, "1": {"train": [55.18450330878163, 55.237554861340406, 55.091130072117316, 60.704876766844976, 78.67139655914366, 77.8049225891651, 77.12140783074827, 76.65070237495642, 76.24313445620584, 75.78574101686634, 75.20108375011732, 74.8835670480296, 74.61213605209116, 74.2368247211535, 70.23767704459156, 70.10588107100565, 69.91766162234426, 69.83660194590216, 69.70484638798497, 69.7176750532049], "valid": [55.43337704164153, 55.198265285599355, 55.13799388555075, 79.628665369821, 78.3230240911605, 77.65199046954612, 77.00539107543912, 76.70050032787778, 75.91276790652655, 75.19713023137906, 75.42283969919046, 74.85985634134487, 74.4300323216261, 73.91727839966312, 70.23589866271956, 70.1702302424829, 69.87462823059131, 69.99287986683763, 69.59380981412578, 69.7127774390755]}, "2": {"train": [55.13884162997459, 55.52281589221874, 70.6322557615603, 79.3627875280533, 78.60760964778122, 78.11343267945107, 77.60910076531681, 77.28364469220558, 76.93587509763137, 76.55563604062051, 76.13505167077444, 75.96177999613874, 75.76462663543022, 71.63329098013935, 71.5340692956986, 71.36461323206767, 71.19676877350695, 71.16112931631223, 70.92500004190188, 70.76633111207998], "valid": [55.71494302992592, 55.58020953799611, 79.76770231001944, 79.00837764397292, 78.28851170722714, 77.87873937801689, 77.22873167865045, 77.20131598933193, 76.75110441388442, 76.4908827454579, 76.20894438543343, 75.66833627690065, 75.49851093205282, 71.3356988458283, 71.59133619624062, 71.5230435490832, 70.94713837594696, 70.84429374811444, 70.70489794934969, 70.66046663398365]}, "3": {"train": [55.05263245523413, 58.69365179116901, 58.563415261365044, 58.25733757497293, 58.01084431022808, 57.93529238657581, 57.72349663795061, 57.73659623808101, 57.57973191729785, 57.49108523841958, 57.48729779333199, 57.45106538531079, 57.2925790167243, 57.307055257156, 57.28126757259919, 57.366279204821815, 57.195845819219386, 57.35007417810518, 57.370805687697775, 57.41267880185148], "valid": [58.90695862978513, 58.5422970981245, 58.396404788691676, 58.08322043548036, 58.045660254718086, 57.98540566757173, 57.57720626131336, 57.61194493853077, 57.778707533018235, 57.64147674896085, 57.47703184709373, 57.41892750444154, 57.34508762088529, 57.52002332855658, 57.524729972219426, 57.61544317448545, 57.348869607300884, 57.49351854761665, 57.513739650375435, 57.14925054262201]}, "4": {"train": [53.08482868647761, 62.19545013926949, 63.45876532933385, 63.068217545599104, 62.67668980797675, 62.611961325872805, 62.222655058431386, 62.00307968765713, 61.91232272470627, 61.75203201077073, 61.57697437027563, 61.31784265978018, 57.547859523749665, 57.44825898076101, 57.399147190412144, 57.355408791838464, 57.3612706154465, 57.390472728006, 57.34155664298195, 57.34666245558461], "valid": [52.83669425213038, 63.559787346758675, 63.18443475447865, 62.99901094500074, 62.6700033250476, 62.44354765293962, 62.33293432412908, 62.37274003617115, 61.7056298639559, 61.79323114486397, 61.6477679334672, 61.300518409910694, 57.499334178598005, 57.565466195977926, 57.350114836710205, 57.50090726448522, 57.41846334297394, 57.038253001761625, 57.40172247732179, 57.194815471381546]}}