{"0": {"train": [5.556974358427569, 5.273955945397799, 5.3583848167474475, 5.34136690618374, 5.357206258701288, 5.38102152811944, 5.30123677289981, 5.499421909367232, 5.383994979099772, 5.387010038468452, 5.419864960817548, 5.430833047415737, 4.735698143179409, 4.652386036688972, 4.66863831363707, 4.644764108224602, 4.6665525891948665, 4.6700131290441, 4.676818451385885, 4.712888661498191], "valid": [5.232418783738773, 5.269091134359892, 5.362380874357741, 5.286849054632824, 5.443991967461217, 5.371610000143925, 5.46424238903405, 5.45141407852982, 5.4328599121893335, 5.55389479258175, 5.340047164031735, 5.346877102248013, 4.68358287228247, 4.676954396724404, 4.688548937040199, 4.659914812741247, 4.704515108523783, 4.668864361435194, 4.80931898034965, 4.727048301577791]}, "1": {"train": [5.575921524949277, 5.235455632855912, 5.261985011555387, 5.270752084025121, 5.422525069039104, 5.392019478985151, 5.408688571667388, 5.376506655628534, 5.308292865362705, 5.261819752533084, 5.4476596629231455, 5.444299659126566, 4.765157348609012, 4.639133664445585, 4.643106658632097, 4.694427329584227, 4.708523066314858, 4.724668465694458, 4.681609608811415, 4.731535954883536], "valid": [5.214762251598717, 5.24289168169256, 5.255308364230398, 5.339608959309845, 5.624444170289685, 5.389965278687361, 5.397855236317616, 5.444843858610595, 5.34331314458151, 5.473002090501696, 5.562539750906503, 5.37742599277889, 4.716156603170051, 4.666175549579128, 4.750504884583014, 4.725422926419093, 4.689311645660115, 4.712610426799848, 4.754801273643412, 4.740239986388741]}, "2": {"train": [5.584609318976933, 5.2284149833916596, 5.270597786164494, 5.2537347501593965, 5.340181647155472, 5.326549964065272, 5.406587937613931, 5.275955989135276, 5.355695683880101, 5.346853925426358, 5.425146861352648, 5.373491853798625, 4.7549016673321525, 4.655355386110026, 4.6652168357817585, 4.652392726155364, 4.670221403256265, 4.665819125401196, 4.701699137975876, 4.670338306785476], "valid": [5.1810869506398, 5.323437350530034, 5.334565834589262, 5.306399892671044, 5.360489979304979, 5.406906418301278, 5.309867819615151, 5.379630412945341, 5.310859421935474, 5.331080785241705, 5.493744113073021, 5.41045681077704, 4.654668702961707, 4.697167460361707, 4.724516863087339, 4.702033738341724, 4.717934765099475, 4.705141614034198, 4.77131257617256, 4.742584471285316]}, "3": {"train": [5.602791522098277, 5.198542315493431, 5.221710212217853, 5.263472837227829, 5.3828835807537905, 5.337647458947896, 5.404456095698099, 5.404676389630998, 5.349281547241163, 5.376890597640561, 5.359163721163876, 5.377074317125935, 4.776013619236164, 4.651800429775461, 4.650372149763395, 4.683747674209748, 4.656374697732468, 4.680629425298719, 4.701089851422828, 4.7126628444671335], "valid": [5.189580283955616, 5.195752803294935, 5.303382539131809, 5.243640276668336, 5.259592051811736, 5.4300530587914695, 5.487637767515062, 5.466441945712813, 5.330143539531055, 5.398231169564213, 5.4379495571043055, 5.317202260873188, 4.6647445566846475, 4.687866889264575, 4.706521747822956, 4.67163555054225, 4.651528925665863, 4.739310297164953, 4.708412129948541, 4.729467712983087]}, "4": {"train": [5.620558146631663, 5.211960070908353, 5.2414016931874885, 5.388610392420785, 5.282708152634746, 5.324421772930446, 5.340188675027904, 5.395103900227877, 5.414718358999926, 5.430726240012758, 5.493536132774421, 5.38254059773195, 4.753319858770275, 4.697494888811395, 4.679646536404579, 4.673499675489835, 4.685712233484419, 4.743025601751522, 4.716278577142802, 4.738223146297143], "valid": [5.19384274611401, 5.235589414914003, 5.255927307671568, 5.564807825798066, 5.36281052433074, 5.464309094978967, 5.23406107498952, 5.484448345007604, 5.447857430862239, 5.559978608277338, 5.43728669826595, 5.210684081764679, 4.660420588111193, 4.717813102973268, 4.66484747437266, 4.673905042530203, 4.6863223361329345, 4.764963015846559, 4.74551889041418, 4.708523903970059]}}