{"train": [1.9083245572909502, 1.5604229527460018, 1.3643139785444234, 1.2208118254030254, 1.1124279062512894, 1.0328501714787013, 0.9910866618156433, 0.9684933675846583, 0.952571173788796, 0.9380142755911384, 0.9299478035577586, 0.9245969795844924, 0.9211216854377532, 0.9170171005625121, 0.9171567550847228, 0.917692738519588, 0.9145309287057796, 0.916264298096509, 0.9142483523194219, 0.9154052541289531, 0.9119077114991738, 0.9142777063477208, 0.9152947630680782, 0.9108545217715519, 0.9090739774032378, 0.9114654324424099, 0.9117293433404304, 0.9116297229914598, 0.9121149215899723, 0.9110459811250928, 0.9082806916304038, 0.9105580482684391, 0.9121131636727025, 0.908889051054565, 0.9104872539009846, 0.9118518585890112, 0.910632890714726, 0.9127697734765603, 0.9115781129246027, 0.9089248835200995, 0.9116491373156158, 0.9111788541498319, 0.9092249576474579, 0.9083263437512895, 0.9101838049754291, 0.9105332955508165, 0.9102024788587866, 0.9137984237200777, 0.9120247750215127, 0.9092032162236495, 0.910236698640904, 0.9043883614137139, 0.9093627325246032, 0.907567408722891, 0.9093517031468136, 0.907355054163597, 0.9099948280294177, 0.9115458500217384, 0.9071269144474621, 0.9081061398479301, 0.9073528899273402, 0.9081060357496772, 0.9074578260032224, 0.9072154013203902, 0.9075406168548155, 0.909267138427412, 0.9049467964911125, 0.9064840758350533, 0.9067931779673402, 0.9036282561194728, 0.9079664492271315, 0.9065101524473915, 0.9089990753523061, 0.9067064867892736, 0.9074033591109263, 0.9071424981238136, 0.9064924968800074, 0.9079701270855648, 0.9079205041200342, 0.9082038167496802, 0.9080111350811703, 0.9076169997873441, 0.9068761677809165, 0.9077602851558739, 0.9044576421589918, 0.9062684925509171, 0.9044938406474153, 0.909285950828606, 0.9078060329799921, 0.9065194851915601, 0.904050973099722, 0.9059727267480232, 0.9083537551718699, 0.9064117267098225, 0.9064966641681295, 0.9056754246563978, 0.9047018642156897, 0.9060084223747253, 0.9093018728242793, 0.9050186469521321], "valid": [0, 0, 0, 0, 0, 0, 0, 0, 0, 0, 0, 0, 0, 0, 0, 0, 0, 0, 0, 0, 0, 0, 0, 0, 0, 0, 0, 0, 0, 0, 0, 0, 0, 0, 0, 0, 0, 0, 0, 0, 0, 0, 0, 0, 0, 0, 0, 0, 0, 0, 0, 0, 0, 0, 0, 0, 0, 0, 0, 0, 0, 0, 0, 0, 0, 0, 0, 0, 0, 0, 0, 0, 0, 0, 0, 0, 0, 0, 0, 0, 0, 0, 0, 0, 0, 0, 0, 0, 0, 0, 0, 0, 0, 0, 0, 0, 0, 0, 0, 0]}