{"0": {"train": [4.551887543004587, 4.181696172591743, 3.9567045047305047, 3.8300876666427754, 3.7276789841958142, 3.651742648903383, 3.590325177393922, 3.5425454235951834, 3.5125404063933487, 3.4951647165280963, 3.4729382884174314, 3.4568149279673164, 3.4319342432984516, 3.4204649870986237, 3.396828187715023, 3.391443095075975, 3.359075602960149, 3.3644626218463305, 3.342059606149656, 3.351918990108945], "valid": [4.301666427752294, 3.9974301175458717, 3.907015392058486, 3.8113424598623853, 3.7726655676605505, 3.711210041571101, 3.701548881880734, 3.711280282396789, 3.714869104787844, 3.7002612528669725, 3.695910442947248, 3.733716492259174, 3.7424340596330277, 3.749347494982798, 3.7461231364678897, 3.7742203626720183, 3.7779538775802752, 3.7531373638188072, 3.7475173810206424, 3.7941126720183487]}, "1": {"train": [4.55177716456422, 4.218190559597191, 3.9914445957568807, 3.866955857583142, 3.7718171677895644, 3.7047319828698395, 3.6520784206565367, 3.5978247742259173, 3.5611835444739106, 3.5590164044581423, 3.5282425906680044, 3.511338450580562, 3.4757160711725916, 3.4676326870699543, 3.455996989678899, 3.427395893061927, 3.4335976024942663, 3.4061632516843465, 3.4019460695599197, 3.3992108210292433], "valid": [4.347181407683486, 3.9717643527809634, 3.868194703268349, 3.7611558378727064, 3.7115553325688073, 3.687066997563073, 3.6634918828841743, 3.6736596903669723, 3.651742133744266, 3.6589230934633026, 3.6458629587155964, 3.6428288059059635, 3.6359221796158256, 3.61741219896789, 3.621470756880734, 3.64871057912844, 3.657730432912844, 3.7025777666284405, 3.666351598337156, 3.650282396788991]}, "2": {"train": [4.576570966528096, 4.210293304723337, 3.993575585041571, 3.8681302859805045, 3.7639789546301605, 3.681709029171445, 3.6329691979644494, 3.5825890329343464, 3.5466048774369265, 3.5160336779673167, 3.494862206135321, 3.486520212155963, 3.449552617904243, 3.44720685206422, 3.4244740897362385, 3.415188189865252, 3.404019495412844, 3.4008958393061928, 3.3940342110450117, 3.38287362474914], "valid": [4.318599931909404, 3.9904422305045872, 3.8816510177752295, 3.819841868549312, 3.7432455024369267, 3.717686711582569, 3.6972034475344038, 3.67416015625, 3.6922828268348624, 3.701896502293578, 3.6947516485091745, 3.6593376397649084, 3.705586654243119, 3.702881844896789, 3.6844478390194952, 3.7316069380733943, 3.7029819201548166, 3.7195523043291283, 3.7106504443807338, 3.7527514872419725]}, "3": {"train": [4.455442768061927, 4.066900466778956, 3.8756247312213303, 3.7656474654171443, 3.6737305807411125, 3.6257833330346902, 3.592151080490252, 3.537399297591743, 3.513213920943234, 3.501966899906823, 3.483784426067947, 3.4721255913130733, 3.4479050494552754, 3.4308669679974195, 3.420562508959289, 3.393881499964163, 3.4044072310421445, 3.3882177734375, 3.3752322023724197, 3.361968243800172], "valid": [4.15135751146789, 3.917754981364679, 3.8106653168004585, 3.7575357475630735, 3.7168058342889907, 3.6847833643922017, 3.684439417287844, 3.6494929042431195, 3.673302393922018, 3.6822767345183487, 3.6816282611811926, 3.7032777558772936, 3.677613245412844, 3.709952336582569, 3.728556479357798, 3.693293972190367, 3.741399799311927, 3.6967046839162845, 3.7046507669151376, 3.742813485521789]}, "4": {"train": [4.57060511037844, 4.176681120986238, 3.9464636790424312, 3.828373351490826, 3.7347889863460435, 3.6665357117259174, 3.614374350451548, 3.5624174849483943, 3.5400203823824543, 3.5304607314363534, 3.486985423236812, 3.4424863594825115, 3.439214763116399, 3.4319743137184635, 3.3945952193233944, 3.400286966026376, 3.3837565850774083, 3.373602530103211, 3.3517744095828554, 3.359101988066227], "valid": [4.328951404816514, 3.99998046875, 3.9051223838876146, 3.8447457353784404, 3.7931409475344036, 3.7914700401376145, 3.7763634245986237, 3.7800444380733946, 3.761210041571101, 3.7373414205848623, 3.7692322785263763, 3.766574057482798, 3.774244015194954, 3.7792164205848624, 3.7966363245412844, 3.7757796373279815, 3.8243052967316515, 3.767930493836009, 3.804552752293578, 3.8418626361811925]}}