metrics,mean
P_2,0.3
P_5,0.16
P_10,0.18
recall_2,0.3
recall_5,0.4
recall_10,0.8333333333333333
ndcg_cut_2,0.3226294385530917
ndcg_cut_5,0.3754430630676099
ndcg_cut_10,0.5595797501704978
map_cut_2,0.25
map_cut_5,0.275
map_cut_10,0.38809523809523805
success_2,0.6
success_5,0.8
success_10,1.0
aucroc,0.5858585858585859
skill_coverage_2,0.9
skill_coverage_5,1.0
skill_coverage_10,1.0
