{"0": {"train": [3.8882113411084513, 3.4618904844711906, 3.2312745578574047, 3.0391044967831564, 2.898435332237621, 2.7915215518357654, 2.769904777135529, 2.716271163719589, 2.7392098326926777, 2.741072388580482, 2.750725896910239, 2.750787952721276, 2.8076764541234422, 2.8485563844243904, 2.8565889773387325, 2.8785224476707945, 2.9716357614083266, 2.9688353375789873, 2.849810904642503, 2.6752000440026857], "valid": [3.3856581530656222, 3.292676826080543, 3.101314009527236, 2.94556712505873, 2.802215536430741, 2.7338934675171287, 2.6642613718604795, 2.67792581165558, 2.6899428802847907, 2.74060234899872, 2.726775035584934, 2.7592296688404536, 2.838875330819651, 2.893096233777525, 2.9439654200687, 3.0362622818890954, 3.0751551089236564, 3.1385859907964737, 2.9452414284009856, 2.9102778072905875]}, "1": {"train": [3.8757757771225805, 3.4612080801001497, 3.219628044925748, 3.029101776385888, 2.8852574686061763, 2.8064035151509827, 2.757193517130294, 2.7362835630313618, 2.7460801220005107, 2.7321590916185405, 2.7596949487205693, 2.7865792270325866, 2.832385216692996, 2.8498992337335736, 2.8695499274406577, 2.9141749707380984, 2.937958684067652, 2.9624290361307604, 2.9936671567929234, 2.8898867468442004], "valid": [3.3854013241803673, 3.2507719968188593, 3.11727498830021, 2.932895158668573, 2.776868937381615, 2.700313538760988, 2.6699875707074257, 2.6430746796315443, 2.6751101234050365, 2.719782062800125, 2.709296566897826, 2.791923529271672, 2.8709018653534537, 2.9169625839679583, 2.9524443427585236, 3.0092126307324345, 3.080817396801379, 3.112924417970137, 3.2173541035047575, 2.99922741067696]}, "2": {"train": [3.89065151895977, 3.4777799514814314, 3.2428378070360826, 3.0461697835428567, 2.875427396030648, 2.791398596353627, 2.758940545735046, 2.7287966681665656, 2.734610021571259, 2.741283543087948, 2.7428640803161164, 2.7419400426985603, 2.7812515318854145, 2.820585197281406, 2.843417089505579, 2.9235682970012506, 2.9244046341788263, 2.95528365777703, 2.8502177069305503, 2.691112156903913], "valid": [3.4369006169904996, 3.2850640144406853, 3.113968301951229, 2.9387578574725124, 2.780449714719353, 2.699693533715742, 2.6604512592765923, 2.699885064304912, 2.665546477299633, 2.720905147248561, 2.75499400819309, 2.7878321939718798, 2.851881469567598, 2.890448412077235, 2.965301163227329, 3.0176668705651783, 3.083165924408259, 3.112670934565804, 2.921645585271583, 2.9056319025291892]}, "3": {"train": [3.8908043291019236, 3.5050994843692194, 3.255142766717536, 3.0445777116860895, 2.8745911732912504, 2.8023164655012947, 2.7443981080049946, 2.731734820107288, 2.7101357938517388, 2.7308964215108213, 2.731520735062893, 2.7611070670898075, 2.778323462934702, 2.796252008763411, 2.8682870378399, 2.8558567231432668, 2.894212355195616, 2.9417713680401407, 2.9978285845588237, 2.8674461102247504], "valid": [3.4492992269472746, 3.3310823417405695, 3.1677348415162716, 2.9579172985158424, 2.8023481405713535, 2.732260487540142, 2.6841736725039587, 2.6756725840816094, 2.679754861596704, 2.7103542534953458, 2.7341713326965125, 2.8169355754325016, 2.8524672062762684, 2.8896424109422174, 2.9754935447328403, 3.013628915904054, 3.068530654974971, 3.152460899346253, 3.183983597472881, 2.9790396320313888]}, "4": {"train": [3.8699927886838696, 3.4635354308291713, 3.2258909588304663, 3.0130921444344247, 2.8668856363300037, 2.7964126520301518, 2.7486339903001293, 2.740466437754347, 2.7349159859993524, 2.7424977383347207, 2.758372511445616, 2.792365824720218, 2.8089068425129486, 2.852914282163337, 2.8691186442147614, 2.8742018995098038, 2.925475441060858, 2.980715488288476, 3.0049075896573254, 3.0433269602062523], "valid": [3.390818297866535, 3.2739306155031853, 3.099998637159715, 2.9219774876127502, 2.7965684910054276, 2.6914174070805954, 2.665579646178336, 2.6673697867529267, 2.649921789154069, 2.6749381244496613, 2.7057719667886664, 2.7338222042321525, 2.7591656211961872, 2.8498420839530425, 2.8916349831591672, 2.951476245072386, 3.049476073900802, 3.0842215207713624, 3.125689318257285, 3.2358797173061697]}}