{"0": {"train": [4.566373011037844, 4.1807288157611815, 3.9576332246272936, 3.826168694452408, 3.723500282217603, 3.6629907898509173, 3.591580373781537, 3.5577513976490827, 3.535932191621273, 3.506409340954702, 3.461575490969037, 3.4558991766413416, 3.444363576906537, 3.4069839225559058, 3.399361202694954, 3.389355423953555, 3.3725844860951835, 3.374005518922018, 3.33612286768922, 3.343434274655963], "valid": [4.316410102494266, 4.014385571961009, 3.902406196244266, 3.8354076476490824, 3.8026540997706424, 3.7367532432626147, 3.730404959862385, 3.730347710005734, 3.6919410299598625, 3.70883798021789, 3.719917216169725, 3.703313503440367, 3.7421977135894497, 3.7482556264334863, 3.741175996272936, 3.705704200114679, 3.7591029959862383, 3.7326528454701835, 3.7869615467316513, 3.764724770642202]}, "1": {"train": [4.557354545943234, 4.18001744821531, 3.9551828142918577, 3.8436724573537844, 3.7617413498064796, 3.6721605773365824, 3.6246497813933485, 3.5752360324684633, 3.5697018796588305, 3.5483031554615825, 3.506412745484518, 3.4836511118477635, 3.4766800458715594, 3.456807066191227, 3.4518351087657684, 3.4253060941083717, 3.41650408543578, 3.41267831224914, 3.38540256325258, 3.3834807509676033], "valid": [4.2436324541284405, 3.965373064793578, 3.860656357511468, 3.772789026662844, 3.701077085722477, 3.6715521072247705, 3.6474400623566514, 3.661439309776376, 3.6811686496559632, 3.640604752006881, 3.687194398652523, 3.656027272075688, 3.6678804114105503, 3.6590150157683485, 3.684650318950688, 3.635637543004587, 3.6806409475344037, 3.6720454056766054, 3.690297627580275, 3.6713765051605503]}, "2": {"train": [4.532362340524656, 4.131363827766628, 3.9423365825688075, 3.830273303110665, 3.7348069273222477, 3.6508530139048165, 3.6166332335865827, 3.5591283507740825, 3.5172739123423167, 3.502179100666571, 3.4613363675458717, 3.459302788130734, 3.4246967280676603, 3.4171306085149085, 3.4069793757167433, 3.38213387865539, 3.3702174867402523, 3.367120932482798, 3.3626016655318236, 3.351314417287844], "valid": [4.2351481866399086, 3.9649400623566513, 3.8484333787270644, 3.7973630124713305, 3.758845864392202, 3.7159025587729357, 3.6702436030676604, 3.6851179042431195, 3.6995255160550458, 3.695004658830275, 3.6496448537844035, 3.671141592603211, 3.675852655533257, 3.67228497706422, 3.723297018348624, 3.7672856938073394, 3.748192463446101, 3.720308647505734, 3.7384696638474773, 3.7622026411983946]}, "3": {"train": [4.570728546982512, 4.221417359518349, 3.9963523598767203, 3.8833830051247133, 3.7632568359375, 3.680316397290711, 3.6493949344180048, 3.5713069362815366, 3.5439755724985664, 3.521820124354931, 3.4993157790997707, 3.478985584504014, 3.4628902666284405, 3.4713164107296444, 3.4379612689936927, 3.413662154171445, 3.406860105182053, 3.4049297367760896, 3.386199895176319, 3.363760885536124], "valid": [4.357815904529817, 4.036801892201835, 3.939669133457569, 3.823751075114679, 3.7784867760894496, 3.718960184919725, 3.7013971115252295, 3.6616977852637613, 3.6998927573107796, 3.6775324326261467, 3.664092961582569, 3.6986906895068805, 3.7122921444954127, 3.6660288847477065, 3.7263912879873855, 3.7076558020355503, 3.7079350630733945, 3.7206534009461008, 3.7455785908830275, 3.7352397505733945]}, "4": {"train": [4.536061451763188, 4.139405685564793, 3.9176870251576834, 3.79521999534117, 3.6968078725272364, 3.641686675745413, 3.6031097692087157, 3.547893805547592, 3.5195574559202982, 3.4879698923093465, 3.469573313861812, 3.4527709736955274, 3.4308157432626145, 3.4141780524297594, 3.3843025193520644, 3.3721612268850345, 3.3687360459073967, 3.3610642515409976, 3.3389633654673165, 3.3218469126290135], "valid": [4.291557751576835, 3.985383905533257, 3.892722907110092, 3.8501942373853213, 3.7920443305619265, 3.760694255303899, 3.7298038811639906, 3.769645391341743, 3.6961491184059634, 3.7249928325688075, 3.711735414277523, 3.752926999713303, 3.725163238245413, 3.7387361131020644, 3.7963078770068805, 3.7826734518348624, 3.764343732081422, 3.787219036697248, 3.7828268348623855, 3.800524476777523]}}