{"0": {"train": [12.477170944213867, 19.43179702758789, 8.522704124450684, 4.603361129760742, 1.520775318145752, 0.5796356797218323, 0.2853333055973053, 0.2609882950782776, 0.304696649312973, 1.4506956338882446, 0.22786182165145874, 0.24353791773319244, 0.24675846099853516, 0.312955379486084, 0.2866472005844116, 0.2600470781326294, 0.25999876856803894, 0.2707730531692505, 0.27595120668411255, 0.28719332814216614], "valid": [23.349689483642578, 41.43013000488281, 28.38910675048828, 28.40643882751465, 23.955520629882812, 21.862346649169922, 19.03557777404785, 23.01634979248047, 40.21027755737305, 31.636587142944336, 41.36400604248047, 48.85468292236328, 31.643312454223633, 48.87615966796875, 44.49537658691406, 48.88568115234375, 40.65019989013672, 48.87795639038086, 46.38063049316406, 48.883663177490234]}, "1": {"train": [19.750181198120117, 24.56165885925293, 22.503252029418945, 9.301105499267578, 14.805035591125488, 5.4799909591674805, 11.024599075317383, 4.814144134521484, 7.849788665771484, 2.8005409240722656, 2.774552822113037, 4.905847072601318, 10.251879692077637, 10.674002647399902, 6.150095462799072, 3.290134906768799, 9.180033683776855, 12.833359718322754, 4.943065166473389, 6.994499206542969], "valid": [18.25589370727539, 32.598445892333984, 14.127808570861816, 19.211145401000977, 7.701749801635742, 6.403119087219238, 18.233444213867188, 2.102961301803589, 2.985443115234375, 14.409893035888672, 4.630308628082275, 5.856993675231934, 22.323413848876953, 7.641340255737305, 0.6879673004150391, 9.42060375213623, 0.7337625026702881, 11.431436538696289, 6.592790603637695, 6.0152716636657715]}, "2": {"train": [29.18315315246582, 22.975669860839844, 16.29355239868164, 11.552509307861328, 12.371623992919922, 5.850560665130615, 3.8191418647766113, 3.8174543380737305, 16.93000602722168, 10.163776397705078, 6.595056056976318, 1.8316856622695923, 2.5399370193481445, 9.45145034790039, 2.554166316986084, 6.606086730957031, 5.853852272033691, 7.916481018066406, 5.253264427185059, 6.373162746429443], "valid": [13.089534759521484, 8.244632720947266, 6.07187032699585, 6.654412746429443, 14.7764892578125, 4.479391574859619, 4.604615211486816, 11.74703311920166, 6.523937225341797, 0.7877802848815918, 3.7756948471069336, 1.9687459468841553, 2.3571534156799316, 4.61903190612793, 5.95409631729126, 7.717779636383057, 11.772573471069336, 0.9625190496444702, 6.324586868286133, 7.252656936645508]}}