{"0": {"train": [15.472139696334299, 15.087977437947037, 16.740930209042915, 16.981153275076636, 16.835334798620572, 16.28419764879939, 15.231265366889476, 14.407074889305177, 13.425591325889815, 12.701070759536785, 11.919132908293596, 11.519202624744551, 11.047659642689885, 10.720593028887091, 10.1609325772735, 9.697574625872786, 9.090485700144756, 8.461039945929837, 8.0899970862781, 7.821233515518562], "valid": [17.76985367484715, 21.28084000297215, 23.28423010784647, 24.72216796875, 24.469137440557066, 23.834276282269023, 22.27580725628397, 21.125545335852582, 20.135659922724184, 18.776425568953805, 17.904318104619566, 17.77344678795856, 17.28811380137568, 16.23421577785326, 16.20952440344769, 15.325548254925272, 14.54549905528193, 13.701004691745924, 13.57397991677989, 12.978020709493887]}, "1": {"train": [14.891301209660252, 14.545981259047172, 16.005174184690055, 16.699314210980074, 16.521304429389474, 16.151326275651396, 15.150599175642881, 14.129234210022139, 13.085324154887601, 12.275541965578167, 11.723899238440906, 11.059664110396799, 10.897888349902077, 10.518456232970028, 10.262453167574932, 10.209803609822037, 9.843624270904291, 9.942524174578509, 9.929902370359333, 9.708743560541553], "valid": [19.65030570652174, 23.192422618036684, 25.08972698709239, 26.14082668138587, 26.11685844089674, 25.232591711956523, 24.01993461277174, 23.403322966202445, 21.668849779211957, 21.066042692764945, 20.241996433423914, 19.060005519701086, 19.198807426120926, 18.560139531674594, 19.085015338400137, 18.718868089758832, 18.785736083984375, 18.833084769870926, 18.600353738536004, 19.03604789402174]}, "2": {"train": [15.184091011899694, 14.876899241101839, 16.017668596730246, 16.708321802622617, 16.5423554048876, 16.053579221304496, 15.231737349923366, 14.303228643349795, 13.190187542574932, 12.424123488589919, 11.615190802218153, 11.190059485162637, 10.801440163594176, 10.516818428559265, 10.025357363334468, 9.384767620699932, 8.910451613589919, 8.46128874318801, 7.957874433221219, 7.626513738398331], "valid": [18.999843431555707, 21.91367373259171, 24.629245923913043, 25.785697605298914, 25.511087168817934, 25.182954207710598, 24.017774498980977, 23.10350501019022, 21.028654679008152, 20.115325927734375, 20.105578878651496, 19.476306417713996, 18.253524116847824, 18.07686581818954, 17.37393851902174, 16.70902683423913, 16.313978112262227, 15.41579006029212, 15.245406441066576, 15.280361009680707]}, "3": {"train": [15.167983052516178, 14.952441140156676, 16.104281308540532, 16.975027141519075, 16.722628310200953, 16.335538027396968, 15.381530928027077, 14.202995279504428, 13.350112956616144, 12.556357900842984, 11.714330522500852, 11.330153628980757, 11.076727344814373, 10.630703377788658, 9.957560443098604, 9.428283525097923, 9.07294050419363, 8.384518158208447, 8.042320147522139, 7.900994324229393], "valid": [17.797304899796195, 21.53307043987772, 23.95211128566576, 25.016872240149457, 24.85384468410326, 23.594620414402176, 23.270974864130434, 22.29264499830163, 20.51467232082201, 19.64991163170856, 18.5269019085428, 18.381748365319293, 18.10636172087296, 17.122565228006113, 16.59852533755095, 15.547615382982338, 15.214474885360055, 14.464058254076088, 14.303953751273777, 14.354250700577445]}, "4": {"train": [15.5347784291143, 14.883701490319293, 16.10836194909137, 16.84843245796535, 16.8103259542714, 16.263398211935293, 15.141916689665422, 14.25655000106148, 13.29526718803074, 12.38838063115659, 11.554065206776494, 11.337953650433084, 10.900791002356488, 10.428879115892494, 10.039375636888588, 9.559341430664062, 10.038541710895041, 8.458436053732168, 8.148793261984121, 7.935978101647419], "valid": [18.56683819110577, 22.229873154189562, 24.949940440418956, 25.79000686813187, 25.879458919986263, 24.853467333447803, 23.884051983173077, 22.457574529962226, 20.855445945655905, 20.659771259014423, 19.222261868990383, 19.047599373282967, 18.328226948832416, 17.61317125257555, 16.977950882125686, 17.871211796016482, 15.65851299579327, 15.436310149811126, 15.072291112208104, 14.82520738538805]}}