{"0": {"train": [10.812397003173828, 10.262392044067383, 9.74617862701416, 9.156344413757324, 9.60070514678955, 9.777992248535156, 9.178657531738281, 9.122669219970703, 9.011037826538086, 8.549802780151367, 8.539783477783203, 8.165292739868164, 7.3906660079956055, 8.257121086120605, 8.053940773010254, 7.721096992492676, 7.406222343444824, 6.967623233795166, 7.184659957885742, 6.658194541931152, 6.741358280181885, 6.451625347137451, 6.383057594299316, 5.3417205810546875, 5.623950958251953, 6.263448715209961, 4.853976249694824, 5.711217880249023, 5.14029598236084, 5.669993877410889, 4.873832702636719, 5.006941795349121, 5.176167964935303, 4.883874416351318, 4.176748275756836, 4.310159683227539, 4.255012512207031, 4.946196556091309, 4.77227783203125, 4.348213195800781, 4.550707817077637, 4.741211891174316, 4.2504706382751465, 4.711548328399658, 3.943969249725342, 4.012057304382324, 4.918803691864014, 4.009230613708496, 3.9856255054473877, 4.446268558502197, 3.929713249206543, 4.816409111022949, 3.9687557220458984, 3.870760917663574, 4.65999174118042, 3.947025775909424, 4.116787433624268, 4.248294830322266, 4.071601867675781, 4.199047565460205, 3.8916404247283936, 3.6245269775390625, 3.901766538619995, 4.190045356750488, 3.778383493423462, 4.19364070892334, 3.528618574142456, 4.4719624519348145, 3.1785683631896973, 3.9006450176239014, 3.4876606464385986, 4.081841945648193, 4.185102939605713, 3.733794689178467, 3.8583455085754395, 3.422170877456665, 4.381336688995361, 4.284628868103027, 4.059998989105225, 4.175137996673584, 3.592350959777832, 3.802234649658203, 3.982837200164795, 3.6446805000305176, 3.670839309692383, 3.607206106185913, 3.8437767028808594, 3.6225597858428955, 3.6150565147399902, 3.7144947052001953, 4.012435436248779, 4.652730464935303, 5.176348686218262, 4.013944149017334, 4.045060634613037, 4.451443672180176, 4.028066635131836, 4.075379371643066, 4.4534173011779785, 3.7970099449157715], "valid": [10.036592271592882, 9.305921766493055, 9.241168551974827, 9.29664527045356, 9.357181972927517, 9.379982842339409, 9.422381930881077, 9.430050320095486, 9.503885904947916, 9.564253913031685, 9.609948052300346, 9.629875183105469, 9.691323174370659, 9.741939968532986, 9.794991387261284, 9.811653137207031, 9.834176805284288, 9.83984120686849, 9.851611667209202, 9.892332288953993, 9.92762925889757, 9.917249043782553, 9.896754794650608, 9.888437906901041, 9.845077514648438, 9.820832146538628, 9.820518493652344, 9.822127448187935, 9.832833184136284, 9.840645684136284, 9.858658684624565, 9.897400750054253, 9.954207526312935, 10.015586853027344, 10.08424546983507, 10.163903130425346, 10.199002583821615, 10.231842041015625, 10.266338772243923, 10.299795362684462, 10.33522203233507, 10.374925401475695, 10.413321601019966, 10.442453172471788, 10.470306396484375, 10.496326870388454, 10.512493557400173, 10.518290201822916, 10.526661343044704, 10.53292507595486, 10.542855156792534, 10.551647610134548, 10.562658521864149, 10.57535892062717, 10.589060465494791, 10.602495829264322, 10.608656141493055, 10.608025444878471, 10.607688056098091, 10.605539957682291, 10.602296617296007, 10.601913452148438, 10.599706013997396, 10.59721459282769, 10.596592373318142, 10.59573025173611, 10.597418891059029, 10.599042256673178, 10.603744506835938, 10.606394449869791, 10.609615749782986, 10.612453036838108, 10.615141974555122, 10.618220011393229, 10.621068318684896, 10.624600728352865, 10.628273010253906, 10.631541781955296, 10.634566413031685, 10.636068556043837, 10.637188381618923, 10.638304816351997, 10.639439900716146, 10.640722486707899, 10.642293294270834, 10.644275241427952, 10.646541171603733, 10.648917304144966, 10.651694403754341, 10.654723273383247, 10.657949659559462, 10.659595913357204, 10.661164177788628, 10.66264428032769, 10.664388020833334, 10.66599612765842, 10.667500813802084, 10.668935987684462, 10.670323689778646, 10.671868218315971]}, "1": {"train": [10.795643525965074, 10.043875301585478, 9.611677281996784, 10.184853946461397, 9.28312324075138, 9.562395881204043, 9.330782722024356, 9.443822524126839, 8.88388869341682, 9.252737606272978, 8.415618896484375, 8.648994894588695, 8.262501436121324, 8.335558723000918, 8.490010878619026, 7.75417283002068, 7.976048189051011, 7.526817770565257, 7.290058809168198, 8.293034273035387, 6.888158461626838, 7.141593035529642, 6.034186419318704, 7.2469922234030335, 6.417895597570083, 5.985224555520451, 6.5793555764591, 5.984903672162225, 6.08382236256319, 5.264896617216222, 6.15794776467716, 5.770745221306296, 5.445685442756204, 5.313775455250459, 5.572695563821232, 4.74313668643727, 5.181114645565257, 5.328270407284007, 5.584860409007353, 5.2231449800379135, 4.528502520392923, 4.66682030172909, 4.765969220329733, 4.781277824850643, 4.407872368307674, 5.221334120806525, 5.729102639590993, 5.7763972562902115, 5.247387156767004, 4.722619898178998, 4.390582813936121, 5.027638603659237, 4.782770942239201, 4.408030341653263, 4.3544446159811585, 5.002795051125919, 5.173435884363511, 4.59956943287569, 4.139035841997932, 4.565812503590303, 4.561426499310662, 4.037721970502068, 4.382714664234834, 4.583182839786305, 4.415516572840073, 4.209552091710708, 4.592908522661994, 3.5532336515538834, 4.9251722448012405, 3.8251360724954044, 5.148819418514476, 3.933476167566636, 4.5585618860581345, 5.128389695111443, 4.6684103573069855, 4.84029343548943, 4.72199608297909, 4.837711109834559, 4.1726392858168655, 4.087869980755975, 4.534970900591682, 4.356094809139476, 4.058394039378447, 4.268125197466682, 4.979041155646829, 4.7396235746495865, 5.124015808105469, 4.531984217026654, 4.061309814453125, 4.053169699276195, 4.40845848532284, 4.277446073644302, 4.406583449419807, 5.021709666532629, 3.9736714082605697, 4.744789123535156, 4.121289870318244, 4.24871826171875, 4.6393603156594665, 4.06895850686466], "valid": [9.482240676879883, 8.78388500213623, 8.990283966064453, 9.159283638000488, 9.362714767456055, 9.495552062988281, 9.478670120239258, 9.374268531799316, 9.21818733215332, 9.109692573547363, 9.109221458435059, 9.097819328308105, 8.965320587158203, 8.939798355102539, 8.974630355834961, 9.01097297668457, 8.98314094543457, 8.983407020568848, 9.024227142333984, 9.04207706451416, 9.073320388793945, 9.10348129272461, 9.144756317138672, 9.198986053466797, 9.231797218322754, 9.244780540466309, 9.237472534179688, 9.223021507263184, 9.19149398803711, 9.16214656829834, 9.13515853881836, 9.12253189086914, 9.10354995727539, 9.099300384521484, 9.122721672058105, 9.138330459594727, 9.153495788574219, 9.16888427734375, 9.17821979522705, 9.186755180358887, 9.191234588623047, 9.186131477355957, 9.186478614807129, 9.192432403564453, 9.205123901367188, 9.221768379211426, 9.223812103271484, 9.215103149414062, 9.204669952392578, 9.187699317932129, 9.173977851867676, 9.158228874206543, 9.137093544006348, 9.11759090423584, 9.100393295288086, 9.083701133728027, 9.064449310302734, 9.056818008422852, 9.050145149230957, 9.044501304626465, 9.041460990905762, 9.041231155395508, 9.042070388793945, 9.042363166809082, 9.045921325683594, 9.052842140197754, 9.057448387145996, 9.062922477722168, 9.065686225891113, 9.067781448364258, 9.069802284240723, 9.073102951049805, 9.076175689697266, 9.078372955322266, 9.08023738861084, 9.081450462341309, 9.082603454589844, 9.084047317504883, 9.086030960083008, 9.08743953704834, 9.089154243469238, 9.091312408447266, 9.093292236328125, 9.094706535339355, 9.094618797302246, 9.093703269958496, 9.09200668334961, 9.09108829498291, 9.090738296508789, 9.090176582336426, 9.089839935302734, 9.089390754699707, 9.08924674987793, 9.088632583618164, 9.088041305541992, 9.087830543518066, 9.087717056274414, 9.087533950805664, 9.087380409240723, 9.087434768676758]},