{"0": {"train": [32.310648383744265, 15.015113872563074, 8.237567911410551, 7.754932581350344, 8.01856924634461, 5.90527614768492, 5.845917991148222, 5.763598520821388, 5.500093579773509, 5.490134322140195, 5.3582497580991975, 5.259284197606078, 5.1432683038274085, 5.317591743119266, 4.899450101239966, 4.8741786571817665, 5.004922614141342, 4.803869875286697, 4.847569815259461, 4.81754900731078], "valid": [23.16460865825688, 10.474905748279816, 7.266664456708716, 6.3224826189793575, 6.118624390768349, 5.715086098767202, 5.6868534081135325, 5.499880841456422, 7.492767524369266, 5.394347763761468, 5.687709468176606, 5.085722297878441, 5.119247867689221, 5.339594054615826, 5.166772774512615, 5.064827802465596, 5.050730898795871, 4.779661607654816, 4.87089834790711, 4.694305655103211]}, "1": {"train": [33.02893886181192, 13.346601383314221, 8.819699012686353, 8.08501301336726, 5.9220562016198395, 6.264300996272936, 5.609934619588589, 5.688101795441514, 5.7022473480504585, 5.545129013761468, 5.370225617295011, 5.683615700258027, 5.1803077515768345, 5.138529063933486, 5.2896182670943235, 5.811151403024656, 5.02614484034547, 4.917651523975057, 4.9673651627006885, 4.925833169079702], "valid": [24.544181837729358, 12.909240252293579, 6.979778347190367, 5.886844717603211, 6.078845416427752, 5.647445169151376, 5.421362797448395, 5.850095416427752, 5.584317122993119, 6.0498898007454125, 5.511841940223624, 5.450112618262614, 5.794474537700688, 5.07450213231078, 5.05605504587156, 5.377868405963302, 5.225230522505734, 5.307094681766055, 4.8450770498853215, 5.10262704271789]}, "2": {"train": [31.109702909977063, 14.457706198036124, 9.274179149942661, 8.334749319094037, 6.531448157074254, 5.7327306120986234, 5.720846787198968, 6.047768039528383, 6.396965668004587, 5.788867030712443, 6.99569806300172, 5.581931645104644, 5.63133842818234, 5.845073667753727, 5.601845098372993, 6.073414340237958, 5.893759832819668, 6.004800655819954, 5.60340793434633, 5.4008381414850914], "valid": [18.95177608944954, 10.671960829988532, 6.576391556766055, 6.971325258027523, 5.9569712227637615, 6.013003064076835, 5.411079594323395, 5.732388994409404, 5.839887292144495, 5.925398329988532, 5.386856454271789, 5.938518671158257, 5.769830490252294, 5.495694792861238, 5.610370645785551, 5.717617904243119, 5.894230038704128, 5.530872545154817, 5.000161625573394, 5.326204128440367]}, "3": {"train": [33.991209324827985, 16.511634846258602, 9.3608056640625, 7.814220631450688, 6.839051323286984, 6.145206735593463, 5.4837445796301605, 5.828419335041571, 5.770736901519496, 5.631936908686926, 6.930216613209575, 5.725635571961009, 5.600432935242259, 5.97475106615539, 6.006581247312213, 5.3662974842316515, 5.266875313575115, 5.249911549419438, 4.928416468069094, 4.780362336045012], "valid": [18.026811209862384, 8.568082532970184, 7.103058163704128, 7.22160138331422, 7.190919581422018, 5.718318879013761, 5.508384819380734, 5.233169079701835, 5.945303003153669, 5.758996201261468, 5.381755751863532, 5.5672971616972475, 5.322514693233945, 6.127083213876147, 5.274129246702982, 5.513599842316514, 5.339310672305046, 5.2502444094036695, 4.8046810493119265, 4.779478569380734]}, "4": {"train": [33.710099268922015, 14.99338813431766, 9.840984670656537, 7.525065447606078, 7.460975778562213, 5.952849815438647, 5.872699030604931, 6.626535174168578, 6.220465972620413, 5.710408946745987, 5.827932016915137, 5.811856364678899, 5.653726750645069, 5.670927174419438, 5.4182722011181195, 5.530890172555906, 5.4190591178684056, 5.361453891019209, 4.9165363164779246, 4.936173935636468], "valid": [20.676196602637614, 12.458398975057339, 8.224974734805047, 6.581332963016055, 6.361760141915138, 6.079918649655963, 5.360050799168578, 5.952923595183487, 5.8245759568520645, 5.796735862241973, 5.919692696387615, 6.3412551067947245, 6.6411013653956426, 5.4491804938360096, 5.538688897649083, 5.314328142918578, 5.200961331708716, 5.3896285478784405, 5.084264531966743, 4.918762184633027]}}