{"0": {"train": [14.215610614950727, 14.811056176656509, 16.387211843150286, 16.821225241506742, 16.16830710256743, 15.068763321366053, 13.889764936138485, 12.818880579778268, 12.023750273518543, 11.43233252560944, 10.955425594852178, 10.929867819631744, 10.935080120672328, 10.163077326731068, 9.38127649077736, 9.019039296510309, 8.395242778097446, 8.065577336861384, 7.803852128784686, 7.562523552985607], "valid": [15.237129148372935, 18.924929784349175, 21.016593491735538, 21.48079158057851, 20.285008958548552, 19.317806527634296, 17.87007481598657, 17.385588842975206, 16.685376380100724, 16.37467111634814, 16.145467458677686, 16.142890867122933, 15.617058367768594, 15.140411124741735, 14.386774236505682, 13.996630455836776, 13.396187774405991, 12.933578617316632, 13.063252598786157, 12.760447604597108]}, "1": {"train": [15.803160861320022, 15.505242438731846, 16.690931391419216, 16.91451937726919, 16.138914749335452, 15.113907303552905, 13.825636741036696, 12.770089177175182, 12.011712925068077, 11.503639569421033, 11.164904329292012, 10.945066839827541, 10.581654148972381, 10.485702071447095, 10.45485525803942, 10.40007481238654, 10.284815871369295, 10.104740126993645, 10.116848134400934, 10.094708327930498], "valid": [17.04324719137397, 19.629180655991735, 21.244850852272727, 20.80304913481405, 20.42242381198347, 18.859972236570247, 18.30806915030992, 17.280277472882233, 16.64736711486312, 16.557140003551137, 16.04288299812758, 16.16694981598657, 15.759176459194215, 16.105249830513948, 15.971195441632231, 15.508861699380166, 15.380584969008265, 15.357654918323863, 15.708301386557334, 15.307680744770146]}, "2": {"train": [14.216451684469009, 14.878605379603215, 16.506730075693724, 16.918210864561722, 16.48988842469528, 15.209550912944113, 13.8140063780472, 12.73970531922653, 12.178761589081951, 11.486802477064964, 11.121140602713304, 10.87431797644904, 10.755872291153397, 10.596356277149248, 10.44593171558934, 10.588148948067946, 10.242977158162605, 10.290900139393154, 10.157510211358922, 10.100980006807573], "valid": [15.195088536286157, 18.85287198153409, 20.63634749483471, 20.60332394434401, 20.072477482567148, 18.707390399018596, 17.512612587164256, 16.77666277924845, 16.120193859762395, 15.573700203383265, 15.110781330707646, 15.258022339876034, 15.174860174005682, 15.273056156379132, 14.975974343039773, 14.987730420325413, 15.016365492639462, 14.899100311531509, 14.703398397146177, 15.044745327027377]}, "3": {"train": [14.23757511241589, 15.391939972745213, 16.54983046632376, 16.94667018471791, 16.316374911037784, 15.070631702494177, 13.8826297736316, 12.680556650734342, 12.06370452817676, 11.538126122137035, 11.229057485766045, 11.009608171988225, 11.333996758944746, 10.546282339787137, 10.474178464269539, 10.347134607919255, 10.439871146318582, 10.28346344057324, 10.27708545629529, 10.09126537631017], "valid": [15.194944254557292, 18.199283854166666, 20.517732747395833, 20.911690266927085, 20.268621826171874, 18.34586181640625, 17.859867350260416, 16.59463602701823, 16.16017049153646, 15.449329630533855, 15.355324300130208, 14.90795186360677, 15.274786376953125, 15.342012532552083, 15.620851643880208, 14.985726928710937, 15.200494384765625, 15.228363037109375, 15.26558329264323, 14.768165079752604]}, "4": {"train": [14.254725359488225, 14.517051933715063, 16.27493342997865, 16.8621421798169, 16.267956972615814, 14.881837706634963, 13.92302013578869, 12.80506382028015, 11.994198500986672, 11.504138764880953, 11.177136660115812, 10.916706345836568, 10.694256073693063, 10.686468847049689, 10.464163896706781, 10.254536314780667, 10.133751657932194, 10.269144062176501, 10.442320640042702, 9.990597047667572], "valid": [20.114019775390624, 19.336673990885416, 21.22518310546875, 21.143098958333333, 20.587221272786458, 19.475227864583335, 18.232132975260416, 17.556624348958334, 17.204024251302084, 16.598614501953126, 16.456058756510416, 16.451524861653645, 15.904524739583334, 15.934364827473958, 16.21150105794271, 15.834776814778646, 16.762422688802083, 15.527623494466146, 16.436782836914062, 16.037293497721354]}}