{"train": [1.8687049627304078, 1.8042258262634276, 1.7569555282592773, 1.612087082862854, 1.5877802848815918, 1.4669280290603637, 1.4811912059783936, 1.4117413759231567, 1.3664559602737427, 1.3133583068847656, 1.2432940483093262, 1.2008118629455566, 1.1679100751876832, 1.1498972177505493, 1.1191900014877318, 1.1164723873138427, 1.0653319835662842, 1.0446392059326173, 1.0310902833938598, 1.0250420689582824, 1.0079297423362732, 0.995432686805725, 0.9799077391624451, 0.9579205989837647, 0.9636983394622802, 0.9580514550209045, 0.9525145411491394, 0.9518527626991272, 0.9400790691375732, 0.9262059450149536, 0.9366232752799988, 0.928682804107666, 0.9231733202934265, 0.9147949695587159, 0.9067772030830383, 0.9056386709213257, 0.9195712566375732, 0.9147721886634826, 0.8879626512527465, 0.8945901155471802, 0.8929643034934998, 0.8962914943695068, 0.892560350894928, 0.9013904452323913, 0.9044201135635376, 0.8800644516944885, 0.8665722727775573, 0.8768744587898254, 0.8817946434020996, 0.8778805375099182, 0.8824992537498474, 0.8691980719566346, 0.8697786092758178, 0.8724527478218078, 0.8714249610900879, 0.8711525201797485, 0.8783284306526185, 0.8691435933113099, 0.8687378168106079, 0.8632845163345337, 0.8669834613800049, 0.8645660161972046, 0.8554538607597351, 0.8621838331222534, 0.867136812210083, 0.8809240221977234, 0.8667627930641174, 0.8645310044288635, 0.8520529270172119, 0.8555123209953308, 0.858796751499176, 0.8529587149620056, 0.8557290196418762, 0.851480495929718, 0.8516210556030274, 0.8512398838996887, 0.8582798123359681, 0.8510766148567199, 0.846646785736084, 0.8441432476043701, 0.8466939091682434, 0.8540897846221924, 0.8497814774513245, 0.8523926854133606, 0.8397806763648987, 0.8444554686546326, 0.8539742946624755, 0.8417024135589599, 0.8596964478492737, 0.8376967549324036, 0.8331857919692993, 0.8558266758918762, 0.8543487906455993, 0.8419366478919983, 0.8499181866645813, 0.846802580356598, 0.8553564429283143, 0.8452952623367309, 0.8238061666488647, 0.8488039970397949], "valid": [0, 0, 0, 0, 0, 0, 0, 0, 0, 0, 0, 0, 0, 0, 0, 0, 0, 0, 0, 0, 0, 0, 0, 0, 0, 0, 0, 0, 0, 0, 0, 0, 0, 0, 0, 0, 0, 0, 0, 0, 0, 0, 0, 0, 0, 0, 0, 0, 0, 0, 0, 0, 0, 0, 0, 0, 0, 0, 0, 0, 0, 0, 0, 0, 0, 0, 0, 0, 0, 0, 0, 0, 0, 0, 0, 0, 0, 0, 0, 0, 0, 0, 0, 0, 0, 0, 0, 0, 0, 0, 0, 0, 0, 0, 0, 0, 0, 0, 0, 0]}