{"0": {"train": [24.234279611723018, 23.598539425375684, 23.608317724342555, 23.7019376494194, 23.507472971098018, 23.267336652578553, 22.082359439036885, 21.310328082308743, 19.86861232069672, 18.5378084443306, 17.485319544057376, 16.43655345478996, 15.524590830985314, 14.569980975708674, 13.695010992998634, 13.00712943989071, 12.753145811987705, 12.1068115234375, 11.737408080387636, 11.53847049233692], "valid": [41.17537257982337, 46.415219514266305, 44.848935334578805, 46.32151728091033, 46.25902258831522, 45.15088952105978, 43.63657545006794, 41.97168499490489, 40.15379267153533, 37.4383544921875, 35.67066491168478, 33.30969769021739, 31.04608685037364, 29.916153617527176, 28.30942435886549, 27.349460767663043, 26.825208581012227, 26.33107326341712, 24.85239310886549, 24.46675441576087]}, "1": {"train": [24.229041928150615, 23.459026399205943, 23.453081641692282, 23.840547488686816, 23.456702393912227, 23.05394573941257, 22.049922088456285, 21.01002043843921, 20.095955937286544, 18.553392754226433, 17.360831172088456, 16.311027151639344, 15.314348398010587, 14.402365762679302, 13.589059965206626, 13.04608321059597, 12.806698658427255, 12.199440210894808, 11.91857409868084, 11.397461271025444], "valid": [40.80137567934783, 43.58372696586277, 45.09749702785326, 45.86448072350544, 45.32506262737772, 44.89797575577445, 42.96624225118886, 41.14298944887908, 38.60154657778533, 36.593752653702445, 34.58932893172555, 32.684326171875, 31.241269318953805, 29.554374363111414, 27.83115818189538, 27.56956946331522, 26.379304305366848, 25.56566852072011, 24.90905230978261, 25.250074303668477]}, "2": {"train": [24.63234689848019, 23.760438012295083, 24.073050743895152, 24.314118265454233, 23.504913496840846, 23.01451702847507, 21.974568684895832, 21.053973088498974, 20.072603819800204, 18.664808929943646, 17.617191502305328, 16.320651361851095, 15.480240618596312, 14.464016606898907, 13.577955569074453, 13.286044761782787, 12.464605612832992, 12.062410948706455, 11.864294500298838, 11.677833765582308], "valid": [40.73882525900136, 43.84208878226902, 45.712943699048914, 46.69279679008152, 46.634463102921195, 45.6080322265625, 44.3208352793818, 42.63801375679348, 39.90345565132473, 37.39536185886549, 36.029665739639945, 33.39052946671195, 31.414970066236414, 29.96777874490489, 28.988015879755434, 27.93863578464674, 26.77668297809103, 26.630668308423914, 25.555345618206523, 25.66853664232337]}, "3": {"train": [23.74285721909153, 23.032016441470287, 23.3962235581028, 23.397063375170767, 23.347213328210383, 22.829140251451502, 21.91370896302937, 21.024560813695356, 19.692664975025615, 18.52646591103142, 17.187271868596312, 16.506603136740097, 15.1289229262722, 14.520889365607923, 13.621758132684427, 12.923017658171107, 12.526804772882514, 12.162171077207137, 11.974569351946721, 11.535643197148223], "valid": [41.38022248641305, 44.22812818444294, 46.42017132302989, 47.14487092391305, 47.369321076766305, 46.26502526324728, 44.87240998641305, 42.7630960215693, 41.01726764181386, 38.452201511548914, 36.84901494565217, 34.3952344811481, 32.49094025985055, 31.40355914572011, 29.90418011209239, 28.495156993036684, 28.003555961277176, 26.52033001443614, 26.976737644361414, 26.263180940047555]}, "4": {"train": [24.153867638629414, 23.324483456818953, 23.49581113068954, 25.80072950280231, 23.387021935504414, 22.60562797214674, 22.16649329144022, 21.102253789487094, 19.8875035824983, 18.54962622601053, 17.601115351137906, 16.15507308296535, 15.340635216754416, 14.426671567170516, 13.783308609672215, 12.929416822350543, 12.72076946756114, 12.355392124341881, 11.914915665336277, 11.648995109226393], "valid": [41.276611328125, 44.143535698784724, 45.55378146701389, 46.714458550347224, 46.54692925347222, 45.91573350694444, 44.12004937065972, 42.48602430555555, 40.300922309027776, 37.512668185763886, 35.570941840277776, 32.97371690538194, 31.215294053819445, 29.9708251953125, 28.551576063368056, 27.4785888671875, 25.73418511284722, 25.534627278645832, 25.189501953125, 24.57160915798611]}}