{"0": {"train": [7.431037806381276, 5.6752971482827315, 5.645659272336139, 5.661551010394629, 5.671764828076333, 5.6878943661710375, 5.723466100863984, 5.783085306907758, 5.81975996018155, 5.840513621463405, 5.8671883009606205, 5.964965343650071, 5.943234996858557, 5.278858063202631, 5.064416934999191, 5.036966156811014, 5.0496773725029485, 5.087617400977672, 5.092825523703559, 5.106626447018532], "valid": [5.71502157723611, 5.58267585416118, 5.617952966742482, 5.639319453758388, 5.636744268912891, 5.7089374524064445, 5.779579640657922, 5.849603291613228, 5.818423496580421, 5.823498137052263, 5.901657590939475, 5.976018338816731, 5.878828765097534, 5.1310670600351544, 5.047847458450469, 5.068243175603042, 5.090374637322794, 5.073891941292812, 5.115711009471833, 5.0900771160971425]}, "1": {"train": [7.359317298685076, 5.602481327636987, 5.665559724644892, 5.69560555932984, 5.713930284465875, 5.714826615313638, 5.75519193297736, 5.776421517231999, 5.752751443708454, 5.80161240949173, 5.929932311586776, 5.85651951528111, 5.890008075807766, 5.260545064521474, 5.0708832550328395, 5.044870510080351, 5.054525251657633, 5.093579995059932, 5.079452968945474, 5.133236332575713], "valid": [5.747510329232892, 5.607581049498729, 5.715685505096447, 5.741117293601422, 5.751970927852464, 5.75468225084237, 5.75222773847234, 5.823054228741068, 5.7387359831611855, 5.908669644723056, 5.932101754663453, 5.868034153117414, 5.808220549877331, 5.104994122822148, 5.069502000539632, 5.0791356697236285, 5.0902500509036335, 5.119129470260469, 5.140444276445556, 5.110857406174494]}, "2": {"train": [7.455639763339704, 5.642183916784547, 5.627445374709339, 5.649317973784449, 5.624099781767446, 5.6917088761265004, 5.727204979448888, 5.755248053338598, 5.778852601853339, 5.805450554075762, 5.878457491194298, 5.844854162655806, 5.9118167210429, 5.243317967153111, 5.018389671440306, 5.003876284567504, 4.997979597103557, 4.980382096684429, 5.020116324475415, 5.039637793809689], "valid": [5.803799510045819, 5.644205604293225, 5.64770969657856, 5.752475189175437, 5.660875934783947, 5.7640077696479075, 5.710936890543053, 5.865166887428002, 5.826511918428225, 5.949371449717588, 5.984884506007523, 5.981534516868158, 5.96202197551902, 5.091343847199996, 5.034506803731334, 5.047004394978558, 5.041218272230484, 5.074776721813164, 5.069952193526132, 5.067322940344162]}, "3": {"train": [7.469765820753098, 5.644987833897418, 5.586972501872878, 5.702457778835611, 5.703146434433078, 5.695743956378896, 5.739360802336987, 5.805677323779941, 5.793664665963021, 5.820306837362176, 5.8033834186916, 5.945843172055891, 5.8547810365446935, 5.944456099764949, 5.278874483594269, 5.0627521893706415, 5.0332127756668825, 5.056528410836426, 5.077441727472951, 5.069861802394332], "valid": [5.732125287529486, 5.669680384674017, 5.595859112430292, 5.702394339399663, 5.751359620169433, 5.740958583184589, 5.7493820777521245, 5.734496969668234, 5.85817940202813, 5.7725706062023345, 5.9232263841136295, 5.872409137014331, 5.819713688980052, 5.951047993090704, 5.1393507764906445, 5.057545998455535, 5.03425784895559, 5.044157733407026, 5.1032796701086705, 5.107821415963738]}, "4": {"train": [7.390552410322828, 5.62703752640011, 5.635532347000139, 5.663131388171158, 5.686614333250969, 5.71478584879438, 5.741910328485888, 5.833397184199315, 5.774524309906867, 5.8154090358556605, 5.88498591433169, 5.852856623117371, 5.937940683501157, 5.277335174269797, 5.052066535991642, 5.02560165366134, 5.046487472047732, 5.0583856120656465, 5.069224341180395, 5.061141854548638], "valid": [5.758195451433818, 5.591643437224459, 5.7019472160632905, 5.6960072865106985, 5.696827990181414, 5.725159049252531, 5.772417459176896, 5.760195756229388, 5.886125049472248, 5.876551397819141, 5.859705571684483, 5.950354744200744, 5.943850149991269, 5.095194977690074, 5.0752748885666685, 5.083380235425278, 5.08191331728512, 5.077898919429479, 5.090556339363163, 5.083712126667922]}}