{"0": {"train": [3.852732672583945, 3.2453183703005224, 2.981084864197491, 2.801847514507244, 2.6855272278469715, 2.6051855535228046, 2.5593901714463034, 2.5341908587021265, 2.5038852949636694, 2.4839026373517368, 2.448405824656118, 2.4182836463890514, 2.3981141999187927, 2.3943827149217896, 2.373382206162411, 2.3824661421529547, 2.3511973982342504, 2.3520057495995133, 2.362120196469796, 2.3516680122208617], "valid": [3.312107415400808, 3.0007550309674476, 2.807293232226493, 2.6815233669775513, 2.5999522831816213, 2.5682364592851936, 2.5681608933252007, 2.59046615396461, 2.566339875080465, 2.579511401977033, 2.5726795036213854, 2.5743872668597207, 2.5985871318728173, 2.583965935113798, 2.585807120177652, 2.632056594727603, 2.6161516292766662, 2.663674814398788, 2.6606031860192596, 2.660299997294713]}, "1": {"train": [3.832766396029723, 3.266341329852273, 2.972569842991572, 2.7993255758848634, 2.6870579860250428, 2.617342408299605, 2.556418292064533, 2.525056840174753, 2.4761156230114394, 2.419420240333745, 2.418434219163898, 2.408058412409451, 2.3938845053200937, 2.3701565034836807, 2.350319519503618, 2.3412001478240523, 2.341675061206048, 2.3475696551188325, 2.352127505586468, 2.223187424041606], "valid": [3.2931928827704176, 2.9906273497848717, 2.7832167020165257, 2.6769096525347384, 2.600332331259434, 2.5905014151890096, 2.5825318148732537, 2.560345784861674, 2.573374995144356, 2.5805402132298263, 2.5958348993748706, 2.5734994210222566, 2.6058050467020464, 2.6289213010513164, 2.6122205085524075, 2.611234769463271, 2.655496948863594, 2.6782604609069787, 2.683522201507377, 2.615088958577657]}, "2": {"train": [3.845738315009286, 3.258041213382736, 2.9795395892373544, 2.802648459351045, 2.6923519291119735, 2.60633565262712, 2.528391212781543, 2.507462861605888, 2.4795006562250275, 2.4361174806392807, 2.415428038555417, 2.416523835212138, 2.3907870402378317, 2.3835356294002685, 2.370619588108962, 2.361850346182981, 2.3454011267971038, 2.340241397104933, 2.3341982392104397, 2.2373572196083185], "valid": [3.297653788939953, 2.9910010103785925, 2.7958602354316806, 2.6630534364780027, 2.632212481132355, 2.557438547489586, 2.577079721466386, 2.53832870524946, 2.563608878799426, 2.5609795042109993, 2.580892066779441, 2.5709468696587914, 2.594890642804028, 2.5788744816600015, 2.625127323367856, 2.6161618174583063, 2.6329421283536316, 2.6396349544170636, 2.667460207997292, 2.572590678573939]}, "3": {"train": [3.857397032810766, 3.286124878607103, 3.0055764211639846, 2.800904550499445, 2.6825095380133184, 2.597534842651683, 2.538275917383463, 2.4948639387948575, 2.4667216836616723, 2.434361805748243, 2.398530777434795, 2.395475701188494, 2.373210856571402, 2.360845674944506, 2.3321899278579354, 2.35982858311367, 2.314585110872179, 2.322421520937384, 2.3155130584073254, 2.3045975247410286], "valid": [3.356056447775151, 3.080691417580507, 2.8459956298351203, 2.7144839196986177, 2.6327887406211152, 2.6272281643792916, 2.598450144209602, 2.6138270220098563, 2.5691997690888977, 2.5894727626180223, 2.6173645680718347, 2.6110756021123764, 2.6246716031834563, 2.646992152236688, 2.6680427885024494, 2.6780202968685254, 2.7194657296106377, 2.71594158071668, 2.7395400057068757, 2.7710133713275282]}, "4": {"train": [3.8381238294256383, 3.254518691615797, 2.971253518948853, 2.8016066927950427, 2.6964065823853125, 2.6283997236866443, 2.5759531076581577, 2.520492320454125, 2.4769697514913984, 2.4444762330049943, 2.4345001430701996, 2.4067197038013317, 2.3981384110247874, 2.394329867855161, 2.366856848871624, 2.3699377211084904, 2.377980672516648, 2.354723231421106, 2.242178944691084, 2.117913400619682], "valid": [3.310922906191729, 2.9685921966800226, 2.786199877827077, 2.686111536005113, 2.6385299690746535, 2.570895284034992, 2.567508257395815, 2.5742989017732936, 2.571416595735382, 2.6187078690137926, 2.592726944846793, 2.603480130453442, 2.6450129338312283, 2.608588389687574, 2.6175413832305727, 2.6375806055716495, 2.671587430583304, 2.69280272050091, 2.5837624329187756, 2.5393831070931747]}}