{"0": {"train": [11.939845900888924, 12.214459666059469, 12.763123274574584, 12.640476290486212, 12.914749922921569, 12.813876225947759, 12.853722981299406, 12.812631455259625, 12.927007365115104, 12.883825667683064, 12.843792982421403, 12.878047122499547, 8.007713631002218, 7.724037784813051, 7.830974381557559, 7.878423828596428, 7.921023466610661, 7.909179561982373, 7.944037923589582, 7.9630848720733765], "valid": [12.071409148121006, 12.263620584160423, 12.573409731290308, 12.632108867937252, 13.013487326976387, 13.059867983224576, 12.926699044889139, 13.188953699306548, 12.570972200138666, 12.925653216184553, 12.801177330308782, 13.082803738129188, 7.660581379403771, 7.833933652225329, 7.916988024833516, 7.963275141298721, 7.933732100911257, 7.966131748780787, 7.890716918087322, 8.106169461596286]}, "1": {"train": [11.97033657109884, 12.319720416261239, 12.670889348963048, 12.801367988927106, 12.800413686064974, 12.869012753769535, 12.960020963211667, 13.048992837716668, 12.77671325079577, 12.71963813680455, 12.886772939436625, 12.96606677490647, 12.794503352676012, 7.895065463041011, 7.696424343984771, 7.816737511644265, 7.87917823992229, 7.928216758394713, 7.917956017916139, 7.9795652894377564], "valid": [12.42542062542692, 12.245235957850396, 12.600824161764368, 12.572585726038428, 12.817702088547902, 13.613027586627211, 13.803582220120974, 12.682805431481171, 12.831165943365258, 13.197339657292712, 13.369121202365896, 12.876704232429569, 12.538682353793954, 7.555423365621168, 7.973074748837056, 7.925296641136399, 7.974557339311834, 7.9035985063768095, 7.908877248330182, 7.871653001649302]}, "2": {"train": [11.903703665727583, 12.326490630845704, 12.807611985295226, 12.868570853934724, 12.860289144292707, 12.856732362475109, 12.913618024991326, 12.823225146566875, 12.952188300248537, 12.83853445735842, 12.783931725953416, 12.777021832052936, 7.9807116734575825, 7.7091064429553615, 7.848482944452616, 7.903102211773812, 7.934958108344459, 7.929818762563548, 7.959833056251697, 7.930945307432152], "valid": [12.266088979386211, 12.449963758873315, 12.699239209765052, 13.352346057144935, 13.245309570576497, 12.361626776284744, 12.447831493073323, 12.875554341777113, 12.997381564925755, 12.932527282389561, 12.617435360153715, 13.280678394706845, 7.641577635417622, 7.702272306291848, 7.815660451492895, 7.938191721556665, 7.898034393129049, 7.910637087478337, 7.95808473461667, 7.949806786747322]}, "3": {"train": [11.986928291366839, 12.314988094093199, 12.678794720811082, 12.786667928914358, 12.793068730388608, 12.863014338238067, 12.991968949649635, 12.755392395211048, 12.83312813027999, 12.851710129944333, 12.937423176140477, 12.884563150334525, 7.959770247937975, 7.653858404801774, 7.810844606937719, 7.918825012987833, 7.880152790309897, 7.926684057634866, 7.893588695116386, 7.942124855507407], "valid": [11.831242969195024, 12.851017619685665, 12.837202012479061, 12.847274152102079, 13.490515088633588, 13.555872846388159, 12.943463672659448, 12.613483608390517, 13.03938201175948, 12.863513572046433, 12.91218889465827, 12.999900845567204, 7.57256781667266, 8.03337112135654, 7.954012814733415, 7.802201619689286, 7.984081732367718, 8.021425348106403, 8.061611282491238, 8.061071205978882]}, "4": {"train": [11.97529157793383, 12.11767998045178, 12.734528130027256, 12.870941505069723, 12.870272178470172, 12.693908529943819, 12.867606529188109, 12.897069075249922, 12.899332262332203, 12.746554914989959, 12.889829403886171, 12.859251947948774, 7.955361266462851, 7.6570446299909944, 7.813361288636239, 7.9400336372444436, 7.864200498051024, 7.969773450836561, 7.950366291197293, 7.958192629234813], "valid": [11.92837090334426, 12.692572463932095, 13.023364407730854, 12.566951655800132, 12.551784349934406, 12.36625807220762, 13.08818102345168, 12.687708042359723, 12.668976243767922, 12.907235378453516, 12.985843459705265, 12.729335070236466, 7.642495040531134, 7.610332084900027, 7.901813581184768, 7.87253294969698, 7.997663911393614, 7.867815030885821, 7.880371909343561, 8.067943551930512]}}