{"0": {"train": [13.734900529902571, 15.586818106731965, 17.08881536328773, 16.419426913285136, 15.086602914788038, 13.668249127085925, 12.558110124831572, 11.820837625025913, 11.3487971924233, 11.047488590575767, 10.78177310064262, 10.631836342376658, 10.587910463956261, 10.431172182706261, 10.398647630985696, 10.274235309455328, 10.163675235476264, 10.129044110502177, 10.015080643332816, 9.996898847235178], "valid": [20.80543609012831, 26.636297567001243, 28.16501157646937, 26.94983071838783, 24.66708353813121, 23.00302993067053, 20.851275513503726, 20.5723876953125, 19.74923847526904, 19.28646587851821, 19.708388979071813, 19.522709120188328, 19.386818184757864, 19.266183613151902, 19.045557287355134, 18.846263354977236, 18.86107509183568, 18.855680149912043, 19.04426382709023, 18.926136143160182]}, "1": {"train": [15.94272898204291, 16.542658412041355, 17.381238946867228, 16.71600169724295, 15.194202733079395, 13.59559097416563, 12.371479395017102, 12.026453426228233, 11.451896604218492, 10.984785747369921, 11.019674576337065, 10.794573883512127, 10.749642089033996, 10.528227190868574, 10.496002652751866, 10.405658070325456, 10.227308890119714, 10.230940228868677, 10.13002492420709, 10.065109025186567], "valid": [22.82715813845199, 27.52221841370033, 28.31063418356788, 26.383534412510347, 24.446998848820364, 22.219894712334437, 21.09408872490687, 20.159351879397764, 19.597629168175704, 19.777404380949918, 19.35233291727028, 19.4104755730029, 19.11120443786217, 19.282077814569536, 19.005803594526075, 19.063059825770903, 18.765600747620034, 18.70250130962852, 18.51671635709851, 18.34982481697537]}, "2": {"train": [16.10572969300632, 16.776745544737253, 17.501102884017413, 16.601484156366606, 15.126914054402468, 13.789925697035654, 12.613232057486007, 11.900060852961754, 11.57556172587583, 11.182793106408063, 10.971349105708438, 10.816549981213724, 10.649185914503006, 10.54701954096704, 10.318652910577322, 10.42597093471445, 10.198362840744196, 10.058889714837273, 10.085238075572658, 9.971539195299544], "valid": [22.599965076572847, 26.888893380070364, 27.583521154542634, 26.246861742032284, 24.377174630070364, 22.222241534302565, 20.983450175910598, 20.05632534406043, 19.497043230675704, 19.514685624482617, 19.279105685404595, 19.184982602959437, 19.03772861910182, 18.87568876759106, 18.370925600165563, 18.58006842404801, 18.193187587308568, 18.329119347578644, 18.411983666830505, 18.574071618894866]}, "3": {"train": [15.84277080580172, 16.45730757831934, 17.03901270017102, 16.413478060543635, 15.040454061074835, 13.634645174194134, 12.455695764342352, 11.806892863158167, 11.315557223647389, 11.070625267218595, 10.75823336928638, 10.599474146196103, 10.548091451920087, 10.414449157208749, 10.245810943654126, 10.190503375051824, 10.120717214707712, 10.02835513189262, 10.04189015858209, 9.945333553586236], "valid": [23.29723959411217, 27.38737679790977, 28.536657472319952, 27.145738210109684, 25.085015909561257, 23.25547457057119, 21.946280978373345, 21.264667839403973, 20.662608974027318, 20.30261392151283, 20.178723872102648, 20.18701010192467, 20.070354133252277, 20.625046079521937, 20.0285385839197, 19.490027421357617, 19.45064155629139, 20.093143690500828, 19.78378114005588, 19.544414191846027]}, "4": {"train": [16.17041298569433, 16.52274307352028, 17.4134034415744, 16.85411142513452, 15.181060184706126, 13.92726792089197, 12.750187753841576, 12.163138282220094, 11.637429748939363, 11.140701799203228, 10.959361095302153, 10.959582196166183, 10.798754963653767, 10.734306082820261, 10.546156927449815, 10.466226741967612, 10.318326836390211, 10.324721178471647, 10.12639713918926, 10.135097074192881], "valid": [21.589032389322917, 26.16729736328125, 26.7913916015625, 25.866266276041667, 23.639703776041667, 21.843642578125, 20.030986328125, 19.384734700520834, 19.34008056640625, 18.58695597330729, 18.406366373697917, 17.947431640625, 18.2168212890625, 17.55309366861979, 17.53031494140625, 17.596431070963543, 17.360547688802082, 17.63732828776042, 17.24271728515625, 17.59387939453125]}}