{"0": {"train": [0.0363996379515704, 0.03600840358173146, 0.03562457771862254, 0.03524900534573723, 0.03487936889424043, 0.03451524762546315], "valid": [0.06760124365488689, 0.06703837712605794, 0.06648670964770848, 0.06594665845235188, 0.06541693872875637, 0.06489970286687215]}, "1": {"train": [0.039762640700620765, 0.03923950475804946, 0.038732455057256365, 0.03824133031508502, 0.03776562213897705, 0.03730448554543888], "valid": [0.07272128264109294, 0.07177795966466267, 0.07086409462822808, 0.06997974713643391, 0.06912070512771606, 0.06829188267389934]}, "2": {"train": [0.039112581147087946, 0.03855545984374152, 0.03801611397001478, 0.0374943647119734, 0.03698872195349799, 0.03649905655119154], "valid": [0.08862119168043137, 0.0875294879078865, 0.08647745102643967, 0.08546605706214905, 0.08449434489011765, 0.08356335759162903]}}