{"0": {"train": [3.881575271299797, 3.4653305860750807, 3.236456745567822, 3.0288070040575885, 2.86845048894314, 2.7749910630382986, 2.7344363765788247, 2.7150852676325212, 2.725363727404401, 2.712440901016848, 2.7620284943404636, 2.7997978373708823, 2.784732784845133, 2.8197948383438898, 2.8518164894920752, 2.877731134917831, 2.89738021725488, 2.9757951626989487, 2.990308830411845, 3.0294421150793944], "valid": [3.4027598107709283, 3.272601173123594, 3.1422639315941496, 2.9438359145513013, 2.7682848813280603, 2.7186079868638644, 2.668793978261513, 2.6632538401785584, 2.657283421224344, 2.6999641636130063, 2.744828825831286, 2.7849628046107346, 2.8517090942050434, 2.8704946993708935, 2.9438129586271384, 2.986630222649776, 3.039654960826514, 3.102921661236053, 3.2095992064721575, 3.2380034811499274]}, "1": {"train": [3.8888965852482094, 3.4611444635002, 3.2152347276226805, 3.0069641534188447, 2.859789649587859, 2.78135142237584, 2.7367655649963374, 2.7286090266550374, 2.719112579935515, 2.7399182863416405, 2.7474183539758266, 2.7743939745686212, 2.802756211593031, 2.8398929148507563, 2.8783545111192916, 2.8880454278018357, 2.908351884080323, 2.959891092196148, 2.9878114091819707, 2.8776335205779033], "valid": [3.4401116428169765, 3.2922775794221506, 3.1143717828468134, 2.899322441121848, 2.7646275481148077, 2.689435118653442, 2.656071627339033, 2.6414966892600553, 2.6637922747397376, 2.6630160220067034, 2.721497817619236, 2.7557217406142716, 2.824793175577313, 2.8497268642435922, 2.910481274671296, 3.0121936637776354, 3.0749554783688, 3.1508765868129034, 3.2314943891877292, 2.985359214474721]}, "2": {"train": [3.87719932499926, 3.467764412382629, 3.233267598588677, 3.0231487179217416, 2.8798141955948293, 2.7899511452837813, 2.7403909380248876, 2.7379629719016374, 2.738292392298628, 2.736991062864878, 2.787369246353997, 2.7865784249605063, 2.821127882141245, 2.8067944277407917, 2.875588287354419, 2.914294110958449, 2.9452041696880458, 2.958758299061492, 3.0187526042052046, 2.865318021724332], "valid": [3.391894808715372, 3.2812107213082307, 3.114555473594083, 2.9094336983775673, 2.8023816182427934, 2.7125553615674387, 2.698516256811775, 2.680408801583125, 2.719008187309474, 2.735597581796792, 2.7804930542324566, 2.825592550424707, 2.8809530484658015, 2.977708273023152, 3.0135944159168937, 3.068380820761069, 3.1375802727553976, 3.170760933176165, 3.221387619067328, 3.055829978121855]}, "3": {"train": [3.870750974033481, 3.4594353929661485, 3.2216600334119496, 3.0133210639798373, 2.874073931164447, 2.788548849079726, 2.752418551146874, 2.7253795551239364, 2.738537685268683, 2.767704575934147, 2.780571955639567, 2.80575069945431, 2.8346190864317427, 2.8707675065899, 2.8636643891046987, 2.91272465634249, 2.9610407995745467, 2.9832621378445245, 2.848437904642989, 2.685719758717166], "valid": [3.418074272569907, 3.30029127061921, 3.1520802001013735, 2.966795487591014, 2.814890072117519, 2.7693643273563753, 2.7130053030239965, 2.7301695899374, 2.7464998128154043, 2.778953505728149, 2.8190612594251316, 2.843882801053876, 2.925652640077436, 2.9339657707126285, 2.9718226917907935, 3.0425731361085213, 3.14360026966606, 3.2272536464576675, 2.995822887299843, 2.992095511893795]}, "4": {"train": [3.8611115181626894, 3.462677797239179, 3.2323311916157973, 3.0256385049597667, 2.8608444176609322, 2.780483981918239, 2.745584485120699, 2.7311325234692934, 2.730047487745098, 2.726993336397059, 2.760210284290603, 2.7915057488207546, 2.8184322974472806, 2.8593691326766555, 2.8748622335136886, 2.9045105120467998, 2.950371476715686, 2.993454458876711, 2.875750034683685, 2.667529257133278], "valid": [3.395794037864241, 3.2609474156385967, 3.0976759916736962, 2.8949626041250442, 2.7648165379960448, 2.6760570553446694, 2.6400891855400537, 2.6444330546838004, 2.6478389486399694, 2.682972898930955, 2.709272312947208, 2.7805051131223917, 2.793024296942058, 2.8794744012058433, 2.931724389817528, 2.9843797403140355, 3.078185561847455, 3.1446629093318976, 2.920490221310232, 2.887752355242371]}}