{"0": {"train": [11.022644805908204, 8.765536499023437], "valid": [9.142388916015625, 7.596235656738282]}, "1": {"train": [11.737589263916016, 8.152758026123047], "valid": [8.911748504638672, 9.35989990234375]}, "2": {"train": [11.040270233154297, 7.894692230224609], "valid": [9.016309356689453, 9.807284545898437]}, "3": {"train": [10.97668228149414, 8.068024444580079], "valid": [8.683895111083984, 8.816743469238281]}, "4": {"train": [11.099440002441407, 7.511186981201172], "valid": [11.203110504150391, 13.246295166015624]}}