{"0": {"train": [92.08143107096355, 92.0814208984375, 91.46044921875, 75.92671712239583, 87.38536580403645, 76.9748026529948, 51.1229248046875, 53.59483337402344, 50.161946614583336, 40.50723775227865, 27.828099568684895, 16.501116434733074, 19.23606236775716, 17.69339879353841, 17.663258870442707, 13.182875315348307, 14.239032745361328, 8.885878880818685, 10.064828872680664, 10.54066276550293], "valid": [41.43994140625, 41.43994140625, 41.43994140625, 40.68345642089844, 37.278602600097656, 33.784202575683594, 29.076826095581055, 26.23686981201172, 27.33513641357422, 30.0799617767334, 33.392818450927734, 38.840599060058594, 44.7799186706543, 49.83157730102539, 52.908119201660156, 54.33528137207031, 54.34567642211914, 53.95067596435547, 52.77067565917969, 51.739097595214844]}, "1": {"train": [43.194091796875, 36.8551025390625, 35.82323455810547, 19.237991333007812, 21.273927052815754, 14.336373647054037, 14.607533772786459, 7.945170084635417, 8.591793696085611, 6.10211181640625, 6.654325485229492, 6.624159495035808, 4.71433703104655, 4.911023457845052, 5.974629084269206, 3.831421216328939, 2.2422213554382324, 2.109342575073242, 0.8767382303873698, 1.315810203552246], "valid": [47.14310073852539, 31.82375144958496, 20.05320930480957, 14.036863327026367, 10.909895896911621, 9.035106658935547, 8.761183738708496, 10.000869750976562, 11.200835227966309, 12.419508934020996, 12.654635429382324, 12.39215087890625, 12.411869049072266, 12.508916854858398, 12.824728965759277, 13.258049964904785, 13.59335994720459, 13.711109161376953, 13.756534576416016, 13.696624755859375]}, "2": {"train": [50.0257453918457, 37.7237434387207, 13.848538398742676, 10.79964542388916, 25.98994255065918, 13.022791862487793, 9.851957321166992, 9.415864944458008, 4.69490385055542, 11.283722877502441, 6.735967636108398, 4.970455646514893, 7.9501633644104, 7.2834577560424805, 2.0760080814361572, 2.0445566177368164, 1.4183814525604248, 0.04772393777966499, 0.4183879792690277, 1.0168789625167847], "valid": [83.80088806152344, 84.915283203125, 62.99421691894531, 43.37281036376953, 31.772296905517578, 25.456472396850586, 20.904460906982422, 19.35284423828125, 18.758756637573242, 20.83586883544922, 21.615598678588867, 20.602962493896484, 18.96336555480957, 16.31100845336914, 14.36254596710205, 12.64012622833252, 11.328822135925293, 10.306815147399902, 9.284103393554688, 8.638814926147461]}}