{"train": [1.4759788115819295, 1.4487383762995403, 1.4262267748514812, 1.3484353224436443, 1.3222000201543171, 1.2422589858373005, 1.2556605339050293, 1.2096400658289592, 1.2164416710535686, 1.2046693960825603, 1.15746009349823, 1.1336443026860554, 1.1395306587219238, 1.1199835538864136, 1.0693010091781616, 1.0631181796391804, 1.072354515393575, 1.0681423743565877, 1.042471448580424, 1.0330227613449097, 1.0300213098526, 1.0141653617223103, 1.0135100483894348, 1.0217265288035076, 0.9999589920043945, 1.0008292992909749, 0.9861089785893759, 0.9915270407994589, 1.0004741350809734, 0.9612451593081156, 0.9440650939941406, 0.9724083344141642, 0.9485162695248922, 0.9376165866851807, 0.9649624625841776, 0.9332955678304037, 0.952913502852122, 0.9457934697469076, 0.9330032070477804, 0.9387789567311605, 0.9321898023287455, 0.9394012689590454, 0.9148767590522766, 0.9295229514439901, 0.9056307077407837, 0.9102306962013245, 0.9032418529192606, 0.9162777066230774, 0.9114721814791361, 0.9028526544570923, 0.8922773798306783, 0.893549919128418, 0.9078628619511923, 0.8927038510640463, 0.8947906096776327, 0.8926038146018982, 0.8947931528091431, 0.884019116560618, 0.8861310482025146, 0.8899724880854288, 0.8882283767064413, 0.8916292786598206, 0.8784852425257365, 0.8909921050071716, 0.8760136961936951, 0.8881473541259766, 0.87717205286026, 0.8915228446324667, 0.8900288343429565, 0.8673104445139567, 0.8746356169382731, 0.874772826830546, 0.8776008486747742, 0.8689717650413513, 0.8529101212819418, 0.8708149393399557, 0.8684880137443542, 0.871904452641805, 0.8631678422292074, 0.8575031359990438, 0.8653428753217062, 0.8820014794667562, 0.8752573728561401, 0.8824459513028463, 0.8672341505686442, 0.8596740563710531, 0.8667880694071451, 0.8490743637084961, 0.8614639043807983, 0.8638328512509664, 0.8738701740900675, 0.8756066958109537, 0.8477442065874735, 0.8710322976112366, 0.854428231716156, 0.8518696626027426, 0.8654175798098246, 0.864193061987559, 0.8549502889315287, 0.8570174773534139], "valid": [0, 0, 0, 0, 0, 0, 0, 0, 0, 0, 0, 0, 0, 0, 0, 0, 0, 0, 0, 0, 0, 0, 0, 0, 0, 0, 0, 0, 0, 0, 0, 0, 0, 0, 0, 0, 0, 0, 0, 0, 0, 0, 0, 0, 0, 0, 0, 0, 0, 0, 0, 0, 0, 0, 0, 0, 0, 0, 0, 0, 0, 0, 0, 0, 0, 0, 0, 0, 0, 0, 0, 0, 0, 0, 0, 0, 0, 0, 0, 0, 0, 0, 0, 0, 0, 0, 0, 0, 0, 0, 0, 0, 0, 0, 0, 0, 0, 0, 0, 0]}