{"train": [1.9923859039942424, 1.9191667636235554, 1.8556508620580037, 1.7976062695185344, 1.732837478319804, 1.693339506785075, 1.6697880427042644, 1.5932385524113972, 1.527829686800639, 1.459517002105713, 1.4652899503707886, 1.423349658648173, 1.3701508442560832, 1.3563843965530396, 1.3684076070785522, 1.3113956848780315, 1.3070153792699177, 1.26746932665507, 1.2475063006083171, 1.2134579022725422, 1.2015540599822998, 1.1673531532287598, 1.1757843494415283, 1.1554646889368694, 1.1355897982915242, 1.1233805815378826, 1.1151901086171467, 1.081544001897176, 1.0784200032552083, 1.0697509050369263, 1.0526214241981506, 1.0521800915400188, 1.0614587267239888, 1.0254233280817668, 1.0165375073750813, 1.0241374969482422, 1.0026116569836934, 0.998562753200531, 0.9791125059127808, 0.983951727549235, 0.976580798625946, 0.9773091077804565, 0.968217651049296, 0.9576762715975443, 0.9727974335352579, 0.9390741388003031, 0.9473273754119873, 0.9392481048901876, 0.9410842458407084, 0.9576062758763632, 0.9333913723627726, 0.9294111529986063, 0.9314518570899963, 0.9202325145403544, 0.9190002282460531, 0.9161082903544108, 0.9220340450604757, 0.9227892359097799, 0.9284892678260803, 0.8980728387832642, 0.901024321715037, 0.898664673169454, 0.9108219146728516, 0.9080509940783182, 0.9117110172907511, 0.9002871712048849, 0.911168118317922, 0.9335350592931112, 0.9086912671724955, 0.9021519422531128, 0.9025299350420634, 0.9045323332150778, 0.8991888364156088, 0.9059994419415792, 0.892687976360321, 0.8953757683436075, 0.8940738240877787, 0.8921215732892355, 0.9098393122355143, 0.8880439003308614, 0.8793694376945496, 0.8968267440795898, 0.8829226493835449, 0.8878534634908041, 0.8882649739583334, 0.8838416735331217, 0.8868624369303385, 0.8778731226921082, 0.8892393509546915, 0.8847309152285258, 0.8714641729990641, 0.8844259977340698, 0.8799742261568705, 0.8756441473960876, 0.8868124683698019, 0.8949329853057861, 0.884646495183309, 0.8611085017522176, 0.8699753483136495, 0.8617236614227295], "valid": [0, 0, 0, 0, 0, 0, 0, 0, 0, 0, 0, 0, 0, 0, 0, 0, 0, 0, 0, 0, 0, 0, 0, 0, 0, 0, 0, 0, 0, 0, 0, 0, 0, 0, 0, 0, 0, 0, 0, 0, 0, 0, 0, 0, 0, 0, 0, 0, 0, 0, 0, 0, 0, 0, 0, 0, 0, 0, 0, 0, 0, 0, 0, 0, 0, 0, 0, 0, 0, 0, 0, 0, 0, 0, 0, 0, 0, 0, 0, 0, 0, 0, 0, 0, 0, 0, 0, 0, 0, 0, 0, 0, 0, 0, 0, 0, 0, 0, 0, 0]}