{"0": {"train": [18.0477964378554, 13.158486144827656, 12.860587922769756, 12.86810577003184, 12.871519946423, 12.823410684110232, 12.745942063170826, 12.779851815986081, 13.005838125751248, 13.095092517603769, 13.042311377702568, 13.072854825132527, 13.092297150337291, 13.150400677760741, 13.2170690670412, 13.218056652965215, 13.16283220311007, 13.215820688726076, 10.083631023469765, 9.290518472339137], "valid": [13.748308983074843, 13.170937803370007, 13.018167770355646, 13.12159485224436, 13.104472474468766, 13.071693315073349, 12.969006750945743, 13.13262500048154, 13.233685976889946, 13.373538436739167, 13.279909724549665, 13.383341350969243, 13.342240884694357, 13.474713658440043, 13.565944814587956, 13.412493162136341, 13.489647378112673, 13.600732205182137, 9.677548590966701, 9.5070535783937]}, "1": {"train": [18.07286537451169, 13.192607517285932, 12.836622276604782, 12.789335023120145, 12.709933337555091, 12.746710249096576, 12.841709056309426, 12.966414666929763, 12.99742309969112, 12.968711406729161, 13.098772685830399, 13.017462036682103, 13.149287477474592, 13.163482464734674, 13.199799959090681, 13.12327325775423, 13.186902703482325, 10.229952676929793, 9.388121674462472, 9.317769734682964], "valid": [14.002740893843612, 13.163913975100545, 13.025905631703033, 12.949848603920119, 12.98945975820929, 12.851240380040757, 13.087391749876726, 13.354226678551067, 13.259834876427284, 13.25106119310127, 13.185168234319141, 13.406742705395942, 13.402244853785287, 13.531531640528693, 13.289304503792607, 13.265147162142119, 13.573774078188563, 9.752550685664371, 9.585803060136604, 9.60517434866941]}, "2": {"train": [17.877529676411864, 13.136225923939007, 12.862734187187943, 12.777500267571986, 12.917827040686351, 12.87155124090797, 12.843907375367438, 12.899608691773446, 12.997926234346588, 13.108027380770645, 12.914534799166308, 12.848359476731531, 12.943508669031333, 13.119833889265047, 10.039730579691545, 9.35083151907087, 9.276164300064194, 9.303405389254936, 9.281625548868698, 9.326187789362999], "valid": [13.858989376993573, 13.071463500254254, 13.002874190050234, 13.06559055185412, 13.121395314233544, 13.048956726194604, 13.063681006196452, 13.129544079421304, 13.255055835731401, 13.309565166044518, 13.030431262134801, 13.080824451333672, 13.172571938418777, 13.273809669991216, 9.644963341586923, 9.549659473185944, 9.477004192284578, 9.503960964947762, 9.606077777328341, 9.585801179122173]}, "3": {"train": [18.097546489804696, 13.154287634887583, 12.780080538866502, 12.751315798027877, 12.761122363949427, 12.883318629415028, 12.964531452259138, 12.943545396220836, 12.871929453457282, 12.821399161298773, 13.104442706246532, 13.07756981822923, 12.973241048287443, 13.081160459698904, 10.108857207576627, 9.375972570741338, 9.303763981614404, 9.311193208824374, 9.345544432841297, 9.341355885367706], "valid": [13.92281108306945, 13.156981248121996, 13.006037905841655, 13.030084764228535, 13.10997864010301, 13.108691665077586, 13.241406021268645, 13.208402735241771, 13.051375469982741, 13.385452390892736, 13.38069992516873, 13.278584948658239, 13.23604789899416, 13.48641781176806, 9.7598930524416, 9.658581555007242, 9.627583957047623, 9.684744328907021, 9.620982965774084, 9.68296085636056]}, "4": {"train": [18.399733925241925, 13.111927250668376, 12.76926236274915, 12.747042383197732, 12.74911355313935, 12.624492509830633, 12.68638622878336, 12.88621912999501, 12.989431670901809, 12.946911219309067, 12.901262249466935, 13.037783018936066, 12.972532140667857, 13.13733842387002, 13.068200986060871, 13.353957926733253, 13.31056571524054, 10.140096261891623, 9.351522690210587, 9.258658474954158], "valid": [14.036648819214319, 13.139817168474492, 13.144877351697364, 13.081225886974028, 13.145734432799014, 12.777230439850493, 13.100566731369451, 13.281467288166615, 13.221087006781751, 13.293855182163224, 13.312651120337547, 13.243504865954455, 13.367155108469483, 13.356001524448983, 13.44739765962161, 13.745946422722719, 13.574447025999923, 9.800286165324446, 9.530716337493256, 9.551799385644651]}}