{"0": {"train": [56.95984379556829, 58.857922988699485, 60.23559482907806, 61.76816748797835, 62.558302950981506, 63.0482033025592, 64.42136025509653, 64.36636437693167, 67.47268674670903, 70.98552628022802, 70.21662217691349, 71.89432539394049, 67.67312451393823, 67.30130110824176, 67.47851468220779, 68.21202754456473, 68.57947377555386, 68.75060022473023, 69.09598270217236, 69.16000683707671], "valid": [57.81075391986793, 59.57628228496246, 60.52159109240916, 63.20655394165661, 63.63517222487597, 64.44304823155504, 64.07285585738468, 64.84274848002984, 71.68686697589837, 70.51650877727775, 70.07229993170085, 73.43938922549611, 67.29877425562316, 67.01972810761096, 68.22094772392062, 68.39737933469094, 68.79705483520213, 69.26737034685908, 68.92190747351837, 69.19002892761966]}, "1": {"train": [56.99716985564385, 58.711910913312146, 60.09401328781812, 62.96117000958086, 64.4929886638665, 65.2608653069962, 66.88935001757784, 66.42050816080935, 66.3760617280627, 66.18540239864146, 66.81125001466566, 68.83533315710103, 63.344445747912864, 63.683397190919194, 64.1137692235331, 64.91602296437544, 65.45910609994938, 65.88942075318202, 65.90686627838643, 67.01727958722881], "valid": [58.01940944811779, 58.889518438673235, 61.937611771755165, 64.65426853923638, 64.56082614725798, 67.18412469202534, 66.85368364926924, 66.17368961496882, 66.24922781115916, 66.74373847713865, 67.76898616628118, 69.1894754112614, 63.66727305724557, 64.27100175042739, 64.86624126357603, 65.33622216705216, 65.75047000180176, 65.804026323453, 67.1693881570126, 66.87362940801823]}, "2": {"train": [57.24066264490716, 59.91068684559745, 60.885768336889406, 61.8695103042998, 62.842386840317815, 63.399463473977676, 65.10377596659247, 66.92276326084378, 70.42182000378793, 70.99197211781089, 71.6235334343448, 73.37119704467118, 67.852194301722, 67.68847933195211, 67.76102731667092, 67.643770377406, 67.28158995515662, 67.13125482395346, 66.9727115080988, 66.79443676912653], "valid": [58.91934942448545, 61.09968317368933, 61.41786457285801, 62.87273065102072, 63.148584390293976, 63.321520514883346, 64.7344247578104, 70.08400008799276, 71.0186540721792, 70.87670774042974, 72.172357493631, 73.58693637494972, 67.36765069283823, 67.83860320922165, 67.78893786977909, 67.73561766203238, 67.1803611159996, 66.90709420672432, 66.94463705081792, 66.78903835436779]}, "3": {"train": [57.0806514474165, 59.355529736870885, 59.94493652232448, 61.72858068420945, 65.00794563011623, 66.58893503580306, 67.10504861167563, 66.66238714515397, 67.82354699091107, 68.48247857347577, 72.30678600486775, 73.57788790740146, 67.67793613253228, 67.51881517967733, 68.39628887001325, 69.00153074754414, 69.06860624252052, 69.01609587233001, 68.73072092727385, 68.58843298585853], "valid": [58.01990728810505, 60.73290295446165, 60.093414710922836, 63.024416445637236, 66.66313195038046, 67.2686529722697, 66.97689519643336, 66.89321667483742, 67.92857884360754, 70.16887114717417, 73.96777024252481, 73.4141653153493, 67.85257381440232, 67.94613800826293, 68.54506465372754, 69.03582504734848, 69.24676904205216, 68.95074071047868, 68.45187791214133, 68.66810712908956]}, "4": {"train": [56.979143044800885, 59.02304208908429, 60.00708506045312, 61.15536004882551, 61.30693267061167, 62.464484315290626, 63.3784870208061, 64.36552016814997, 66.81962405486348, 67.35426327538381, 69.0128460197418, 72.30575325992223, 68.17735193385039, 68.3577284485829, 68.7378657788302, 68.42431568607117, 67.88825523190282, 67.83881121651038, 68.13135877973946, 68.00789477715834], "valid": [58.48798669415261, 60.125339995021854, 60.11796190400565, 61.194710372011436, 61.993769883239914, 62.130064359680055, 63.36208657946256, 65.07148483070124, 67.37561522285152, 67.99598105560938, 72.63551810820505, 74.00757831147085, 68.36047166858306, 68.5425667638969, 68.77839552939284, 68.3540845444161, 67.80159771470547, 68.00960903662875, 68.26703594529407, 67.70079804285226]}}