{"0": {"train": [45.39322673747776, 41.886445340108025, 40.39979929441503, 39.46205934259389, 38.70747096016524, 38.45522253877309, 38.23006854787118, 37.96319467980022, 37.95171334929902, 37.70882853721638, 37.7764786192027, 38.10737477475659, 37.82617858660618, 37.76722244795221, 37.69162253031932, 37.62440282888965, 37.955136301773614, 37.85258004613777, 37.89198722757543, 37.9691994396142], "valid": [43.08416470095134, 41.35928113417408, 39.85451426181805, 39.20366210366366, 38.71165510095512, 38.772907078600795, 38.34928764585994, 37.99731417707704, 37.858758304093826, 37.75446287691779, 38.056033757353156, 37.83482291351908, 37.93248591241581, 37.9499367793054, 37.8129665020177, 38.00870451567252, 38.02723659579633, 37.80004177462363, 38.11065401587721, 38.01300468611405]}, "1": {"train": [45.17094309110115, 41.62473550559624, 39.64587577035911, 38.70222509737065, 37.866266020270764, 37.530521162408306, 37.3155998243368, 37.32833288843159, 37.06764080949777, 36.84715877718153, 36.85790971356959, 36.747313334523966, 36.93643887126206, 36.878830456450146, 36.92232113141115, 36.72457271820622, 36.67905719925911, 36.925332524386455, 36.797431872913215, 36.70953031418314], "valid": [43.23282414351265, 40.6286019785138, 39.221857005480445, 38.30696834152517, 37.55582083870453, 38.111352169729365, 38.058259770041765, 37.2540197247501, 37.68851049736151, 36.984325958651745, 37.49634795209727, 37.15277910619249, 37.3546875723436, 37.25105322768223, 37.1733955864005, 37.07099722269098, 37.16633564073892, 37.08530250401773, 37.548287470788416, 37.20836084928649]}, "2": {"train": [45.35905259843457, 42.14946729631327, 40.10364705311623, 39.03615332731896, 38.12354816007491, 37.894965040844575, 37.67595812962578, 37.66753483540013, 37.40085855326488, 37.45880236904939, 37.405981427225186, 37.20320165212168, 37.1012597945647, 37.296325421803715, 37.27014817963206, 37.27290524278427, 37.391947696521875, 37.34187773480148, 37.32417860568839, 37.266672955021924], "valid": [43.18708742481185, 41.14249032329535, 39.612799623495626, 38.49406977433196, 38.40198184227427, 38.50177494156772, 37.837520439303844, 37.99577923472596, 38.073719463190706, 38.11765399862053, 37.94575832987553, 38.00232963698867, 37.82133843519074, 37.67016078893637, 37.94733401941, 37.664905624853766, 37.99447764645239, 37.945433294581576, 37.95840735428792, 37.88523831186754]}, "3": {"train": [45.081054401910876, 41.768088634603714, 39.757190010899606, 38.46527536084757, 38.333532239813835, 37.5306492775509, 37.32304613056434, 37.21416774625703, 37.03359159285013, 36.84899566300544, 36.818795003134625, 36.631525673472474, 36.471829550394375, 36.081678752100416, 17.461684972421992, 7.7654396954949725, 7.0518910517272735, 6.7670562929773554, 6.645093632108808, 6.585261386781199], "valid": [43.015512773760435, 40.66038263987647, 38.58762117920493, 38.56035502030202, 38.28661800914688, 37.77904401370691, 38.00138256862594, 37.459513041702, 37.16098655090189, 37.40509091277443, 36.978710583341865, 36.94485174216861, 36.81692103598795, 35.42108145728533, 8.281412884181607, 7.310996427344116, 6.84197991858628, 6.860618885250327, 6.595087361101464, 6.458913176838088]}, "4": {"train": [45.26303213631633, 41.50854300842785, 40.03245640462938, 38.792689367676736, 37.99141710905057, 37.616783305708616, 37.34595837028222, 37.446665706960275, 37.30564777440013, 37.179400801835264, 37.14080107997623, 37.21699300809276, 37.14651973569374, 37.09745723245706, 37.18329682774452, 37.19934362384576, 37.181914333619275, 37.196722843824936, 37.237286966694676, 37.28566681196172], "valid": [43.51084958214671, 40.80756806233914, 39.476625115539335, 38.36147727127325, 37.903567061709126, 37.78817732362773, 37.76493930415009, 37.46516338723848, 37.30301714932708, 37.504247860275555, 37.39223634335761, 37.21105925613996, 37.6994188826684, 37.36868160939815, 37.299496541360185, 37.509430550465325, 37.51476966049868, 37.53185888542398, 37.800351138271864, 37.808634620991384]}}