{"0": {"train": [5.793761978551039, 5.448597643207588, 5.529950116582027, 5.5198643443969795, 5.543336939909324, 5.5982951282687905, 5.5381158648375814, 5.583515951298301, 5.655696685190065, 5.632022291671744, 5.613714438959227, 5.570989048943508, 4.790116574411435, 4.556362914444062, 4.546838099255992, 4.518080819543283, 4.546186925895871, 4.554851021620702, 4.557551987339911, 4.568145191462609], "valid": [5.394557117597802, 5.604101974668164, 5.620730121062833, 5.562296909610703, 5.541850553478067, 5.67589990302911, 5.6736322118577105, 5.6364402342645805, 5.811800746715448, 5.648002267553148, 5.556450287550595, 5.60510587543528, 4.607482353300878, 4.59906928716268, 4.60230277496357, 4.615327398403688, 4.599322965720707, 4.635406456065044, 4.601776208716932, 4.6438718642284185]}, "1": {"train": [5.766167156169651, 5.444412040450136, 5.502948884597692, 5.498771240567575, 5.5975029433487125, 5.518548796994572, 5.6063616542329004, 5.693829636063392, 5.535363130500661, 5.628022195805256, 5.613079982734512, 5.51145621671805, 4.771427002667125, 4.501622145234969, 4.559644144928044, 4.547163620485993, 4.535652315047174, 4.591153770442315, 4.565753053638014, 4.578604506181913], "valid": [5.404893738287951, 5.595256507954446, 5.670050465755736, 5.6172137483536115, 5.587147501507031, 5.581533492689793, 5.614770119441574, 5.779720337332894, 5.584875215088957, 5.7524094751159325, 5.751175267058318, 5.58864391467308, 4.58744943372473, 4.5775382422092035, 4.644330625004569, 4.624175097298339, 4.645421975862214, 4.605405630205693, 4.638800955978841, 4.61845887934351]}, "2": {"train": [5.788833866864594, 5.441639383544065, 5.419479480782974, 5.446310714915643, 5.523519652092279, 5.565282349689492, 5.533794325431628, 5.506473263107855, 5.5396824306978, 5.54177467330127, 5.639923171860225, 5.595082823036335, 4.768396924496404, 4.533498618119891, 4.531896821294013, 4.548390761911428, 4.525302289903122, 4.5557160349612875, 4.561093782937946, 4.565713651148845], "valid": [5.430998187376768, 5.5079526566544255, 5.54686626981153, 5.542983454226927, 5.493990993187368, 5.630481513497462, 5.5497332751295385, 5.683614237857784, 5.538095557844001, 5.580911372459505, 5.726704072810953, 5.744288405098719, 4.609131297312481, 4.62357886907482, 4.594854880561882, 4.587911105717499, 4.728256111341377, 4.647479278512091, 4.694041279358567, 4.648705184524767]}, "3": {"train": [5.753288683742181, 5.454681308427728, 5.500089887987755, 5.486238571389514, 5.553050634019286, 5.600650767421774, 5.572150003051996, 5.634355510684004, 5.576100630032461, 5.599681818251917, 5.643867276699004, 5.578386061780773, 4.789697358679457, 4.540152116525771, 4.5281410589146, 4.53800439347457, 4.567194282027793, 4.570356943617928, 4.571121420492521, 4.549000387601563], "valid": [5.3082177997137485, 5.479044091774026, 5.556414711142531, 5.5067599077452325, 5.573495220159931, 5.700297875553858, 5.5517867568353285, 5.5305125561245445, 5.566285041281891, 5.348913044885621, 5.542997054089772, 5.711458833629303, 4.550882532562746, 4.591207106499084, 4.564645272449665, 4.611451637650072, 4.64166249293207, 4.631435872091181, 4.585714404175014, 4.619778102505246]}, "4": {"train": [5.742057154742547, 5.4678589643037965, 5.603974145483061, 5.528832251239304, 5.507016883200977, 5.591421608507266, 5.615670663559483, 5.63344279282329, 5.54304366716773, 5.607725510979874, 5.535666797682265, 5.5687826930533, 4.795582678261686, 4.553909426703056, 4.538157760785521, 4.554377895207373, 4.538719950121669, 4.597647420536158, 4.566288777672444, 4.557414191938512], "valid": [5.416703329650089, 5.560701842985628, 5.6432910634173075, 5.621541836205594, 5.584665672434341, 5.655220254277164, 5.7156296668902815, 5.506334275355894, 5.632141513137211, 5.60746961732566, 5.549059684442816, 5.658800309876945, 4.611700621768402, 4.621959347710782, 4.605498882002735, 4.594018143883103, 4.616824218959448, 4.661718146883926, 4.604451599739918, 4.68268723845612]}}