{"0": {"train": [3.1357133865356444, 2.840898132324219, 2.212154769897461, 1.4726896286010742, 1.1587275505065917, 1.3663654327392578, 0.8109701156616211, 0.922856330871582, 1.0322129249572753, 0.9890337944030761, 0.49139971733093263, 0.9400736808776855, 0.705670976638794, 0.9387886047363281, 0.5517630577087402, 1.0541619300842284, 0.7807130813598633, 0.5837569236755371, 0.44162898063659667, 1.2579546928405763], "valid": [2.2488983472188315, 2.361834685007731, 3.292402903238932, 3.933590571085612, 4.170807838439941, 4.3801924387613935, 5.095903396606445, 5.265353520711263, 5.081398328145345, 5.070118586222331, 6.700647354125977, 5.09931214650472, 5.148417790730794, 6.12565549214681, 5.605749766031901, 6.397877375284831, 6.746458053588867, 5.742993036905925, 5.672623952229817, 5.6286970774332685]}, "1": {"train": [2.9951834905715216, 2.4474730718703497, 1.5613937377929688, 0.8380511147635323, 1.0575848533993675, 1.4947730473109655, 1.1563646225702195, 1.2303095318022228, 0.9175438653855097, 0.7405782427106585, 1.1914948054722376, 1.209022431146531, 0.802183332897368, 0.9862666357131231, 0.8017767951602027, 0.8484540666852679, 0.9275946844191778, 1.135661624726795, 0.520608039129348, 0.319892338344029], "valid": [2.3408893585205077, 2.280181884765625, 1.926477813720703, 2.409140777587891, 1.2324546813964843, 1.5972371101379395, 2.997859573364258, 2.5711429595947264, 4.234771347045898, 4.029664611816406, 4.777041244506836, 5.321461868286133, 5.989417266845703, 6.3933765411376955, 5.947837448120117, 6.087960052490234, 6.016091537475586, 5.720232009887695, 6.459564208984375, 5.390377807617187]}, "2": {"train": [3.191056387765067, 3.0651681082589284, 2.0280640011742, 1.5606311616443453, 1.4991989135742188, 0.8665499914260137, 0.679962158203125, 0.7893090929303851, 1.7077178955078125, 1.7372432890392484, 1.6263260614304316, 0.9165356953938802, 1.6071655636742002, 1.1051393236432756, 0.869085221063523, 1.3702614193870908, 1.290677206856864, 1.5484521048409599, 1.0889081500825428, 0.9208797273181734], "valid": [2.5800054550170897, 1.3920249938964844, 1.3261703491210937, 0.7466661930084229, 0.7268411159515381, 0.6856570243835449, 1.5965278625488282, 3.1642337799072267, 3.606690216064453, 4.069873809814453, 0.5617061138153077, 1.0435891151428223, 1.233737087249756, 1.7562290191650392, 0.4523022651672363, 1.7712516784667969, 1.0200809478759765, 1.2143754959106445, 1.3882150650024414, 0.34071850776672363]}, "3": {"train": [3.232208978562128, 2.4062425522577193, 1.6441993713378906, 1.3726017361595517, 1.268599373953683, 0.5865246000744048, 0.9821117946079799, 0.9446083250499907, 0.6975353785923549, 0.7758475712367466, 0.691406976609003, 0.5587846211024693, 0.7755870819091797, 0.3911508378528413, 0.9408643813360305, 0.21458353315080916, 0.4231854393368676, 0.40653592064267113, 0.24681942803519114, 0.798759278796968], "valid": [4.064022827148437, 3.0329238891601564, 3.318761444091797, 4.396088027954102, 4.628156661987305, 8.384808349609376, 6.670706176757813, 10.31579132080078, 7.65848388671875, 9.41491241455078, 12.860057067871093, 14.52685546875, 15.294355773925782, 15.200958251953125, 15.890496826171875, 19.940396118164063, 22.868435668945313, 20.32383575439453, 16.25078125, 20.072660827636717]}, "4": {"train": [3.1283231462751115, 2.422478448776972, 1.857059115455264, 1.6218067350841703, 1.2234354473295665, 1.188991909935361, 1.8979652041480655, 1.204186030796596, 1.3357545761835008, 1.5565307253882998, 0.9881043207077753, 1.0276135944184803, 1.4953100113641649, 1.2250975654238747, 0.7793498266310919, 1.0716609046572732, 1.1767821539015997, 1.019346418834868, 1.4958284468877883, 0.794136955624535], "valid": [3.420540618896484, 2.731108474731445, 2.645930862426758, 3.2477718353271485, 4.152695846557617, 5.531490325927734, 6.3022216796875, 5.9313102722167965, 7.123189544677734, 7.688626861572265, 8.123017120361329, 8.478805541992188, 8.26983413696289, 8.468946838378907, 8.358199310302734, 8.234906005859376, 8.209941101074218, 8.144306945800782, 10.107034301757812, 8.414569854736328]}}