{"0": {"train": [26.399074272972964, 9.230940209413939, 6.962841358986999, 5.838723970665493, 5.211551786051218, 4.773350457114607, 4.54706385545846, 4.31244158602976, 4.170642222438548, 4.0294262326070305, 3.938095224194032, 3.8579134801523143, 3.799819449961801, 3.7500729524299286, 3.6900489995227455, 3.6623049649735844, 3.5930771410093008, 3.5546520426333537, 3.4978337550546437, 3.449797123454472], "valid": [12.08465477180323, 7.7535271629350655, 6.312612619148255, 5.591698085766397, 5.154408930546718, 4.788546920203734, 4.575321067899476, 4.439337138693841, 4.325024729101308, 4.162893474800595, 4.112069391083743, 4.030724260924736, 3.9747412288571384, 3.9430354630804576, 3.906377243885588, 3.849583767258346, 3.8233608617519534, 3.787790046692798, 3.7317298012145583, 3.6884497697499854]}, "1": {"train": [30.486476717885207, 10.508484564144494, 7.154352210747662, 5.873092513623953, 5.196461818709859, 4.797864540170775, 4.52847620351855, 4.349248832761121, 4.190650322354937, 4.061582472895456, 3.9613552422621865, 3.884791146789076, 3.82101329422189, 3.7713455731748713, 3.7134672353410707, 3.6807452957822164, 3.6282037360199557, 3.578617082060038, 3.55377177213823, 3.4793215051161503], "valid": [14.094867202760595, 8.308316660362037, 6.406672874569003, 5.607806077832737, 5.060643872269741, 4.836474829035087, 4.5699739055378386, 4.387516766423175, 4.286986741085962, 4.197482553786663, 4.093182901242675, 4.035620715472209, 3.9826430091212117, 3.942159395069995, 3.9138301516533236, 3.8769682555335843, 3.8537988419982687, 3.8239730486322805, 3.7578095663817406, 3.7314186064579142]}, "2": {"train": [29.136729213066417, 10.671755715262156, 7.256222663071226, 6.0132261252478765, 5.251509759786494, 4.846141634425778, 4.595546916042967, 4.345368075646698, 4.202637629210199, 4.051989083842344, 3.9464520348756547, 3.890270195105551, 3.8287995498453546, 3.7800951896254475, 3.7207344780698755, 3.685361545768343, 3.6419782906979754, 3.6036681198574896, 3.550243796673369, 3.472680919135873], "valid": [14.791643448210163, 8.396921961014266, 6.66995225167774, 5.679819787396783, 5.241837214418766, 4.848644315751894, 4.639847258780854, 4.492420932195787, 4.284643256990278, 4.181349532031527, 4.131506389565082, 4.05926209471558, 4.021379660724592, 3.945671022834475, 3.9448685554042857, 3.8842928500179426, 3.870794578742823, 3.8531296013007577, 3.75990091827165, 3.704035606668788]}, "3": {"train": [32.42728311135775, 10.991416828523862, 7.234108166851646, 5.946839998381428, 5.187037189581021, 4.765923409753052, 4.483972727062523, 4.2767944471420645, 4.115193925152608, 3.982801784186552, 3.8802559294649464, 3.826645480715871, 3.7800872872733997, 3.731848683754162, 3.687127157614225, 3.6538242086339254, 3.6030816670713097, 3.5503326309887164, 3.5089507245999814, 3.4487094923464667], "valid": [16.99401431297357, 7.9996280876786985, 6.54436003216939, 5.677050237848147, 5.139577722998246, 4.873887066758421, 4.574622182519202, 4.3889180244775945, 4.236988387155552, 4.164762794685669, 4.103999570596919, 4.041692897367808, 3.9917393524453546, 3.96614905616879, 3.910869753975389, 3.8798459016401026, 3.851897761600589, 3.823595124112983, 3.7737653042772896, 3.722655382869384]}, "4": {"train": [30.11658651845172, 10.553049389567148, 7.106143607796892, 5.814751968299112, 5.199258231594524, 4.779542796776729, 4.5402742612375135, 4.311724125971143, 4.156364109322975, 4.035252713998335, 3.938895555863855, 3.851036001664817, 3.808808680459212, 3.7586376609901038, 3.723070900677488, 3.679559784556511, 3.6461438823760637, 3.6006444734438587, 3.5526750803505363, 3.498466345264521], "valid": [13.772549327014147, 8.358145004125229, 6.304233268078864, 5.561542427660496, 5.084490750375525, 4.719078006607766, 4.574527925421218, 4.413141014746308, 4.267044059253463, 4.153997050137261, 4.0711026149653335, 4.028252777477173, 3.971007863602898, 3.947246013395896, 3.88723232255964, 3.883229156261099, 3.8423191477701564, 3.8161939619729695, 3.7912545483891256, 3.7705477583170546]}}