{"0": {"train": [29.513379443807338, 15.918058656465023, 8.834674464234519, 5.975613263331422, 5.7436362618262615, 5.263136355898796, 5.1576934982439795, 4.946737318126433, 4.648314108192374, 4.595542283364392, 4.553495690581995, 4.485695576799025, 4.559595958464736, 4.486826955812787, 4.487545759568521, 4.44587908543578, 4.664207259711869, 4.4282539913632455, 4.378972391950975, 4.36032759640195], "valid": [19.946480791284404, 9.874099412270642, 5.7038191657110096, 6.3907106508027525, 5.394900193520642, 6.4801189793577985, 4.692651322391055, 4.558697946530963, 4.54834907181766, 4.563214234518349, 4.536653615969037, 4.514139191513761, 4.517311227780963, 4.478190044438073, 4.499088213159403, 4.482698089879587, 4.469825204271789, 4.434105146215597, 4.432183737098624, 4.4170773007454125]}, "1": {"train": [30.043687374569956, 17.02592845111812, 9.296405667646216, 6.42205575365539, 6.032531267918578, 6.920028132167431, 5.107595730002867, 5.007861305726777, 4.798809243298452, 4.701880509962729, 4.658406792036984, 4.96959490574828, 4.587487904959862, 4.692542556622707, 4.4646115028311355, 4.491919975630734, 4.558406052895642, 4.467378041678613, 4.49593505859375, 4.404889084002294], "valid": [21.171088016055045, 11.373462406823394, 10.467599896072247, 6.297586367545872, 5.517398043291284, 7.295721222763762, 4.812423577264909, 4.715000716743119, 5.911378117832569, 4.732483604501147, 4.830444828698394, 4.807101580418578, 4.543567947247706, 4.526399709719037, 4.589725308199541, 4.516296588302752, 4.500798183056193, 4.634554364965596, 4.442586546731651, 4.458627078555046]}, "2": {"train": [30.82415083858945, 15.804832282110091, 9.25268980253727, 7.472878440366973, 5.772973319237385, 6.904148285192087, 5.813958706637041, 5.436819922770929, 5.439042028024656, 5.556922305045871, 5.240762480289564, 5.073591868549312, 4.7848602574899655, 5.222012301103784, 5.47137686353211, 5.605820827659117, 5.726228968069094, 5.332549656859231, 5.80614972315797, 5.053579527128727], "valid": [22.867404673165137, 12.025494552752294, 5.551849555619266, 5.966676103784404, 8.620327193233946, 5.823225792001147, 4.926359124139908, 5.742249677465597, 5.317442481364679, 5.757932733658257, 5.177286410550459, 5.0106361991112385, 5.284208088446101, 5.267608765768348, 4.830327103641055, 5.060291445670871, 4.928721778239679, 5.101683898365826, 5.204686514478211, 5.0218138080561925]}, "3": {"train": [32.07359446674312, 20.778527451261468, 10.79159623172305, 8.498943431049312, 7.080435735020068, 8.793949881737385, 5.858210673200975, 5.24736355002867, 5.720824859339163, 5.04279794115539, 7.674982350200688, 5.402769293828841, 5.06773446459289, 5.395118710579128, 5.112924356723051, 5.178576279386468, 4.992410138331422, 5.213279726920872, 4.784948394495413, 5.48599174849484], "valid": [20.55094574254587, 17.80216868549312, 7.171427752293578, 12.249379300458715, 6.696029780676605, 5.2684041714449545, 5.841834056049312, 5.816609805045871, 4.992836690080275, 7.921029780676606, 5.714715811353211, 5.494808092029817, 7.692196459288991, 6.263028060493119, 5.0629355110378444, 5.207629820097477, 4.905691029959862, 4.76499005518922, 4.977286948107798, 5.301437428325688]}, "4": {"train": [32.5221643850344, 18.090621864248853, 8.958947597118692, 6.5606946360736815, 7.842802487994553, 6.1339837030533255, 6.5228114248853215, 8.010866564829415, 5.661723252042718, 6.211487689936926, 8.582868988317086, 5.505705096043578, 5.315416853318521, 5.994727570420012, 5.125140302465597, 4.962902608049025, 4.848574868298452, 4.810846428827408, 4.950097253081996, 4.538004049598624], "valid": [26.99291965309633, 20.808745341169725, 7.484820814220184, 6.114038847477064, 8.66128834575688, 17.608316639191514, 6.237850576978211, 5.17137686353211, 7.289610718893349, 5.097715470900229, 5.395184292574541, 5.8509291678612385, 5.155142452694954, 5.21024396143922, 4.970736005590596, 5.19244104787844, 4.896862367402523, 5.104859249569954, 4.707183109948394, 4.866222942947248]}}