{"0": {"train": [19.992286682128906, 7.062986850738525], "valid": [21.697797775268555, 25.58224105834961]}, "1": {"train": [21.56964874267578, 11.952542877197265], "valid": [16.125408172607422, 15.733648300170898]}, "2": {"train": [21.564120483398437, 10.802493286132812], "valid": [13.692251205444336, 14.220531463623047]}, "3": {"train": [20.673362731933594, 7.5300437927246096], "valid": [18.997987747192383, 30.888391494750977]}, "4": {"train": [21.40405731201172, 8.055670166015625], "valid": [19.424556732177734, 23.549373626708984]}}