{"train": [1.4500133514404296, 1.3661728620529174, 1.3213274002075195, 1.2430751323699951, 1.2246564388275147, 1.1887877702713012, 1.1292265415191651, 1.1292192220687867, 1.0743503093719482, 1.0621230363845826, 1.043056321144104, 1.0240300059318543, 1.0216991543769836, 0.9904483675956726, 0.9845375537872314, 0.9831025123596191, 0.975814962387085, 0.9680960178375244, 0.9589043140411377, 0.9474209666252136, 0.9381681203842163, 0.9418841361999511, 0.9243467092514038, 0.9182239651679993, 0.9160457134246827, 0.9124348759651184, 0.9163546442985535, 0.9146254777908325, 0.9139179229736328, 0.9083381533622742, 0.8952814102172851, 0.8816979050636291, 0.8865422010421753, 0.9055319666862488, 0.8836171984672546, 0.8900946855545044, 0.8789324402809143, 0.884418523311615, 0.8757705688476562, 0.8741578459739685, 0.8754064679145813, 0.8880355715751648, 0.8794334173202515, 0.873388671875, 0.8822144150733948, 0.8851065397262573, 0.8764953970909118, 0.8727591276168823, 0.8748051762580872, 0.8676908612251282, 0.8757739067077637, 0.8576918005943298, 0.8606919050216675, 0.8599573731422424, 0.8715319275856018, 0.8588332295417785, 0.8563478946685791, 0.8595168948173523, 0.8561124086380005, 0.8524890661239624, 0.8754349946975708, 0.8727710723876954, 0.8565266728401184, 0.8610180735588073, 0.8553568243980407, 0.8481833100318908, 0.8418424248695373, 0.8546645045280457, 0.8528173089027404, 0.8647276639938355, 0.8535526990890503, 0.8689894676208496, 0.859147572517395, 0.8494033455848694, 0.8689895391464233, 0.859894585609436, 0.8503908276557922, 0.8610972404479981, 0.863350772857666, 0.8520156502723694, 0.8473084211349488, 0.8481752514839173, 0.8493743062019348, 0.8438743948936462, 0.8580658435821533, 0.8510819911956787, 0.855433177947998, 0.8562732338905334, 0.8459324359893798, 0.8590310454368592, 0.8500899076461792, 0.8322041869163513, 0.8436278462409973, 0.843621575832367, 0.848663330078125, 0.8471928238868713, 0.8448154091835022, 0.8511325001716614, 0.8390684127807617, 0.8624833464622498], "valid": [0, 0, 0, 0, 0, 0, 0, 0, 0, 0, 0, 0, 0, 0, 0, 0, 0, 0, 0, 0, 0, 0, 0, 0, 0, 0, 0, 0, 0, 0, 0, 0, 0, 0, 0, 0, 0, 0, 0, 0, 0, 0, 0, 0, 0, 0, 0, 0, 0, 0, 0, 0, 0, 0, 0, 0, 0, 0, 0, 0, 0, 0, 0, 0, 0, 0, 0, 0, 0, 0, 0, 0, 0, 0, 0, 0, 0, 0, 0, 0, 0, 0, 0, 0, 0, 0, 0, 0, 0, 0, 0, 0, 0, 0, 0, 0, 0, 0, 0, 0]}