{"train": [1.591511869430542, 1.4685819149017334, 1.4213472127914428, 1.3487010717391967, 1.3078766822814942, 1.2959210872650146, 1.250599193572998, 1.1851110100746154, 1.1851912498474122, 1.1422120571136474, 1.0942017912864686, 1.0830997943878173, 1.0696865916252136, 1.054585838317871, 1.0400808334350586, 1.0131386876106263, 1.0044084310531616, 0.9989902377128601, 0.9793943285942077, 0.9851918935775756, 0.9559783220291138, 0.9563907265663147, 0.9360367774963378, 0.9334344506263733, 0.9453623056411743, 0.9275320410728455, 0.9322038292884827, 0.9274340510368347, 0.9196674466133118, 0.9088735342025757, 0.9172713398933411, 0.9033058881759644, 0.9035052180290222, 0.8950030565261841, 0.8987366557121277, 0.8848729729652405, 0.8892092347145081, 0.8904189109802246, 0.8906514644622803, 0.8838971376419067, 0.8761810660362244, 0.8898658394813538, 0.8757779359817505, 0.8803353905677795, 0.8857929825782775, 0.8844605445861816, 0.8824721455574036, 0.8824648141860962, 0.872923743724823, 0.8697251915931702, 0.8771045327186584, 0.8561908721923828, 0.8631444692611694, 0.8692011713981629, 0.8595456480979919, 0.8757509469985962, 0.859915292263031, 0.8598392963409424, 0.8583215117454529, 0.8528908610343933, 0.8594709515571595, 0.8621013402938843, 0.8696797013282775, 0.85529944896698, 0.8625505805015564, 0.8572767615318299, 0.852231502532959, 0.8649058222770691, 0.8585390329360962, 0.8494316458702087, 0.85449138879776, 0.8650916457176209, 0.8597377181053162, 0.8449272632598877, 0.8560857892036438, 0.8511352181434632, 0.8604984641075134, 0.8460905313491821, 0.8584333896636963, 0.8537977814674378, 0.8584463715553283, 0.8455539584159851, 0.8364379286766053, 0.8557178854942322, 0.839035940170288, 0.8570783853530883, 0.8425509452819824, 0.8424294114112854, 0.8439476132392884, 0.8511744141578674, 0.8367749810218811, 0.8495656609535217, 0.8392436504364014, 0.8542747139930725, 0.8429104566574097, 0.843276584148407, 0.841031551361084, 0.8401877880096436, 0.8532495737075806, 0.8361393928527832], "valid": [0, 0, 0, 0, 0, 0, 0, 0, 0, 0, 0, 0, 0, 0, 0, 0, 0, 0, 0, 0, 0, 0, 0, 0, 0, 0, 0, 0, 0, 0, 0, 0, 0, 0, 0, 0, 0, 0, 0, 0, 0, 0, 0, 0, 0, 0, 0, 0, 0, 0, 0, 0, 0, 0, 0, 0, 0, 0, 0, 0, 0, 0, 0, 0, 0, 0, 0, 0, 0, 0, 0, 0, 0, 0, 0, 0, 0, 0, 0, 0, 0, 0, 0, 0, 0, 0, 0, 0, 0, 0, 0, 0, 0, 0, 0, 0, 0, 0, 0, 0]}