{"0": {"train": [19.734871773097826, 19.44508109714674, 20.428407353940216, 19.121040675951086, 18.833710512907608, 19.101473335597827, 18.908791185461958, 19.44896824048913, 19.080464504076087, 19.631460173233695, 18.781674592391305, 18.707423997961957, 18.447134001358695, 18.212440557065218, 17.651136846127716, 17.500967009171195, 17.06737113620924, 16.546536387567937, 15.810609502377718, 15.411620032269022], "valid": [55.723986395474135, 58.96337890625, 61.20605889682112, 64.60077956627156, 67.01575969827586, 67.93319386449353, 68.81889395878233, 70.41175579202586, 70.80641332165948, 70.59040779903017, 70.6716729525862, 69.62436439251077, 68.99984425511853, 67.7943536166487, 66.04993938577586, 64.33193022629311, 62.9812222184806, 60.922258048221984, 59.75690328663793, 57.548992288523706]}, "1": {"train": [20.53001868206522, 19.063455332880434, 18.807126783288044, 19.17577488111413, 19.50822860054348, 19.516520889945653, 19.233203125, 19.257375169836955, 19.07216159986413, 19.101537024456523, 18.733914317255437, 18.251197350543478, 17.836877972146738, 18.282058848505436, 17.523078719429346, 17.180183211616846, 17.149872622282608, 16.435033118206523, 15.848837678328804, 15.346942934782609], "valid": [56.528034078663794, 59.46468379579741, 62.678146888469826, 65.2589532260237, 66.9250909213362, 68.40712553879311, 70.09557263604526, 70.71896888469827, 70.61843345905173, 70.45428677262932, 70.84558526400862, 70.34829606681035, 69.34832974137932, 68.01255219558189, 66.55937668372844, 65.00757677801724, 63.06868770204741, 60.595778892780174, 60.137345938846984, 57.6478481950431]}, "2": {"train": [20.979042119565218, 21.07268597146739, 19.852653702445654, 20.098471467391306, 19.346027938179347, 19.431680961277173, 19.352677055027176, 19.372244395380434, 19.142459239130435, 19.033610733695653, 19.077916949728262, 18.833387822690216, 18.24745456861413, 18.10523734714674, 17.944904891304347, 17.55516941236413, 17.600356657608696, 16.48154296875, 15.979870074728261, 15.552723760190217], "valid": [54.03931505926724, 58.81427212419181, 60.39539416082974, 62.68966359105603, 64.41599878771552, 67.12273538523706, 68.15057583512932, 69.01689621497844, 69.69137257543103, 69.57509428879311, 68.91667648841594, 67.44688678609914, 66.62906620420259, 66.30076441271552, 64.6278076171875, 63.596692315463365, 61.21985705145474, 60.24527293238147, 58.867503199084055, 55.120066675646555]}, "3": {"train": [20.294887907608697, 19.36946331521739, 19.512604025135868, 19.110011888586957, 19.19828464673913, 19.204347826086956, 19.202742866847824, 19.120601222826085, 19.284332540760868, 19.048318614130434, 18.99810207201087, 18.609273097826087, 18.348299507472827, 18.07610606317935, 17.61424613620924, 17.213998811141305, 16.7955078125, 16.454536769701086, 16.21124745244565, 15.759608525815217], "valid": [56.64196356411638, 59.09839709051724, 61.789323477909484, 64.80307533001077, 66.90318561422414, 68.93026417699353, 69.10782596982759, 70.34417935075432, 70.44659213362068, 71.19664264547414, 70.95468244881465, 69.9308661099138, 68.24579067887932, 67.08590382543103, 66.98880320581897, 64.48619342672414, 62.320720804148706, 61.372634361530174, 58.27693965517241, 56.02820245150862]}, "4": {"train": [19.990373282596984, 19.530401821794182, 18.600548053609913, 18.986605940193964, 18.944634799299568, 19.165247423895472, 19.198357943830818, 18.863441204202587, 18.77509807718211, 18.83611008216595, 18.65654465247845, 18.722115352235992, 18.419317837419182, 17.850983718345905, 17.81083731815733, 17.154317921605603, 16.921344625538794, 16.439538363752693, 15.639020196322736, 15.61438198747306], "valid": [57.80853707449777, 61.254542759486604, 63.35364205496652, 66.60830252511161, 69.3909432547433, 70.59013148716518, 72.39243425641742, 72.76287841796875, 72.68952287946429, 73.72323172433036, 72.81692940848214, 71.44321114676339, 71.31894792829242, 70.23854282924107, 68.8050537109375, 67.23348999023438, 64.55338396344867, 63.332959856305806, 60.737801688058035, 58.91627720424107]}}