before.ndkl,after.ndkl,before.skew.minority,before.skew.majority,after.skew.minority,after.skew.majority
0.11470163606847232,0.11470163606847232,0.0,0.0,0.0,0.0
0.08276274104171523,0.08276274104171523,0.0,0.0,0.0,0.0
0.07127587012296999,0.07127587012296999,0.0,0.0,0.0,0.0
0.10481338234965681,0.10481338234965681,0.0,0.0,0.0,0.0
0.09352438638547078,0.09352438638547078,0.0,0.0,0.0,0.0
0.07290693845028906,0.07290693845028906,0.0,0.0,0.0,0.0
