{"0": {"train": [55.51542523190739, 63.22984218556476, 64.47364463702448, 63.95098536364902, 63.65903669284434, 63.59625913090828, 63.33609839300346, 63.31642777255581, 63.291002848575104, 63.3861257422378, 63.37496065769368, 63.33261863369, 59.93672809609017, 60.031848142784646, 59.92642449889167, 59.97829950430615, 59.993419949052196, 65.54503494155716, 70.68056031845383, 70.55915753267271], "valid": [55.15865096358172, 64.61476107963183, 64.12191206997156, 63.84135019791145, 63.303308397151994, 63.27108515320392, 63.303990516766305, 63.126347821129634, 63.21580213032868, 63.65943879654077, 63.362083043163814, 63.34159199808404, 59.981772539185464, 59.921186033689104, 60.19548773700748, 60.10694356687183, 59.92833929461699, 70.93329595363026, 70.62263719103234, 70.2770113358939]}, "1": {"train": [56.326716947153, 57.0482710842275, 56.92973161054145, 57.01224886683678, 56.90068881872267, 56.89311266511717, 80.01291337192681, 92.5849916690374, 91.46938019300977, 90.65762905044981, 90.00241091923749, 89.15737053525518, 88.69700824509944, 88.2414905429654, 87.79239393314215, 87.53745039987503, 83.99604853909659, 84.07559716293852, 83.98554895520807, 84.09627291163179], "valid": [57.19655394407451, 57.2917320130294, 57.060406002470955, 57.09252651977103, 57.034516162465685, 57.23550883566195, 93.58895126912604, 92.20790581069359, 91.30006044305672, 90.71707979028429, 89.61176339674958, 89.10922168290125, 88.55927359902614, 88.30195065529873, 87.91155584053959, 87.63321867328905, 84.19625771091738, 84.19230966462924, 84.06451712065389, 84.25087153906473]}, "2": {"train": [60.06453656474823, 62.2987824425129, 61.97302945609563, 61.705639065071004, 61.51033551642816, 61.400380062398554, 61.297721379201356, 61.4251577028271, 61.47423659245639, 61.45434496518385, 61.36569056235971, 61.4774706915974, 61.32813273746579, 61.420751914699665, 61.38128637656887, 61.32210584109153, 61.50133677384495, 61.36983345567728, 61.38631671616782, 68.08927407253111], "valid": [62.658312427620636, 62.15499602402548, 62.08887251464914, 61.699137218419125, 61.42295552050544, 61.40550121242421, 61.385238763173604, 61.29649802996785, 61.196269116256346, 61.57711275433382, 61.31107471688211, 61.22278041624003, 61.27092734732705, 61.386558027290654, 61.50482136689128, 61.274278368658564, 61.26499468472779, 61.143286565970854, 61.1925579971093, 91.93231642189959]}, "3": {"train": [56.42531255693937, 65.29385480336288, 67.59711716434, 66.83785567977498, 66.23988773041928, 65.83010683484063, 65.46575471870138, 65.16247386553032, 64.9894656804792, 64.9254062667325, 64.8626504107459, 64.92010756544603, 61.507396694177345, 61.598753603423404, 61.60774616738692, 61.6560361193287, 61.60054632883622, 61.51355043783227, 61.559931218120944, 61.59544996315359], "valid": [56.408095638849886, 68.006596250721, 67.27662935310175, 66.4958028701911, 66.04804878928047, 65.39034009358456, 65.39068075167226, 65.38920862457411, 65.16089316065313, 64.87038095997953, 64.87026736070744, 64.69084543219144, 61.56126876483917, 61.50478870535395, 61.723286547806154, 61.469974301133924, 61.59288904536928, 61.508426309842925, 61.7231323399382, 61.6219356316902]}, "4": {"train": [57.244733584730525, 57.74850011496162, 57.53736221809076, 77.71374300816042, 80.77407553527195, 80.00879519308802, 79.4892017726377, 79.30077069176507, 79.12030312683743, 79.10007612932768, 79.04628334149115, 78.93396727921778, 75.52633461329299, 75.50796089166906, 75.59115880042941, 75.70227468220149, 75.59513612420523, 75.63263222403342, 75.49094200816545, 75.60893086422358], "valid": [57.561058499642854, 57.78267103886464, 57.695433373887205, 81.40561102156067, 80.25178552066193, 79.7435826366936, 79.50201813368552, 79.15838784607955, 79.12537620152538, 78.7798733773329, 78.91473047210349, 78.85879982508786, 75.39955698729142, 75.61116591767532, 75.45535932861014, 75.70433206212999, 75.48700772950127, 75.6695417436105, 75.66310979614171, 75.55110583930998]}}