{"train": [3.329235633214315, 3.113429069519043, 3.016664187113444, 2.793471177419027, 2.6917456785837808, 2.6205313205718994, 2.5208895206451416, 2.568992773691813, 2.436822493871053, 2.218214273452759, 2.19706654548645, 2.231806993484497, 2.1964070399602256, 2.00935435295105, 2.003670334815979, 1.9782194296518962, 1.8549821774164836, 1.8663164377212524, 1.7590062618255615, 1.7560352484385173, 1.732112725575765, 1.6399343808492024, 1.6034817695617676, 1.613667647043864, 1.5760985612869263, 1.5308828751246135, 1.527577797571818, 1.486465056737264, 1.4554225206375122, 1.412225325902303, 1.434124191602071, 1.4296962420145671, 1.3526488145192463, 1.3467402855555217, 1.3429606755574544, 1.321097731590271, 1.3161714474360149, 1.294970711072286, 1.2800403833389282, 1.308895468711853, 1.2506930828094482, 1.2769187291463215, 1.2393186887105305, 1.2189488808314006, 1.2075297435124714, 1.188533862431844, 1.2116950750350952, 1.172307809193929, 1.17020316918691, 1.157781958580017, 1.175411542256673, 1.177868167559306, 1.1569682757059734, 1.1414236227671306, 1.1520174741744995, 1.1401340564092, 1.138639211654663, 1.1383918921152751, 1.1152580976486206, 1.1297020117441814, 1.114685853322347, 1.1001317501068115, 1.1163524786631267, 1.084852695465088, 1.096483627955119, 1.1032379865646362, 1.0969088077545166, 1.0637075901031494, 1.07307763894399, 1.1070899566014607, 1.074711561203003, 1.079585353533427, 1.0676653782526653, 1.0441559950510662, 1.0548088550567627, 1.0400349696477253, 1.0518072446187336, 1.0444281101226807, 1.073803464571635, 1.050680120786031, 1.0527876615524292, 1.0581851402918498, 1.025408387184143, 1.036590298016866, 1.0328478614489238, 1.0538694461186726, 1.0391316811243694, 1.0601423581441243, 1.0367428461710613, 1.0491745471954346, 1.0497188965479534, 1.0366911888122559, 1.0194604396820068, 1.023666262626648, 1.0043238202730815, 1.0206669569015503, 1.0215343236923218, 1.0218455791473389, 1.0091360012690227, 1.0222299893697102], "valid": [0, 0, 0, 0, 0, 0, 0, 0, 0, 0, 0, 0, 0, 0, 0, 0, 0, 0, 0, 0, 0, 0, 0, 0, 0, 0, 0, 0, 0, 0, 0, 0, 0, 0, 0, 0, 0, 0, 0, 0, 0, 0, 0, 0, 0, 0, 0, 0, 0, 0, 0, 0, 0, 0, 0, 0, 0, 0, 0, 0, 0, 0, 0, 0, 0, 0, 0, 0, 0, 0, 0, 0, 0, 0, 0, 0, 0, 0, 0, 0, 0, 0, 0, 0, 0, 0, 0, 0, 0, 0, 0, 0, 0, 0, 0, 0, 0, 0, 0, 0]}