{"train": [2.36580224831899, 2.456993261973063, 2.5093544721603394, 2.196016311645508, 2.2665574153264365, 2.0969009399414062, 2.0169966220855713, 2.0156585375467935, 1.8956258296966553, 1.8013076782226562, 1.7641685803731282, 1.8179655075073242, 1.631120761235555, 1.7253729104995728, 1.5986579259236653, 1.521751085917155, 1.4818967978159587, 1.5284555753072102, 1.5089475711186726, 1.473809043566386, 1.3834577004114788, 1.4370789925257366, 1.39407745997111, 1.3770237763722737, 1.3213185866673787, 1.3288257916768391, 1.2532577912012737, 1.2957844734191895, 1.3012872536977131, 1.2606969674428303, 1.2317867676417034, 1.2124669949213664, 1.1921321551005046, 1.2221500078837078, 1.1866790850957234, 1.1552575031916301, 1.1695206960042317, 1.155524214108785, 1.1490740776062012, 1.1523218154907227, 1.1528637409210205, 1.1333862940470378, 1.1511853138605754, 1.1116345326105754, 1.1161442200342815, 1.1295102834701538, 1.13743789990743, 1.1214545170466106, 1.0918312867482503, 1.0964090824127197, 1.0964037577311199, 1.0979040463765461, 1.1198925971984863, 1.0878283977508545, 1.0893680651982625, 1.089839021364848, 1.0840431054433186, 1.0809537172317505, 1.082857886950175, 1.0726950565973918, 1.0560485521952312, 1.0680563847223918, 1.0622094472249348, 1.065260608990987, 1.0618406931559246, 1.0700957775115967, 1.058753252029419, 1.0515172481536865, 1.0564347108205159, 1.0593640804290771, 1.0515693823496501, 1.0481653610865276, 1.0624233682950337, 1.0384466648101807, 1.0500725507736206, 1.0444189707438152, 1.0305134455362956, 1.0229409337043762, 1.0497475862503052, 1.040771762530009, 1.0424697796503704, 1.0277941624323528, 1.0253686904907227, 1.0443476835886638, 1.0338119268417358, 1.0213710467020671, 1.0203811724980671, 1.0286098718643188, 1.0366040070851643, 1.0237572193145752, 1.0229467153549194, 1.0189382235209148, 1.020646373430888, 1.0467345714569092, 1.0309437115987141, 1.0247334241867065, 1.0229963461558025, 1.0175030032793682, 1.016055206457774, 1.0227169593175252], "valid": [0, 0, 0, 0, 0, 0, 0, 0, 0, 0, 0, 0, 0, 0, 0, 0, 0, 0, 0, 0, 0, 0, 0, 0, 0, 0, 0, 0, 0, 0, 0, 0, 0, 0, 0, 0, 0, 0, 0, 0, 0, 0, 0, 0, 0, 0, 0, 0, 0, 0, 0, 0, 0, 0, 0, 0, 0, 0, 0, 0, 0, 0, 0, 0, 0, 0, 0, 0, 0, 0, 0, 0, 0, 0, 0, 0, 0, 0, 0, 0, 0, 0, 0, 0, 0, 0, 0, 0, 0, 0, 0, 0, 0, 0, 0, 0, 0, 0, 0, 0]}