{"0": {"train": [15.816497808377767, 12.101390353996834, 12.222928065815124, 12.357880652601148, 12.418192371254834, 12.450882180921763, 12.391243982188675, 12.44156671794578, 12.477980488554541, 12.458838414331698, 12.517426746676207, 12.570732142564761, 12.555092665385372, 9.653626650819824, 9.050475468494769, 9.000156946469712, 9.017424007750378, 9.096270112745023, 9.05795325144206, 9.145153659608225], "valid": [12.548858311519584, 12.285698523888222, 12.470426450349406, 12.67024152706831, 12.735110762556628, 12.623768251558262, 12.65084312183147, 12.594076273239105, 12.629012279021435, 12.741853582318248, 12.762730645475068, 12.711114676511265, 12.724987955488396, 9.367350636619554, 9.277586114947377, 9.314784002962432, 9.333934926892644, 9.271520069129839, 9.329746539776142, 9.444986708300588]}, "1": {"train": [15.961020457849678, 12.149455108764851, 12.116335806934503, 12.327688698144609, 12.280662094085173, 12.367090125167104, 12.483041195792143, 12.521996674522669, 12.495628930208076, 12.36142686929581, 12.495599614672264, 12.415596682215739, 12.676245844056279, 9.600903968926254, 9.003782080345998, 9.040875962356203, 9.031840389006927, 9.05043747342339, 9.083567343444203, 9.125811843199566], "valid": [12.548973218929133, 12.333237567126634, 12.435616939025518, 12.549122857389131, 12.517853415223973, 12.678820668357835, 12.717946581116324, 12.748700504942523, 12.627070319723096, 12.601705848347741, 12.668498624241094, 12.652683265580698, 12.721118272408932, 9.297989057130833, 9.249198146120332, 9.355444447293554, 9.30917885082478, 9.333711266752767, 9.329839100734251, 9.404031366051067]}, "2": {"train": [15.679761338129603, 12.1230161298051, 12.228340311173277, 12.180185834010741, 12.351053804723136, 12.52672096040344, 12.518973389499573, 12.372472498174853, 12.405595930967511, 12.663259708799814, 12.52844949348533, 12.600514627609625, 12.582888556358546, 9.727780772704552, 9.046468506536582, 9.115220860959363, 9.073485504189895, 9.113599544784508, 9.120781535028875, 9.096269766617032], "valid": [12.466471564840283, 12.21861240003236, 12.414406018379408, 12.458076853253667, 12.728382208408453, 12.768276297364244, 12.5053764508791, 12.480995434040619, 12.660614254441722, 12.769850209854999, 12.89569663625262, 12.782830353084165, 12.884138690414279, 9.378245938694219, 9.246987051277236, 9.28447425435986, 9.3508243297449, 9.33395063712517, 9.327800743208364, 9.400920017701399]}, "3": {"train": [15.746548389114317, 12.114740284819392, 12.146305705236681, 12.26475439028742, 12.282150226229254, 12.400076107525292, 12.455818778701534, 12.585488948223587, 12.35064175440058, 12.38633617322821, 12.562777128127312, 12.737240149678986, 12.68172902307873, 9.69472398459893, 9.028352163799562, 9.036318920252834, 9.036164957255902, 9.034728179971145, 9.098999294320274, 9.156768620120738], "valid": [12.617485633263222, 12.250872549926035, 12.432789969961554, 12.478938236274193, 12.502762623322315, 12.660869500575922, 12.873912653274084, 12.697724502232418, 12.64896285980646, 12.770083154682107, 13.022753864115277, 13.143534733698917, 12.907655373597757, 9.363974516678608, 9.318547476443078, 9.360622925165842, 9.333353588096724, 9.399785961625138, 9.40947792610003, 9.46557346321422]}, "4": {"train": [15.768594429572893, 12.122235315085868, 12.121446229532156, 12.191590642082621, 12.324385325113932, 12.471712244097768, 12.519591878857133, 12.441875954351481, 12.513122904700404, 12.469672757963222, 12.672822542209362, 12.453373579819056, 12.493513622697758, 9.598892731074045, 9.024238270415356, 9.012468872220794, 9.03879215308195, 9.086006762713371, 9.130817315517328, 9.08478428014872], "valid": [12.708729156230733, 12.321344814465167, 12.497426288195514, 12.496089294659372, 12.746760214771502, 12.724037164765722, 12.743495955273197, 12.741074598056027, 12.790973208953067, 12.96390168628622, 12.87634713846717, 12.92528029511213, 12.648613455851187, 9.36143667877235, 9.384704951087585, 9.29179844038995, 9.404201566834926, 9.457702335682221, 9.363399948703375, 9.420494175545237]}}