{"0": {"train": [14.968581792876476, 13.379296009934793, 13.571641336275837, 14.23101806640625, 14.885463444266732, 15.423865611158957, 15.524682713305856, 15.366044652743602, 15.251010684516487, 14.42165056363804, 13.777404304564469, 13.313991756889763, 12.502188134381152, 12.097169410525344, 11.815842996432087, 11.023926742433563, 10.501083253875493, 10.031986266609252, 9.827850101500983, 8.977810596856544], "valid": [21.732398986816406, 23.824230194091797, 26.646263122558594, 29.069076538085938, 30.543485641479492, 31.33944320678711, 31.881954193115234, 31.188190460205078, 30.353927612304688, 29.56875991821289, 28.419124603271484, 27.323686599731445, 25.80077362060547, 25.52271270751953, 24.111568450927734, 23.310871124267578, 22.657718658447266, 20.78011703491211, 20.215410232543945, 19.54719352722168]}, "1": {"train": [14.575735978254183, 13.448213832584893, 13.59193864957554, 14.252022330216535, 14.718411663385826, 15.375301331046998, 15.484986312746063, 15.438000776636319, 14.993544210599163, 14.4412841796875, 13.753499669352854, 13.25254713644193, 12.610417403574065, 12.136277566744587, 11.640822042630413, 11.208988700326033, 10.818952905850148, 10.193130132720226, 9.78902116910679, 9.123211717981054], "valid": [20.537233352661133, 23.382892608642578, 25.983131408691406, 28.386409759521484, 30.3262996673584, 31.261470794677734, 31.46181297302246, 30.973834991455078, 29.492284774780273, 29.255685806274414, 28.00238800048828, 26.633426666259766, 25.707401275634766, 25.114295959472656, 24.075769424438477, 22.83568572998047, 22.224803924560547, 20.770877838134766, 19.964313507080078, 19.28548240661621]}, "2": {"train": [15.056176373339074, 13.337249515563483, 13.573011503444881, 14.279240165169783, 14.993753748615896, 15.534795806163878, 15.445969949557087, 15.379698265255906, 15.035379244586615, 14.414675254521407, 13.826327106145424, 13.18308576448696, 12.594761165108268, 12.004646361343504, 11.816820039523869, 11.066841666154035, 10.498048797367126, 9.97634767547367, 9.689153235728346, 9.156816137118602], "valid": [20.116554260253906, 23.8985595703125, 26.140281677246094, 29.028064727783203, 29.723806381225586, 30.94670295715332, 31.308664321899414, 30.35666847229004, 29.98860740661621, 28.981616973876953, 27.398298263549805, 26.4615421295166, 25.878173828125, 24.77747917175293, 23.509639739990234, 22.691619873046875, 21.556699752807617, 20.827787399291992, 19.685556411743164, 19.076831817626953]}, "3": {"train": [14.913146254595588, 13.53378236060049, 13.35348259420956, 14.217084577971814, 14.65816339231005, 15.404437136182597, 15.460146675857843, 15.376288200827206, 14.897105258118872, 14.418255016850491, 13.707482192095588, 13.255759803921569, 12.507583199295343, 12.046118642769608, 11.576126397824755, 10.999899471507353, 10.689461263020833, 9.960879097732843, 9.653309780943628, 9.230132697610294], "valid": [21.675690181671627, 24.19580853174603, 27.587069072420636, 29.960146949404763, 31.48166232638889, 32.15776909722222, 32.343098958333336, 32.773313492063494, 31.504785931299605, 30.22045123387897, 29.15440925719246, 28.600551060267858, 27.22592308407738, 27.094811817956348, 25.787064809647816, 25.056780133928573, 23.2203853546627, 22.10350787450397, 20.880564856150794, 20.323864164806547]}, "4": {"train": [14.884255323223039, 13.301443780637255, 13.400540460324756, 14.185426719515931, 14.837013633578431, 15.271682559742647, 15.36750248927696, 15.373804189644607, 14.903356215533089, 14.385439165900735, 13.846191884957108, 13.21465944776348, 12.672673483455883, 12.187496649050246, 11.728631950827205, 11.32593874463848, 10.52232115502451, 10.261971028645833, 9.692758118872549, 9.08943972120098], "valid": [20.742354135664684, 24.115311879960316, 27.293294270833332, 29.16255115327381, 31.56145562065972, 32.82631138392857, 32.72682601686508, 32.429222470238095, 31.809783451140873, 31.019385928199405, 29.820886036706348, 27.68393864707341, 27.882845439608136, 26.658241877480158, 25.114823598710316, 23.778672960069443, 23.012024894593253, 21.6907958984375, 21.313267299107142, 20.10938275049603]}}