{"0": {"train": [34.85476864085478, 49.24966610179228, 40.64057832605698, 27.337192311006433, 33.351479923023895, 28.793458826401654, 43.27508903952206, 28.932861328125, 29.325286865234375, 25.649957993451288, 41.46500172334559, 16.32901719037224, 14.37152727912454, 27.433019301470587, 17.669024299172793, 20.515572940602024, 34.04823572495405, 24.833307602826288, 14.435896031996784, 14.251310460707721], "valid": [44.367529975043404, 57.16602918836806, 36.673363579644096, 28.398866441514755, 44.24120415581597, 48.22279527452257, 28.836378309461807, 28.24077690972222, 33.89735243055556, 30.803331163194443, 23.210800170898438, 34.78220960828993, 37.38450792100694, 22.651078965928818, 32.64414808485243, 46.19724867078993, 33.26806301540799, 36.054290771484375, 22.64632839626736, 21.273361206054688]}, "1": {"train": [35.022500430836395, 26.686975815716913, 43.72023279526655, 46.21554385914522, 50.99771297679228, 34.508185891544116, 42.97738108915441, 52.17122874540441, 44.123635684742645, 38.48539823644302, 30.749705595128678, 30.610376694623163, 28.374371696920957, 31.502804026884192, 29.598406623391543, 25.339687571806067, 16.99300967945772, 19.80329625746783, 14.820527918198529, 28.927669749540442], "valid": [29.27889675564236, 34.02674696180556, 44.67588975694444, 43.9105224609375, 47.131863064236114, 39.936794704861114, 38.138407389322914, 33.74596828884549, 39.698523627387154, 21.076853434244793, 12.776176452636719, 26.098097059461807, 28.48357476128472, 19.22029791937934, 21.77142842610677, 23.88692389594184, 17.631610446506077, 33.92432318793403, 33.62451510959201, 21.100453694661457]}, "2": {"train": [43.994544135199654, 31.809444851345486, 43.86144002278646, 43.09044053819444, 32.325903998480904, 37.08795844184028, 23.029256184895832, 27.058853149414062, 22.921424018012154, 30.93309868706597, 27.160797119140625, 23.670969645182293, 18.66768561469184, 16.781199137369793, 24.634889390733505, 15.988293117947048, 20.908160739474827, 16.51944308810764, 18.650215996636284, 18.955320570203995], "valid": [50.29647445678711, 35.51176834106445, 45.83064270019531, 63.083988189697266, 50.98521423339844, 38.459442138671875, 50.24833297729492, 43.229007720947266, 47.171714782714844, 44.98986053466797, 54.6231575012207, 37.89742660522461, 49.797767639160156, 35.2303466796875, 30.036693572998047, 38.458404541015625, 34.62129211425781, 33.189361572265625, 33.14177703857422, 55.09871292114258]}}