{"0": {"train": [3.8431216813003153, 3.2718042427907736, 2.993695901322069, 2.8074490124946356, 2.706419651974132, 2.634073559634623, 2.5785021762022007, 2.5201852205545032, 2.4934240061127433, 2.4653659206018586, 2.462313270393846, 2.4493978071725073, 2.4263532935883254, 2.402294491212874, 2.3959398692197627, 2.386247348393058, 2.3741970752665598, 2.3550227328905162, 2.3609769113652255, 2.3309834548282256], "valid": [3.285642956055959, 2.9843011971012268, 2.8012205701728425, 2.692343967347875, 2.604681810514735, 2.589438339852999, 2.57693692073323, 2.5862147486024996, 2.568822901136313, 2.598930719266548, 2.5737642703909303, 2.5812863421832457, 2.610957145126413, 2.6064162725694957, 2.6336071564909322, 2.633240844394182, 2.652142963339425, 2.6422502534183736, 2.664778534076447, 2.6885274600542353]}, "1": {"train": [3.825057659588932, 3.254452107018787, 2.995237368246293, 2.8174317894780168, 2.7060016351287106, 2.647499212957739, 2.5680123885018644, 2.5487024670407625, 2.5014306509114084, 2.48657844374778, 2.4610696901498725, 2.4462575360091345, 2.4208042482246315, 2.418252351126173, 2.410518497545284, 2.3942388260809446, 2.386333430237129, 2.3781577505540223, 2.385655318035598, 2.353881788969315], "valid": [3.3164833478000695, 2.996338902217503, 2.796219112323532, 2.6873321912550314, 2.6284169716088184, 2.588261575970944, 2.569542389078593, 2.5756285197638586, 2.5637250963267286, 2.5707903329445734, 2.5690999040663476, 2.5996603159081997, 2.612633787443952, 2.587484687379765, 2.582355364238043, 2.6461869306757393, 2.636640040877586, 2.64777610637005, 2.6472113053728394, 2.6462784292176584]}, "2": {"train": [3.8257191306012666, 3.253562999279031, 2.983976904890842, 2.8072863869609614, 2.673168200324829, 2.5844338171740424, 2.5395067250925836, 2.4801797005643813, 2.454945241166166, 2.4289133920544512, 2.4121147655024493, 2.3765920191429024, 2.3829780231093873, 2.3590164665542592, 2.3468130337898083, 2.34267327242634, 2.3152948815835233, 2.327138530825928, 2.314773043371896, 2.2164842619873215], "valid": [3.292275064892214, 2.982854619821571, 2.787163119464566, 2.6927806501545484, 2.60606842203593, 2.580669617587975, 2.565768585439912, 2.5470783300931545, 2.55156373125259, 2.5571581557246654, 2.5814940582524675, 2.6018634848980224, 2.581311516385255, 2.621008053663653, 2.5995669386944886, 2.641161982203371, 2.6511578890110763, 2.6739863669701522, 2.6443135480676387, 2.5947961745155457]}, "3": {"train": [3.8150751913383276, 3.239656992808916, 2.9770806814766, 2.8078046455905477, 2.669271295782464, 2.6087399706344803, 2.538487856374861, 2.4983901495444876, 2.4695557598039217, 2.43449262104606, 2.4145720611357753, 2.382236346189419, 2.3625076376364227, 2.3621896677303, 2.354576252081021, 2.3343447023561783, 2.3459499572234552, 2.335715509965779, 2.2430032313633, 2.0906657388780983], "valid": [3.3035036137957476, 3.0072732820523846, 2.827935849908246, 2.702524829996152, 2.654191244038766, 2.6197826268299926, 2.6018001443714667, 2.6190346616386964, 2.629264887996785, 2.619974652904957, 2.6356152612560493, 2.634363731637642, 2.644559251092816, 2.667397498802204, 2.7084512630971407, 2.6745504158989672, 2.697097307721301, 2.7354140248087226, 2.6276623944875466, 2.5940825229130593]}, "4": {"train": [3.8381011116120978, 3.2377007896318903, 2.9608125375739918, 2.7996062534683683, 2.697214033018868, 2.6103896639729003, 2.5609749583795782, 2.498950782406123, 2.4680625549158344, 2.4506173840408807, 2.4132362117901405, 2.4291801282718275, 2.4181927849264704, 2.3798101501803552, 2.3788126835344987, 2.364445104397891, 2.3492236924250833, 2.3429325344524603, 2.238817358606178, 2.136128484265168], "valid": [3.258484721331968, 2.94035933430267, 2.760848374870046, 2.6639925370114472, 2.593885026689124, 2.571480170861729, 2.5528581506693784, 2.5917630785842323, 2.568759989344699, 2.55499859756075, 2.581583666080255, 2.6085576354550515, 2.5731603592741816, 2.597173568968563, 2.6305814596374977, 2.588479551210191, 2.624149792882962, 2.65953245068686, 2.5991400550061416, 2.53017024173058]}}