{"0": {"train": [14.648161315917969, 11.509132385253906, 15.032943725585938, 11.015761566162109, 15.657911682128907, 16.88272705078125, 14.097857666015624, 11.658554840087891, 9.540795135498048, 11.641305541992187, 11.879788970947265, 11.786375427246094, 10.021650695800782, 14.439225769042968, 11.761620330810548, 7.066082763671875, 9.451069641113282, 10.369226837158203, 9.306449127197265, 6.603636169433594], "valid": [12.551944732666016, 13.703814188639322, 11.319742838541666, 17.96791712443034, 11.720977783203125, 11.827519734700521, 10.546104431152344, 14.906234741210938, 13.728046417236328, 14.100574493408203, 12.914863586425781, 16.020299275716145, 10.47128423055013, 11.799387613932291, 14.105860392252604, 13.238688151041666, 11.680557250976562, 14.768484751383463, 14.581827799479166, 9.319105784098307]}, "1": {"train": [11.101456415085565, 10.634158179873513, 15.079400925409226, 13.738834926060267, 18.187810988653276, 12.647279285249256, 10.211561657133556, 10.960548037574405, 8.208605085100446, 10.744632539295015, 7.056984311058407, 7.163256690615699, 9.749981834774925, 9.02745855422247, 6.713694254557292, 10.536919730050224, 12.865670340401786, 7.3579457600911455, 7.412952968052456, 7.946036202566964], "valid": [15.24681396484375, 9.776445770263672, 16.635009765625, 10.266243743896485, 8.777613830566406, 12.693574523925781, 4.498520278930664, 11.510079956054687, 14.192446899414062, 9.66913299560547, 10.325238037109376, 7.003358459472656, 18.521359252929688, 17.479470825195314, 9.975566101074218, 6.801911926269531, 9.585221862792968, 9.183961486816406, 10.379730224609375, 18.06616668701172]}, "2": {"train": [11.954403831845237, 13.081800188337054, 13.633854457310267, 15.511095319475446, 14.801667712983631, 15.720129103887649, 12.359447660900297, 14.944434756324405, 12.356494721912203, 11.306582496279763, 11.078672136579241, 11.478794642857142, 13.34222412109375, 14.011880057198661, 11.009747459774925, 9.578833443777901, 11.792415800548735, 8.632589431036086, 11.488391694568453, 8.144138881138392], "valid": [11.052937316894532, 14.150039672851562, 15.891400146484376, 11.136990356445313, 8.03863754272461, 10.83404541015625, 9.668412780761718, 19.326593017578126, 14.54900665283203, 11.91566162109375, 9.440048217773438, 10.340103149414062, 19.179031372070312, 7.927983093261719, 6.541331481933594, 9.308338928222657, 10.941614532470703, 9.457656860351562, 8.250717163085938, 12.858906555175782]}, "3": {"train": [13.551394507998513, 10.384544735863095, 11.297401064918155, 13.707051595052084, 13.238108317057291, 14.259958902994791, 12.960255940755209, 13.789751325334821, 11.1285400390625, 17.375421433221724, 12.603756859188987, 15.220678420293899, 9.5415525890532, 7.707313174293155, 9.918023972284226, 10.282955351329985, 6.101508004324777, 8.06097412109375, 7.912598382859003, 11.694128127325149], "valid": [13.795999145507812, 10.82330780029297, 12.89264373779297, 18.572171020507813, 14.34691162109375, 9.057276916503906, 10.939804077148438, 7.543497467041016, 4.725652694702148, 14.668927001953126, 7.910796356201172, 12.580656433105469, 10.293002319335937, 13.3165771484375, 14.24212646484375, 19.9408203125, 13.400225830078124, 18.770697021484374, 10.914080810546874, 12.592866516113281]}, "4": {"train": [13.937207903180804, 11.064584641229539, 12.324374244326638, 14.974279494512649, 10.980561755952381, 13.647707984561013, 13.393772670200892, 14.516219366164435, 10.421389625186013, 14.82585943312872, 8.693912324451265, 12.83069574265253, 11.923851376488095, 6.51308840797061, 13.643640427362351, 9.556605021158854, 10.087020874023438, 10.087947300502233, 10.29688735235305, 9.043488275437127], "valid": [13.260772705078125, 16.173202514648438, 11.599802398681641, 17.10175323486328, 24.704592895507812, 15.723435974121093, 20.466920471191408, 23.360372924804686, 16.946493530273436, 12.789840698242188, 16.82119140625, 18.8882568359375, 21.939471435546874, 16.85534210205078, 12.814578247070312, 13.621653747558593, 12.85833282470703, 22.096873474121093, 16.650067138671876, 16.343869018554688]}}