{"0": {"train": [59.18543497721354, 55.86115519205729, 57.02666219075521, 46.61274210611979, 59.51140848795573, 57.30257670084635, 61.45824178059896, 67.5587666829427, 32.75814565022787, 37.359423319498696, 39.21355946858724, 54.852579752604164, 32.068458557128906, 36.57542165120443, 21.541898091634113, 27.262921651204426, 22.274024963378906, 30.22131093343099, 40.957043965657554, 24.927881876627605], "valid": [37.695106506347656, 50.39993667602539, 41.83355712890625, 26.200252532958984, 32.92730712890625, 48.13196563720703, 29.78716278076172, 26.635353088378906, 2.423670530319214, 28.3178768157959, 25.875118255615234, 23.582454681396484, 0.45231306552886963, 17.439306259155273, 26.553312301635742, 24.274953842163086, 18.23089599609375, 17.598142623901367, 5.224052429199219, 24.361980438232422]}, "1": {"train": [67.85156758626302, 69.56762186686198, 75.75558471679688, 54.82789103190104, 66.35408020019531, 75.32375590006511, 35.76549530029297, 67.73626708984375, 35.96793874104818, 37.21614074707031, 29.0084228515625, 29.09093475341797, 51.857808430989586, 56.0272471110026, 19.78329086303711, 32.23283386230469, 28.976951599121094, 31.079307556152344, 27.99132537841797, 27.54028828938802], "valid": [57.066558837890625, 59.9774055480957, 50.836368560791016, 39.90605163574219, 49.13776779174805, 41.67487716674805, 44.37266540527344, 15.853973388671875, 40.66246032714844, 45.172489166259766, 47.16089630126953, 32.56133270263672, 31.36324691772461, 23.80484962463379, 24.383928298950195, 33.28831100463867, 17.82097625732422, 21.292226791381836, 12.374674797058105, 27.16092872619629]}, "2": {"train": [28.174766540527344, 32.52099609375, 52.042320251464844, 21.0870361328125, 34.13234329223633, 40.933589935302734, 18.660457611083984, 31.48518943786621, 20.377107620239258, 12.144425392150879, 17.58247184753418, 27.334291458129883, 8.137618064880371, 9.948835372924805, 10.825494766235352, 24.739896774291992, 8.042707443237305, 2.237023115158081, 22.98370361328125, 0.12956872582435608], "valid": [82.27581024169922, 39.847835540771484, 102.11333465576172, 93.39656829833984, 76.91989135742188, 82.56800079345703, 55.306461334228516, 88.99676513671875, 89.07732391357422, 76.03592681884766, 61.519805908203125, 79.2142105102539, 68.69893646240234, 51.63215637207031, 76.22927856445312, 65.75302124023438, 61.8057746887207, 35.68815612792969, 70.44528198242188, 53.763816833496094]}}