{"0": {"train": [10.990362405776978, 8.582443714141846, 9.657152652740479, 8.055119276046753, 8.160603821277618, 8.134785145521164, 7.553221523761749, 6.25803005695343, 6.240251392126083, 6.949606195092201, 6.611349731683731, 6.766878128051758, 6.028490364551544, 5.308029517531395, 7.032252788543701, 5.834575891494751, 5.489998608827591, 5.142089232802391, 5.893205285072327, 5.144939512014389, 5.706081598997116, 4.1136617213487625, 5.556196835357696, 6.559869766235352, 6.194977402687073, 4.852006018161774, 6.167396903038025, 6.1321316212415695, 5.773041367530823, 4.602400422096252, 5.1698343604803085, 4.2922738790512085, 6.2389732003211975, 6.040297091007233, 5.101827889680862, 3.733477622270584, 5.64799040555954, 5.6606835424900055, 5.482497751712799, 4.827610928565264, 4.982277005910873, 4.775664389133453, 4.679336175322533, 5.358970686793327, 4.030072405934334, 5.285624742507935, 3.729713588953018, 3.770489051938057, 4.60882842540741, 4.453257471323013, 4.487311854958534, 5.316737949848175, 6.463013470172882, 3.6762846037745476, 5.631801247596741, 5.057155646383762, 3.9925988763570786, 5.1110862493515015, 4.653075456619263, 4.8807432651519775, 4.481220841407776, 4.81637342274189, 3.6497099474072456, 5.910311341285706, 3.62481290102005, 5.050289452075958, 4.135407537221909, 4.918699696660042, 4.251465253531933, 5.213810682296753, 5.633312344551086, 6.41132478415966, 6.056217074394226, 5.191261053085327, 5.017786383628845, 4.458915658295155, 4.005826275795698, 4.794047325849533, 5.038301292806864, 5.136943846940994, 4.359387516975403, 3.8250271677970886, 3.437274992465973, 4.747920512978453, 3.649097368121147, 4.169017896056175, 3.7588143944740295, 4.48221030831337, 4.621450513601303, 6.474657475948334, 5.101712390780449, 4.522934406995773, 3.776012361049652, 4.302514672279358, 4.680915266275406, 5.137663662433624, 4.076523050665855, 5.09780503436923, 5.403603941202164, 4.145636230707169], "valid": [9.058371014065212, 8.54927847120497, 8.213364283243815, 7.370933532714844, 6.90118768480089, 6.291830804612902, 6.6881775326199, 7.411371654934353, 8.05888197157118, 7.880612479315864, 7.600275463528103, 7.401321199205187, 7.354523552788629, 7.698262320624457, 7.315943823920356, 6.879040824042426, 7.022897614373101, 7.328610314263238, 7.553793589274089, 7.5614950391981335, 7.797671000162761, 7.812021891276042, 8.175120035807291, 8.755402247111002, 9.065515094333225, 9.061464521620008, 9.095607863532173, 8.90639919704861, 8.842565748426649, 8.847258567810059, 8.983424928453234, 9.13062138027615, 9.43996916876899, 9.78822104136149, 9.640871471828884, 9.580870734320747, 9.578457090589735, 9.626003477308485, 9.542380226982964, 9.443847868177626, 9.410217920939127, 9.425107532077366, 9.336050245496962, 9.336843066745335, 9.418215009901258, 9.47699334886339, 9.470435248480904, 9.51611434088813, 9.643296983506945, 9.781075159708658, 9.827837414211697, 9.829733106825087, 9.826716211107042, 9.807462480333117, 9.76095241970486, 9.764331393771702, 9.83325269487169, 9.838604397243923, 9.849868350558811, 9.84759881761339, 9.839471499125162, 9.83271959092882, 9.821332507663303, 9.820968839857313, 9.823591868082682, 9.841726303100586, 9.840927759806315, 9.838508394029406, 9.83296012878418, 9.817075729370117, 9.792366663614908, 9.731949382358128, 9.707882033454048, 9.69106027815077, 9.691441006130642, 9.693476359049479, 9.697090996636284, 9.698603947957357, 9.705184724595812, 9.701749801635742, 9.691076066758898, 9.681418312920464, 9.66769387986925, 9.666502422756619, 9.662137985229492, 9.661052491929796, 9.665869183010525, 9.67365582784017, 9.68669319152832, 9.692028575473362, 9.691489113701714, 9.692995071411133, 9.696155336168077, 9.69882329305013, 9.699089050292969, 9.699229346381294, 9.700101640489367, 9.705855581495497, 9.708276536729601, 9.705500496758354]}, "1": {"train": [11.307503419763902, 9.465191336239085, 8.447762208826402, 7.359866422765395, 7.935559104470646, 7.82802536908318, 7.540069523979636, 6.835399066700655, 7.096189835492303, 5.251722672406365, 5.65708345525405, 5.8978665576261635, 5.776247529422536, 6.017561407650218, 7.923904194551356, 6.293269774493049, 6.108058985541849, 7.263712209813735, 6.576793109669405, 5.623961112078498, 4.838077489067526, 4.954180016237147, 5.888986026539522, 5.244468464570887, 5.430263070499196, 5.278805452234605, 5.13861925461713, 5.261624487007365, 5.842927694320679, 5.498945292304544, 4.3676448148839615, 4.647731717895059, 5.797016592586742, 4.495920770308551, 5.537461063441108, 7.219895531149471, 6.308462872224696, 4.97784771638758, 6.260887706980986, 4.953061720904182, 3.7467542658833897, 5.047680714551141, 6.154650575974408, 6.0127353107228, 5.15199857599595, 6.124906764310949, 5.686594626482795, 5.228155304403866, 5.8468217569239, 4.646624509026022, 4.8390594931209785, 5.577807819142061, 5.176554567673627, 5.764340737286736, 5.185118002050063, 3.8464160316130696, 6.045841497533462, 4.375161058762494, 4.602633714675903, 3.365425881217508, 4.63378168554867, 4.547844129450181, 3.9398419857025146, 5.6448328915764305, 3.0793108098647175, 4.487963662428014, 5.915031713597915, 6.391751064973719, 3.920008196550257, 6.909517961389878, 5.767831662121941, 4.969284534454346, 5.469880272360409, 5.322102097903981, 4.3750345777062805, 6.396475511438706, 5.131794761208927, 4.587243472828584, 7.042877365561092, 4.1669572381412285, 5.397526769077077, 4.043076038360596, 5.55308729059556, 5.947802038753734, 4.5421140053692985, 4.670921718373018, 5.105159857693841, 6.075186084298527, 4.7348268452812645, 4.711605969597311, 4.515092400943532, 5.203795433044434, 4.340791758368997, 4.508746343500474, 6.370260238647461, 5.914149649002972, 6.014042629915125, 5.1722767493304085, 5.743390924790326, 4.9275749290690705], "valid": [8.285711288452148, 7.686847448348999, 7.731282591819763, 8.030190229415894, 9.07815682888031, 9.119279623031616, 8.948683023452759, 9.222145557403564, 8.89628916978836, 8.790477693080902, 9.274571061134338, 10.71258395910263, 12.389810621738434, 12.72367238998413, 11.762744545936584, 10.679057538509369, 10.450927734375, 10.383421182632446, 10.481592416763306, 10.422209858894348, 10.597260475158691, 10.793980121612549, 10.92091703414917, 10.855107426643372, 10.894904732704163, 10.859575986862183, 10.839778423309326, 10.734017133712769, 10.66767168045044, 10.648617506027222, 10.91740107536316, 11.348300874233246, 11.486298084259033, 11.514176964759827, 11.530710458755493, 11.58429503440857, 11.585007429122925, 11.595306158065796, 11.623533248901367, 11.660598039627075, 11.754141330718994, 11.851967871189117, 11.890076339244843, 11.987085103988647, 12.106213331222534, 12.166906356811523, 12.217416763305664, 12.234746932983398, 12.25214159488678, 12.296473979949951, 12.338366985321045, 12.365759074687958, 12.362015902996063, 12.375921130180359, 12.366334915161133, 12.35657548904419, 12.338146686553955, 12.336047172546387, 12.34757137298584, 12.348931074142456, 12.35816740989685, 12.354981184005737, 12.359660863876343, 12.378190755844116, 12.399815320968628, 12.43409776687622, 12.471884727478027, 12.501575827598572, 12.511629700660706, 12.518274068832397, 12.526615858078003, 12.532573342323303, 12.543095469474792, 12.54456615447998, 12.548290729522705, 12.554629564285278, 12.568042993545532, 12.586323261260986, 12.608023405075073, 12.612688720226288, 12.616528272628784, 12.616862058639526, 12.612975358963013, 12.61397099494934, 12.617228031158447, 12.619769096374512, 12.623784303665161, 12.623320579528809, 12.621175765991211, 12.618593215942383, 12.617995262145996, 12.619784832000732, 12.624325513839722, 12.628196239471436, 12.629923582077026, 12.630532264709473, 12.631426095962524, 12.6322922706604, 12.632867097854614, 12.63283085823059]},