{"0": {"train": [33.920924598623856, 13.925709889263189, 8.243359151017776, 7.841844000860092, 8.220028624928325, 6.847339091169725, 5.535160505662271, 6.042740803289851, 5.317318999964163, 5.350093378189507, 5.487997845290998, 5.313029292395355, 5.160669572462729, 5.236634801462156, 5.172587106687213, 4.942907378870413, 4.926486435636468, 5.105530345111812, 4.962949845900229, 4.887018035048738], "valid": [18.520919581422017, 9.348471186926606, 7.371004873853211, 8.664608299885321, 6.6247815725344035, 5.446266485091743, 5.595408185206422, 5.70337872706422, 5.418616148222477, 5.581931353927752, 5.201623691943808, 5.234698340739679, 5.0346756737385325, 4.8957264191513765, 5.142207837586009, 4.902404046014908, 5.4873514549885325, 4.8728160837155965, 5.032609482511468, 4.753137811783257]}, "1": {"train": [34.08663489105505, 15.781138098480504, 9.222208957497132, 7.486302277451261, 6.456208249713303, 5.754179105146216, 5.972032011539564, 5.792233953913417, 5.579841913345757, 5.513295943233945, 5.65453622240539, 5.414899140804186, 5.185108071423452, 5.294676457676319, 5.173437253619553, 5.076463499856652, 4.868822256665711, 4.8747067400731074, 4.649889487170298, 5.114710435779816], "valid": [19.114542001146788, 9.638874892488532, 7.498587299311927, 8.08295907396789, 5.888384013044725, 7.712440868692661, 5.613740234375, 5.663872742259175, 5.733169079701835, 5.316642416857798, 5.51741175100344, 5.1870314291857795, 5.28570294581422, 4.963670979071101, 5.197523204558486, 5.0061499247419725, 5.007557877006881, 5.14899431981078, 4.625821566800458, 5.448418685493119]}, "2": {"train": [31.5271484375, 15.454101428110665, 8.755112528669725, 7.48144060887328, 6.953418013546445, 6.077790572140195, 6.167919877078555, 5.98760950490969, 6.108070527522936, 7.126325661195527, 6.3618689972763764, 6.266703586403383, 6.394255684668865, 5.840911607654816, 5.961723879192947, 5.912982950473051, 5.462010755626434, 6.309575060923165, 5.470788014263188, 5.433583178038991], "valid": [18.898608443233947, 9.69131809059633, 7.565114499713303, 6.239390409977064, 6.360148903383028, 5.962010285263761, 11.813429257454128, 5.902824415854358, 6.364518886181193, 6.046473175888761, 5.847012704271789, 7.025277648365826, 6.107308092029816, 5.724841778956422, 5.831541087299312, 5.5005223265481655, 5.772349842316514, 5.750016305905963, 5.542498028956422, 5.2331135321100914]}, "3": {"train": [35.16848982224771, 18.984161768922018, 9.807483873279816, 8.186182581350344, 7.686942105074541, 6.215226490825688, 6.1633359912557335, 6.420817848695528, 5.9397825580561925, 5.789301265051606, 5.779900686281537, 5.827831426497993, 5.521607050064507, 5.407010800422879, 5.347757467567374, 5.317032571495126, 5.134827824863819, 5.083151609088302, 4.965358237170298, 4.808874825293865], "valid": [24.068168004587157, 12.145939291857799, 9.03716796875, 6.706508027522935, 6.161919079701835, 6.079009729787844, 5.488581206995413, 5.864485915997706, 6.0459975272362385, 10.145339198681192, 5.422001953125, 5.514620484518349, 5.48762668434633, 6.954533221043578, 5.743724107654817, 5.021346670728211, 4.985046588302752, 4.890962944380734, 4.877475541141055, 4.952958267631881]}, "4": {"train": [31.249328590883028, 12.897862403239678, 8.15381356615539, 6.870378014800745, 6.51537615574828, 7.178620717459863, 6.283506844896789, 5.769068592316514, 6.032222351634174, 5.603547475272363, 5.647230862958716, 5.76707555368406, 6.102166983228211, 5.293555001075115, 5.314105773365826, 5.3182573734948395, 5.095798631020642, 4.984798214413704, 4.9061618181981075, 4.8580782773079125], "valid": [16.325630017201835, 10.334205311066514, 10.637191442087156, 5.963850344036698, 6.294713661123853, 6.380985521788991, 6.127993119266055, 6.198350505303899, 6.062155963302752, 5.7468796588302755, 6.39589861668578, 6.227880053038991, 5.399932536553899, 5.3673864858084865, 5.6566985915997705, 5.371168918434633, 5.04454155318234, 4.975542126576835, 5.229042431192661, 4.853155640768349]}}