{"0": {"train": [17.95040167576148, 18.19202110307077, 14.997680399267896, 13.292296524765003, 12.472714063488567, 11.932915346224242, 11.591195261659436, 11.37387656475958, 11.510332991571765, 11.289366484205532, 11.187128757965022, 11.275023796208425, 11.223090513150758, 11.207960767325334, 11.230419586468502, 11.160164723427332, 11.085594590987663, 11.061348496531544, 11.130414167005604, 10.698294616831616], "valid": [20.725465984013727, 19.250031752393426, 16.645619298681357, 15.714514936325868, 15.35417678039198, 15.051057848627167, 14.648122798500722, 14.579253268379697, 14.60618564848266, 14.84342718400018, 15.032424485752347, 15.040605313516076, 14.90690868576138, 15.057053053310153, 15.176654088014812, 15.389750397963331, 15.138452430680998, 14.85278355592937, 15.076206802632766, 14.046062491532695]}, "1": {"train": [17.842579078260574, 18.079074906509852, 15.111550375937727, 13.180362549710773, 12.409803013998102, 12.012646502027973, 11.532520043186235, 11.316910242396512, 11.133140315719903, 11.204954465919876, 11.046946759337716, 11.058320040644206, 11.062440686008676, 10.98547672208288, 10.970856529340654, 10.9514439073233, 10.98912532693307, 11.027406947645517, 10.94292970162238, 10.523133604059337], "valid": [21.707004436867773, 19.423895863439306, 17.33942638242865, 16.068480386899385, 15.880153766257225, 15.641081528856574, 15.391058596572435, 15.101756895208634, 15.348095491442377, 15.419059973920701, 15.513153958182803, 15.473657861610368, 15.61448431290643, 15.637439529330745, 15.635988092146857, 15.553031789085079, 15.655303425871567, 15.813795497651734, 15.59028898911669, 14.450872696893063]}, "2": {"train": [17.92340648372537, 18.129205291372923, 15.115771466722027, 13.390720237792616, 12.58285105409436, 12.081319658633857, 11.78790217004474, 11.504995261941884, 11.433513252440347, 11.419931848930089, 11.260496987696584, 11.217052313528109, 11.137107733273455, 11.150762484889055, 11.141712423174258, 11.22144181368063, 11.09595900485245, 11.201197560076599, 11.21541623593411, 10.749059714360765], "valid": [20.69516008851156, 18.9928101997155, 16.86299865369852, 15.499388237220014, 15.098975032740245, 14.831786403766257, 15.033140678626264, 14.580556880531972, 14.690776847001445, 14.892403486836164, 14.999540648708454, 14.926980784862717, 14.80863679213331, 14.78874180082641, 15.320283217237176, 15.065560930726155, 15.087229822412391, 15.210977366893967, 15.252120354272037, 14.108392792630058]}, "3": {"train": [18.08837625830396, 18.468368166180856, 15.212071085700243, 13.293143249644116, 12.619454847930225, 12.128758759405505, 11.768527060596304, 11.48744291028335, 11.3330249358844, 11.239030618729664, 11.208301822775443, 11.11486542785159, 11.101594098822758, 11.083067479550795, 11.022434722834191, 11.19647238863092, 11.180972371684065, 11.080018281419468, 11.16397149892105, 10.692709480776617], "valid": [21.08726686687139, 19.160123439193463, 16.962375177813403, 15.912442069522218, 15.41881054123013, 15.11357090238891, 15.058204253973988, 14.63621247572706, 14.671339795768606, 14.802857150921243, 14.849733209334357, 15.112845889405708, 14.829573614748917, 15.15324128432081, 16.649245422010477, 15.170695574986452, 15.205865937161308, 15.302791176503794, 15.437505644869942, 14.340945205247472]}, "4": {"train": [17.82837963655505, 17.93990612581286, 14.969503942941655, 13.162726606247743, 12.42021090998126, 11.942536547004831, 11.617467803073067, 11.34235483511335, 11.257142612699829, 11.107315151677655, 11.121330305331016, 11.050447585265761, 11.041324946232614, 11.067843751411218, 10.912313384127755, 10.988663866340769, 11.01661364604972, 10.90274374195606, 10.871159900819634, 10.860011018080518], "valid": [21.335502292798914, 19.607960753509964, 17.313820482336958, 16.26812938745471, 15.953616111865943, 15.466931329257246, 15.38761570142663, 15.283228954370472, 15.418018285778986, 15.25583885303442, 15.693659420289855, 15.724877575860507, 15.38247848731884, 15.597483936254529, 15.707783840013587, 15.755645663496377, 15.453688646399456, 15.640856402853261, 15.6760986328125, 15.713082399230073]}}