metrics,mean
P_2,0.4
P_5,0.24000000000000005
P_10,0.2
recall_2,0.4
recall_5,0.5666666666666667
recall_10,0.9
ndcg_cut_2,0.4905177542123667
ndcg_cut_5,0.5783787660663354
ndcg_cut_10,0.7186965255404608
map_cut_2,0.4
map_cut_5,0.45666666666666667
map_cut_10,0.5546825396825398
success_2,0.8
success_5,1.0
success_10,1.0
aucroc,0.6868686868686869
skill_coverage_2,1.0
skill_coverage_5,1.0
skill_coverage_10,1.0
