{"0": {"train": [71.28910231590271, 43.23382639884949, 44.29688882827759, 53.89606165885925, 42.340571641922, 46.13555383682251, 41.645763874053955, 42.20425748825073, 39.47460317611694, 39.79988646507263, 43.792197942733765, 40.58562231063843, 51.019821882247925, 41.247766971588135, 40.96994352340698, 40.23604440689087, 39.76729154586792, 40.289247274398804, 38.41573882102966, 37.20372009277344, 40.690810680389404, 37.52421569824219, 37.36397314071655, 41.710769176483154, 37.206721782684326, 39.92915344238281, 45.29317235946655, 47.51023030281067, 42.240097522735596, 40.73614478111267, 46.15652132034302, 41.96126103401184, 42.36678767204285, 44.66141319274902, 41.384491205215454, 41.93175148963928, 41.24462842941284, 41.334612131118774, 41.94203209877014, 41.79179549217224, 38.90881872177124, 38.9028103351593, 37.51298260688782, 38.07461595535278, 39.592350482940674, 37.71641659736633, 38.11972105503082, 43.04354739189148, 37.556469202041626, 38.14144587516785, 36.95769739151001, 35.939881563186646, 36.90403866767883, 37.925493240356445, 38.80104184150696, 37.51245951652527, 36.27714502811432, 37.26067876815796, 42.73520267009735, 37.53115177154541, 36.966925740242004, 36.74350547790527, 36.67368042469025, 36.80582141876221, 35.97515857219696, 35.636709690093994, 37.02582883834839, 36.379822731018066, 36.28350377082825, 35.914912700653076, 34.898600339889526, 35.378427386283875, 36.639732360839844, 36.11824703216553, 35.16339635848999, 34.26832091808319, 34.7054637670517, 35.595227122306824, 35.85131001472473, 35.49351453781128, 34.67980623245239, 38.25828218460083, 36.497897148132324, 35.85370111465454, 36.891480684280396, 34.312856674194336, 35.26829528808594, 34.75568604469299, 34.31446695327759, 35.33622658252716, 34.208740234375, 38.36213505268097, 36.22888100147247, 34.507166147232056, 34.97879469394684, 34.778738021850586, 33.10285544395447, 35.50752103328705, 34.095017313957214, 33.95080351829529], "valid": [65.03407626681857, 46.832679748535156, 54.39202372233073, 49.82025400797526, 60.99865214029948, 40.67668660481771, 42.90553877088759, 41.74821472167969, 39.464878506130646, 39.92000749376085, 38.56551869710287, 49.02437082926432, 38.98725467258029, 41.567237854003906, 40.09380340576172, 42.29080454508463, 36.49022674560547, 39.82533179389106, 50.66416337754991, 37.82022349039713, 40.348832024468315, 36.942559983995224, 38.729637145996094, 36.02734629313151, 36.15424007839627, 39.075696309407554, 37.532637702094185, 38.73990376790365, 38.09150187174479, 43.01039123535156, 43.32835557725694, 42.36109415690104, 40.07511986626519, 42.1361083984375, 43.91256120469835, 42.86151546902127, 41.1863767835829, 38.094383239746094, 37.79345279269748, 40.16438971625434, 38.124671936035156, 38.933341132269966, 40.32507832845052, 37.51701015896268, 37.801723056369354, 37.244583977593315, 37.64563242594401, 38.70770178900825, 39.84651438395182, 37.93510267469618, 36.54958004421658, 43.752062479654946, 36.26387617323134, 36.549346923828125, 44.88891940646701, 36.67152998182509, 37.93125576443143, 41.4559071858724, 35.62426503499349, 36.582151624891495, 35.64975145128038, 35.72309705946181, 36.348968505859375, 38.57814449734158, 35.854396396213104, 38.04380544026693, 35.60053507486979, 35.13542599148221, 40.10490841335721, 39.1371103922526, 41.917464362250435, 35.414595709906685, 35.22400580512153, 37.26482899983724, 35.260923597547745, 34.308707343207466, 34.96795399983724, 36.594702826605904, 36.42454189724393, 35.941268073187935, 35.27251095241971, 35.28933461507162, 35.62565782335069, 37.019755045572914, 36.9865230984158, 35.32701619466146, 36.512708028157554, 34.99189588758681, 34.63270907931857, 36.740562438964844, 35.56340620252821, 35.95572068956163, 35.217908223470054, 34.88067203097873, 34.51176961263021, 36.632835388183594, 36.752916971842446, 34.10983445909288, 34.940779791937935, 44.81026373969184]}, "1": {"train": [69.76790933048024, 46.233642578125, 40.8817138671875, 44.31650947122013, 47.684205896714154, 43.81485523897059, 43.400366839240576, 42.56279260971967, 45.701640858369714, 39.980140686035156, 38.67092536477482, 39.36878024830538, 38.020537432502294, 38.80353007597082, 41.33473429960363, 40.88561607809628, 37.424241458668426, 37.9018440246582, 39.07670548382927, 37.18977400835823, 37.22764856675092, 37.373041713938996, 39.25320928237017, 42.91994207045611, 38.51880196964039, 38.51169406666475, 40.12031285903033, 36.9044090719784, 39.15676161822151, 41.3170166015625, 38.32958086799173, 40.240984075209674, 37.45637332691866, 40.75031953699448, 37.22453532499426, 35.76494777903837, 38.37824361464556, 37.63798231237075, 36.12575665642233, 37.15532908720129, 36.15023624195772, 37.5248825970818, 37.10475158691406, 36.57329738841337, 36.3916805491728, 36.04468311982996, 36.691422630758844, 36.77037003461052, 35.32738719267004, 35.877036823945886, 35.988854352165674, 34.61250753963695, 35.00328288358801, 36.04360647762523, 35.9434549668256, 37.48059575697955, 38.74522489659927, 36.72126590504366, 35.4609837251551, 37.285020267262176, 35.95452768662397, 34.77970751594095, 34.599916345932904, 34.01842498779297, 35.92064936020795, 34.64935886158663, 35.78984159581802, 36.71543951595531, 35.296803193933826, 33.305283939137176, 35.87974727855009, 33.774767482981964, 38.57794279210708, 34.24031493243049, 37.19838535084444, 36.26858004401712, 34.712554034064794, 34.114621330710015, 35.142456503475415, 39.42771260878619, 34.025926028980926, 34.171875, 34.91279691808364, 35.5914997774012, 34.73389030905331, 36.24107001809513, 34.433109283447266, 36.762003281537226, 34.59928804285386, 37.77220871869255, 35.2780595667222, 35.458806430592254, 34.461256588206574, 34.9227954640108, 35.17627087761374, 36.2945027070887, 35.25146574132583, 33.81619217816521, 44.21063456815832, 34.214675678926355], "valid": [44.910523414611816, 45.75197505950928, 38.1062126159668, 42.4977502822876, 39.88669776916504, 41.027679443359375, 37.786166191101074, 38.86326599121094, 36.81711673736572, 36.86586380004883, 38.2153205871582, 39.71019172668457, 37.854543685913086, 34.62320137023926, 32.03084087371826, 33.874205112457275, 36.028818130493164, 35.02137851715088, 35.35642051696777, 38.35154151916504, 36.88465118408203, 38.26007556915283, 48.96310997009277, 33.8985071182251, 37.605013847351074, 35.99707889556885, 38.57968711853027, 39.966556549072266, 37.29912185668945, 34.81911277770996, 34.78428077697754, 48.515655517578125, 39.464263916015625, 37.414363861083984, 33.5916690826416, 35.17637538909912, 35.5858211517334, 33.009267807006836, 34.426888942718506, 38.023043632507324, 35.617271423339844, 33.12036323547363, 33.238115310668945, 34.72447395324707, 33.828463554382324, 32.87189960479736, 33.92868518829346, 35.25968313217163, 33.13911819458008, 31.78690528869629, 32.140652656555176, 32.94925308227539, 31.719815254211426, 46.89939498901367, 35.360358238220215, 34.351181983947754, 32.962751388549805, 33.7069091796875, 32.365177154541016, 36.17148780822754, 36.9774169921875, 34.11616611480713, 33.07436275482178, 35.26875972747803, 31.947089195251465, 33.833624839782715, 32.521063804626465, 31.09683609008789, 32.23225688934326, 33.50220584869385, 32.53156566619873, 33.53036117553711, 33.767313957214355, 32.57157897949219, 34.98026657104492, 33.590062618255615, 32.24015712738037, 32.652610778808594, 32.32065486907959, 30.159496307373047, 31.375749588012695, 33.46808385848999, 32.82293176651001, 32.014248847961426, 32.80162715911865, 32.30778789520264, 30.366250038146973, 30.928397178649902, 31.084314346313477, 33.068047523498535, 31.21778392791748, 33.19438886642456, 32.57082271575928, 30.87461566925049, 33.20135307312012, 31.758134841918945, 33.9239444732666, 32.68956279754639, 32.69005298614502, 32.31013298034668]},