{"0": {"train": [1.9823436737060547, 1.6043746948242188, 1.4638832092285157, 1.3580469131469726, 1.252013874053955], "valid": [0.9941452980041504, 0.9228348731994629, 0.876561164855957, 0.5161925792694092, 0.5431714057922363]}, "1": {"train": [2.095798110961914, 1.8226224899291992, 1.4093878746032715, 1.4363574981689453, 1.2645561218261718], "valid": [0.9530562400817871, 0.6550061702728271, 0.557452392578125, 0.7829151153564453, 0.7787686347961426]}, "2": {"train": [2.0625537872314452, 1.6729135513305664, 1.4749030113220214, 1.3407092094421387, 1.2617899894714355], "valid": [1.1015183448791503, 0.8062941551208496, 0.8102499008178711, 0.6434853076934814, 0.6996535778045654]}}