{"0": {"train": [47.221765252439944, 44.10771311267875, 43.70671206900778, 43.52374849048492, 43.44716995450609, 43.24469907879774, 43.106592384810696, 43.07662528603268, 43.047089596528934, 43.115734500077096, 43.09857743000501, 43.21635554349247, 43.25705747402712, 43.172147214881825, 43.359724494380536, 43.339041712086555, 43.37482370113089, 43.38971479304873, 43.59089597484819, 43.2368618108608], "valid": [44.50774964802896, 44.16807334615513, 43.76592839170186, 43.4679782956431, 43.369563972307425, 43.5273412882978, 43.31541959190215, 43.21336405747184, 43.365020115249564, 43.44845151075188, 43.331309264171026, 43.50364472032968, 43.38944716715691, 43.47216900318869, 43.477100146235585, 43.484369029062755, 43.68733624442712, 43.55456729560539, 43.58274425323478, 43.238690625838025]}, "1": {"train": [47.20166672960678, 44.06781307929344, 43.8346591785221, 43.74227182425159, 43.49307303394827, 43.31405767604654, 43.18013949684437, 42.86720316737327, 42.79869788218492, 42.86961643062118, 42.6073640307698, 42.69869416142928, 42.67985428910744, 42.71430821129063, 42.678155082928, 42.8331889988301, 42.90691600085459, 43.10947784291657, 43.12425440849636, 43.25467000334796], "valid": [44.36018588208551, 44.090783164366286, 43.94538931034627, 44.0806265084473, 43.82210459301254, 43.45226760745592, 43.23498251667672, 43.11698278589267, 43.19139752928902, 43.14970940129307, 42.64671113967384, 42.837313512964265, 42.87557787149705, 43.116658928017735, 43.034969278480325, 42.9740694372863, 43.17733280328171, 43.16800811104686, 43.28504699232368, 43.472085973116116]}, "2": {"train": [47.193330593649016, 44.11109798549399, 43.73464823296647, 43.55668411456413, 43.294532734243006, 43.14179271361996, 42.94912508621311, 43.070941342402016, 42.99818450956788, 42.88817853606264, 42.7838950493667, 42.857523385567866, 42.9135085146445, 42.79589185432247, 42.9338782048126, 43.04058209116968, 43.15638772295464, 43.318270906391, 43.255339287607356, 43.03069332703199], "valid": [44.491231128695695, 43.84576829463747, 44.01640025287443, 43.59434535220149, 43.386035012214236, 43.31388397421393, 43.065180505623154, 42.92505320157465, 43.349037579193485, 43.044816807455085, 42.97382118509486, 42.99496602850965, 42.94441549762001, 43.18680128249447, 43.381903215297335, 43.37606012943316, 43.410173953305176, 43.26410028974759, 43.461806755853615, 43.19953506563841]}, "3": {"train": [47.28095681126515, 44.16160945288511, 43.802960465082535, 43.61227382414956, 43.36907081909368, 43.27761943815451, 43.14086220062681, 43.15692381489972, 43.07558151357851, 43.08422935038893, 42.9551648684302, 43.05926061508078, 42.89053678673056, 42.903900935008934, 43.06719931501956, 43.210880028958385, 43.34416688438183, 43.39881102576106, 43.44755434201903, 43.50128612242869], "valid": [44.10353597332562, 44.01972709936059, 43.85747711926371, 43.49683337366335, 43.34217909354887, 43.4773769436972, 43.287288162669284, 43.52145318470937, 43.37866591977574, 43.47171259312567, 43.147663032775206, 43.151747441924776, 42.96172774568836, 43.13537805198696, 43.204915024135154, 43.55880629441539, 43.65416340622067, 43.54919078087289, 43.81438054406761, 43.44925998351183]}, "4": {"train": [47.1848930508242, 44.04031732650761, 43.871162330666316, 43.81244347250855, 43.56959438676903, 43.381742281516075, 43.24152361623529, 43.15897508469303, 42.85329435987362, 42.88747365782235, 42.883451144770085, 42.73379061743157, 43.01614800369046, 43.24916447470417, 43.15122592114801, 43.348378854528065, 43.28462802828653, 43.4734365375792, 43.59793824584339, 43.64516778661022], "valid": [44.32521595000402, 44.10170321739735, 43.930687895150584, 43.85945041331578, 43.43566538350978, 43.37219374467825, 43.060474263984894, 43.391002302286424, 43.03228533224496, 43.128951165379945, 42.84708372949659, 43.26229165025444, 43.09174779545363, 43.33706602838463, 43.26623852051934, 43.66133214250396, 43.413406683073305, 43.83439780601333, 43.52216044967969, 43.68700049645244]}}