{"train": [2.0029511234977027, 1.8079939430410212, 1.6401755267923528, 1.5075700337236577, 1.3894983313300393, 1.311238711530512, 1.2664757370948792, 1.1896748271855442, 1.1347345872358843, 1.0840087858113376, 1.0563430081714282, 1.0272052613171665, 1.0070614516735077, 0.9952077973972667, 0.9802936261350458, 0.9761244790120558, 0.9619117081165314, 0.9587418545376171, 0.9534727307883176, 0.9497805156491019, 0.939306912097064, 0.9309123754501343, 0.9370215318419717, 0.9265052432363684, 0.9253845160657709, 0.921568824486299, 0.9254329990256916, 0.9186429706486788, 0.921345816417174, 0.9217859371141954, 0.9197337491945787, 0.9197166074406017, 0.911593187939037, 0.9103804176503961, 0.9141583659432151, 0.9138077795505524, 0.9114623855460774, 0.9077204763889313, 0.9131138351830569, 0.9118061444976113, 0.9067698662931268, 0.912525702606548, 0.9055854434316809, 0.9146211797540839, 0.9051978046243842, 0.9102866324511442, 0.9093524759465997, 0.9120110354640267, 0.9070524112744764, 0.9071737013079904, 0.9016029916026376, 0.9049583077430725, 0.9151755273342133, 0.9047329046509482, 0.9105984676967968, 0.9020703028548848, 0.911641614003615, 0.9085000347007405, 0.9066812585700642, 0.9068761359561573, 0.9063170145858418, 0.9057895216074857, 0.904333539984443, 0.9074728353457018, 0.9108803380619396, 0.9119721380147067, 0.9069517634131692, 0.9073918895287947, 0.9101665453477339, 0.9117318147962744, 0.902194166725332, 0.9083131578835574, 0.9056456793438304, 0.9058432606133547, 0.9069956107573076, 0.9082371402870525, 0.9032555954022841, 0.9031753973527388, 0.903667235916311, 0.9094618667255748, 0.9090459238399159, 0.9064687138253992, 0.9071438583460721, 0.9062682065096769, 0.90395895188505, 0.9061569219285791, 0.9059235426512632, 0.9014234190637415, 0.9089116833426736, 0.9046914956786416, 0.904624567790465, 0.9033590230074796, 0.9048749967054888, 0.910056469115344, 0.9059769484129819, 0.9095802930268374, 0.9064338586547158, 0.9075641252777793, 0.9018618030981584, 0.9085734784603119], "valid": [0, 0, 0, 0, 0, 0, 0, 0, 0, 0, 0, 0, 0, 0, 0, 0, 0, 0, 0, 0, 0, 0, 0, 0, 0, 0, 0, 0, 0, 0, 0, 0, 0, 0, 0, 0, 0, 0, 0, 0, 0, 0, 0, 0, 0, 0, 0, 0, 0, 0, 0, 0, 0, 0, 0, 0, 0, 0, 0, 0, 0, 0, 0, 0, 0, 0, 0, 0, 0, 0, 0, 0, 0, 0, 0, 0, 0, 0, 0, 0, 0, 0, 0, 0, 0, 0, 0, 0, 0, 0, 0, 0, 0, 0, 0, 0, 0, 0, 0, 0]}