{"train": [2.2521280321207913, 1.976301908493042, 1.7531615170565518, 1.6247664960947903, 1.486080364747481, 1.4064492529088801, 1.3178291212428699, 1.2407843362201343, 1.181289472363212, 1.1379874511198564, 1.091916631568562, 1.064192002469843, 1.0409821488640525, 1.0170306346633218, 1.0016164427453822, 0.9930415397340601, 0.9836241467432543, 0.9714341109449213, 0.9631993906064467, 0.9546608139168132, 0.9486314329234037, 0.9415002573620189, 0.9385765357451006, 0.9365353882312775, 0.9337836395610463, 0.9310599565505981, 0.9282515076073733, 0.9299194785681638, 0.9239203550598838, 0.9240513064644553, 0.922467212785374, 0.9231267923658545, 0.9176772236824036, 0.9109861742366444, 0.9160924039103768, 0.9179623614658009, 0.9150167622349479, 0.9163954312151129, 0.9131931229071184, 0.9092962741851807, 0.9112577465447512, 0.9097564220428467, 0.9100838303565979, 0.9120441214604811, 0.9077188968658447, 0.9109291542660106, 0.9117188860069622, 0.9084268564527685, 0.9108295061371543, 0.9104852676391602, 0.9123463766141371, 0.9051968672058799, 0.9035035534338518, 0.9045065993612463, 0.9133086556738074, 0.9095769443295219, 0.907657877965407, 0.9063242890618064, 0.9095730510624972, 0.9070684991099618, 0.9081993726166812, 0.9077504873275757, 0.9071032215248455, 0.9035543365912004, 0.9042774601416155, 0.9072285294532776, 0.9085278917442668, 0.9048399383371527, 0.9093074392188679, 0.90888681194999, 0.9120852757583965, 0.9067349054596641, 0.9059161354194988, 0.9092997935685244, 0.9094499322501096, 0.9076288640499115, 0.9070466431704435, 0.9097314476966858, 0.9070940667932684, 0.9074577174403451, 0.9109832156788219, 0.9066006297414954, 0.9124543260444294, 0.9118485071442344, 0.9031328586014834, 0.907067976214669, 0.9160911765965548, 0.9031344868920066, 0.9092615626075051, 0.9054406474937092, 0.9070687402378429, 0.9102322675965049, 0.9044834131544287, 0.9052106792276556, 0.9068875014781952, 0.9096676273779436, 0.9095684885978699, 0.9121242707425897, 0.9032169634645636, 0.9082272946834564], "valid": [0, 0, 0, 0, 0, 0, 0, 0, 0, 0, 0, 0, 0, 0, 0, 0, 0, 0, 0, 0, 0, 0, 0, 0, 0, 0, 0, 0, 0, 0, 0, 0, 0, 0, 0, 0, 0, 0, 0, 0, 0, 0, 0, 0, 0, 0, 0, 0, 0, 0, 0, 0, 0, 0, 0, 0, 0, 0, 0, 0, 0, 0, 0, 0, 0, 0, 0, 0, 0, 0, 0, 0, 0, 0, 0, 0, 0, 0, 0, 0, 0, 0, 0, 0, 0, 0, 0, 0, 0, 0, 0, 0, 0, 0, 0, 0, 0, 0, 0, 0]}