{"0": {"train": [6.441034141417065, 5.700263532882872, 5.769356040188526, 5.934017210700262, 5.858556595785759, 5.987600455132579, 5.968225911617, 6.101746869249915, 5.925461387225215, 5.922173692655275, 6.147934100976068, 6.117235532014266, 5.176685885263712, 4.996500059214455, 5.033188390406421, 5.045991966826197, 5.034325376954268, 5.087668994435745, 5.090248408682934, 5.118126276395176], "valid": [5.7179592130188635, 5.756573749049633, 5.973892887755624, 5.985840557667142, 6.133202689034598, 6.020776592785317, 5.8082566407049585, 6.111256343011029, 6.06892171801438, 5.982205872229316, 6.239244393237442, 5.836229544465272, 4.995000769031546, 4.979613666451134, 5.015341665323868, 5.102879686647107, 5.048343327665656, 5.141393327147829, 5.06793544624124, 5.134709996576244]}, "1": {"train": [6.486541971767081, 5.7231055491940745, 5.751777270207932, 5.74468460306133, 5.836726305316963, 5.850556515912885, 5.963202801557702, 6.096500418594786, 6.062907684855722, 5.880388504656046, 5.952003907106801, 6.0592512958159945, 6.092545866450271, 6.148407677382515, 6.074017407764443, 6.059445107724612, 5.194309324315474, 5.029074084184676, 4.984541002772988, 5.036601760992183], "valid": [5.732242931668192, 5.809979251378488, 5.805201441811831, 5.902129981789972, 5.72360088612538, 5.946540632622732, 6.032538748947591, 6.135214281468858, 6.113485851513915, 5.83988600437595, 6.113391883359874, 6.054353436751434, 6.046144143983266, 6.054868201947703, 6.194195276785105, 6.117643769205323, 5.011302376864332, 5.012833981386067, 5.024239421708838, 5.05177165773312]}, "2": {"train": [6.529395167637771, 5.697547703760607, 5.726818152246726, 5.841712232332543, 5.85768943869323, 5.8808761426516165, 5.929422304316615, 5.9559473821453635, 5.868584636517771, 6.113029262813737, 5.96405795627699, 6.070304529683448, 5.169308364107783, 4.990679136036915, 5.03069579763977, 5.017386228145958, 5.028916812989842, 5.05036338788898, 5.121757167592153, 5.098204017085236], "valid": [5.672588645305524, 5.693323085691493, 5.931654986493246, 5.873238172755749, 5.996970893551641, 5.94100952386447, 6.041543639555975, 5.865784895734321, 5.896855855467836, 6.272715426778072, 5.988226760105007, 6.030957495844545, 5.044889841301358, 5.080591471030473, 5.04989621405333, 5.079427581963237, 5.098255391315037, 5.12623768748294, 5.1645934182718785, 5.1755491931173285]}, "3": {"train": [6.534975265030518, 5.63045617551074, 5.77961847215605, 5.894264197987289, 5.995793990892524, 5.970700595156317, 5.9184263756371305, 5.936486788085328, 5.88612153791725, 5.9531390069567225, 6.009310062744312, 6.017491680741133, 5.215184050863956, 5.02283414775102, 5.0598795876751765, 5.010711412891661, 5.125935561421006, 5.111519100829107, 5.0772086860961965, 5.063928719105349], "valid": [5.661826262699425, 5.673639473909893, 5.748087703149677, 5.989567917458, 6.132224073872665, 5.973427193712619, 6.1597389170019365, 6.03241432105448, 6.063797075613447, 5.757652117298241, 6.206720702344329, 6.184729226683142, 5.021139652750232, 5.0579999162968186, 5.027298769774591, 5.011857052560418, 5.173085816210358, 5.020891199393088, 5.084971108835994, 5.150276389960249]}, "4": {"train": [6.549021437900129, 5.616509261522112, 5.711153493436629, 5.928993316129191, 5.935433794795226, 5.822151227515378, 5.942520903172568, 6.036863896865922, 6.003875398044605, 6.044873420044793, 6.0978374646307385, 6.069433287693652, 5.1478218674185605, 5.045222273113147, 5.023608964141962, 5.06425959671807, 5.051013774287261, 5.0764833468315445, 5.143455390540465, 5.125886532907636], "valid": [5.65828614509379, 5.785176080951563, 5.7413665861927985, 6.06138414958025, 5.965725794167252, 5.839005147326739, 5.84641356669765, 6.162605824736049, 6.0801386079742095, 6.065522049466676, 6.196605186718263, 5.949237797900307, 5.032661696228589, 5.051338342176624, 5.036165284136122, 5.0741334426349125, 5.051765890542439, 5.232485421156478, 5.151347258964542, 5.174887414842105]}}