{"0": {"train": [45.2948961853981, 29.56004285812378, 28.465637803077698, 28.130498945713043, 28.180597186088562, 28.250806987285614, 27.46030956506729, 27.383018016815186, 27.29613822698593, 33.23400515317917, 28.01918625831604, 27.936894863843918, 28.00427669286728, 27.712642192840576, 27.801904797554016, 28.046782791614532, 27.451293766498566, 26.881499111652374, 27.100143432617188, 26.973276674747467, 27.36949324607849, 27.09177017211914, 26.954245030879974, 27.920199036598206, 27.881792932748795, 27.650551974773407, 27.20134311914444, 27.53329962491989, 26.442213773727417, 27.09175479412079, 26.64412647485733, 26.482839703559875, 27.139845192432404, 27.050365686416626, 27.19846546649933, 28.169055998325348, 27.51522323489189, 27.49032837152481, 27.2379492521286, 27.184947073459625, 26.94066470861435, 27.383666694164276, 26.585283041000366, 27.689303517341614, 27.17084765434265, 27.103196024894714, 27.058224320411682, 27.27695858478546, 27.47052839398384, 27.580023139715195, 27.489830017089844, 27.802960455417633, 27.345461577177048, 27.18636018037796, 26.84401649236679, 27.07464051246643, 27.152000665664673, 27.064183831214905, 27.60637140274048, 27.442266017198563, 27.87123066186905, 27.63586926460266, 27.42980295419693, 27.272129118442535, 27.2704017162323, 27.484109789133072, 26.930295825004578, 27.49119281768799, 27.866421580314636, 26.449891090393066, 26.764258563518524, 27.57795462012291, 26.356200098991394, 27.216582119464874, 26.865362584590912, 27.457991510629654, 27.638093680143356, 26.625560700893402, 26.861509561538696, 26.92930245399475, 27.41954857110977, 27.523191660642624, 26.878223299980164, 26.775285601615906, 27.48210534453392, 27.016233265399933, 27.13396155834198, 26.75852197408676, 27.242752969264984, 27.56311047077179, 27.235381722450256, 27.717024594545364, 27.18726134300232, 27.42802506685257, 26.442594349384308, 27.559085845947266, 27.03346687555313, 27.624094486236572, 27.176477670669556, 27.466544538736343], "valid": [30.565679762098526, 28.757533603244358, 28.074410332573784, 27.824310302734375, 27.978580898708767, 28.081133524576824, 28.344722323947483, 28.26397705078125, 33.545591566297745, 27.888243781195747, 28.07543436686198, 28.442399766710068, 28.659307691786026, 28.696428087022568, 28.498318990071613, 28.355823092990452, 28.387024773491753, 28.288163926866318, 28.257670084635418, 28.2223875257704, 28.098065694173176, 28.190638224283855, 28.205435011121963, 28.30696529812283, 28.258711920844185, 28.25767093234592, 28.229686313205296, 28.257626003689236, 28.198124355740017, 28.19818369547526, 28.196762084960938, 28.097750345865887, 28.137787712944878, 28.0764643351237, 28.17960527208116, 28.221619500054253, 28.19670867919922, 28.231063842773438, 28.200998942057293, 28.28312089708116, 28.202009412977432, 28.170177883572048, 28.23986053466797, 28.218933953179253, 28.156138949924046, 28.153209262424046, 28.16813744439019, 28.1476075914171, 28.180125766330296, 28.200809054904514, 28.1974614461263, 28.241394890679253, 28.254759046766495, 28.21242947048611, 28.273608737521702, 28.20419481065538, 28.2388916015625, 28.210073682996963, 28.22537824842665, 28.20901319715712, 28.198223537868923, 28.201732211642796, 28.23303985595703, 28.21856180826823, 28.203202141655815, 28.2858640882704, 28.22901831732856, 28.214690314398872, 28.26913282606337, 28.222891065809463, 28.267946031358505, 28.21280839708116, 28.261823018391926, 28.180952284071182, 28.22944556342231, 28.22258843315972, 28.256390041775173, 28.252965291341145, 28.265125698513454, 28.295475429958767, 28.278826395670574, 28.237305535210503, 28.244461907280815, 28.229263305664062, 28.22323438856337, 28.22137196858724, 28.223570929633247, 28.30417802598741, 28.281529744466145, 28.278706868489582, 28.250417921278213, 28.2578862508138, 28.25136227077908, 28.196841769748264, 28.237279256184895, 28.295123630099827, 28.27783457438151, 28.220948113335503, 28.27927483452691, 28.311976114908855]}, "1": {"train": [32.03765756943647, 29.167997248032513, 28.5371919519761, 28.351685019100415, 28.755410138298483, 28.367379356833066, 28.096939760095932, 29.978920319501093, 27.745761422549975, 27.855225955738742, 27.858105378992416, 28.203142727122586, 27.91699488022748, 27.926636190975415, 28.22951552447151, 28.043450075037338, 28.07863213034237, 28.107310575597428, 27.53231093462776, 27.928711386287915, 27.415157542509192, 27.384627173928653, 27.96763790355009, 27.98730805340935, 27.868704403147976, 27.97831142649931, 27.705721350277173, 28.215003967285156, 27.79947348201976, 27.954374201157513, 28.31804432588465, 27.945282879997702, 27.403159870820886, 27.550285788143384, 27.684959411621094, 28.10412305944106, 27.847893658806296, 27.501110525692212, 27.336769104003906, 27.397998809814453, 27.99634911032284, 27.680456722483914, 27.649725296918085, 27.83484515021829, 27.56717076021082, 27.53594701430377, 27.84111920525046, 27.4048693039838, 27.426098767448874, 27.866597792681524, 27.890034170711743, 27.60747034409467, 27.572457481833066, 27.37402545704561, 27.54110762652229, 27.665279388427734, 27.415915545295267, 27.7843578563017, 27.61066930434283, 27.899567996754367, 27.5742088766659, 27.543761758243335, 27.518982831169577, 27.831047731287338, 27.939772661994486, 27.639297485351562, 27.852065815645105, 27.84984353009392, 27.872870725743912, 27.394445980296414, 27.802216922535617, 27.486815508674173, 27.550555060891543, 27.746270123650046, 27.671304814955768, 28.007561178768384, 27.870542862836054, 27.419297162224264, 27.63287129121668, 27.56873119578642, 27.644224952248965, 27.91005257999196, 27.720074821920957, 27.745050318100873, 27.485755920410156, 27.72482412001666, 27.454588272992304, 27.487197427188647, 27.44626235961914, 27.662784576416016, 27.576591716093176, 27.96464022468118, 27.70927698471967, 27.654638402602252, 27.799558078541477, 27.63463502771714, 27.83773152968463, 28.040196474860696, 27.740855048684512, 27.789543376249426], "valid": [28.171494960784912, 26.172117710113525, 24.916964054107666, 24.38079309463501, 25.531340837478638, 25.510752201080322, 25.367839574813843, 25.11172389984131, 24.778687953948975, 25.56140923500061, 25.525001049041748, 24.722854614257812, 25.079588651657104, 24.665610313415527, 24.886947631835938, 25.007052421569824, 24.913517475128174, 25.176565647125244, 25.019214153289795, 25.11997938156128, 24.86429786682129, 24.98107671737671, 24.711673259735107, 25.527029037475586, 24.775509357452393, 24.728542804718018, 24.688066959381104, 24.678998470306396, 25.192331790924072, 24.845920085906982, 25.2506046295166, 25.356587409973145, 24.77499771118164, 24.700412273406982, 25.49918270111084, 24.737574577331543, 25.35018801689148, 25.17876386642456, 24.925148963928223, 24.81854248046875, 25.40592932701111, 25.117576599121094, 25.055126190185547, 25.183746814727783, 25.236586809158325, 24.999316215515137, 25.112622261047363, 24.48055648803711, 24.47407579421997, 24.69819211959839, 24.519514560699463, 24.710998058319092, 25.293320655822754, 24.49512529373169, 25.013827800750732, 25.00593376159668, 24.610863208770752, 24.897007942199707, 24.4934720993042, 25.468568801879883, 25.267654418945312, 24.212931156158447, 24.770714282989502, 25.146660804748535, 24.937443733215332, 24.23530626296997, 25.42670512199402, 25.152699947357178, 24.743900299072266, 25.471405029296875, 25.203201293945312, 25.105291843414307, 25.421327352523804, 25.022786617279053, 25.086381435394287, 24.794240474700928, 24.19228458404541, 24.77491807937622, 24.633163452148438, 25.2586567401886, 25.499844312667847, 24.22646427154541, 25.024481773376465, 25.458147525787354, 24.510552406311035, 24.743640899658203, 24.572277545928955, 24.75189208984375, 24.495419025421143, 24.711747646331787, 25.46674346923828, 24.191930770874023, 25.210598945617676, 25.190382957458496, 24.193037033081055, 24.742494583129883, 24.822985649108887, 24.828291416168213, 25.116740703582764, 25.073907375335693]},