before.ndkl,after.ndkl,before.skew.minority,before.skew.majority,after.skew.minority,after.skew.majority
0.10536051565771522,0.10536051565771522,-25.3284360229445,0.10536051565771523,-25.3284360229445,0.10536051565771523
0.10536051565771522,0.10536051565771522,-25.3284360229445,0.10536051565771523,-25.3284360229445,0.10536051565771523
0.10536051565771522,0.10536051565771522,-25.3284360229445,0.10536051565771523,-25.3284360229445,0.10536051565771523
0.10536051565771522,0.10536051565771522,-25.3284360229445,0.10536051565771523,-25.3284360229445,0.10536051565771523
0.10536051565771522,0.10536051565771522,-25.3284360229445,0.10536051565771523,-25.3284360229445,0.10536051565771523
0.10536051565771522,0.10536051565771522,-25.3284360229445,0.10536051565771523,-25.3284360229445,0.10536051565771523
