metrics,mean.after,mean.before
ndkl,0.10536051565771522,0.10536051565771522
skew.majority,0.10536051565771522,0.10536051565771522
skew.minority,-25.3284360229445,-25.3284360229445
