{"0": {"train": [67.42718773884069, 71.47384781495336, 72.97630902638687, 73.04198658967127, 73.00367372077763, 72.86293846646677, 72.79235131276482, 72.7649640306441, 72.80347044692122, 72.7156936247972, 72.70434172572038, 72.74793343221828, 61.3301276346852, 61.14001480393274, 61.406429935820995, 61.416412743481324, 61.522215307394255, 61.548675130775756, 61.56115701868991, 66.60505316850463], "valid": [67.47882894207562, 73.26091235921159, 73.03015449014481, 73.12819398003822, 73.02583936188489, 72.68712215490078, 72.78720202928064, 72.83893064180242, 72.72339250846406, 72.60174319941673, 72.83027760144309, 73.03839050767633, 61.13858011112229, 61.42648139476904, 61.473527325941944, 61.600441901733035, 61.46226354564729, 61.5082548469345, 61.485152243186846, 70.82495304433996]}, "1": {"train": [67.11732220798373, 71.95554992702789, 76.22348138304893, 76.2613127601059, 76.209335250833, 76.11438343956158, 76.16254882092312, 76.14060012730837, 76.056131857661, 75.98932439719961, 75.90073733028693, 75.87530642710875, 64.49384271575695, 64.33913791944825, 64.54143822505958, 64.55455466450634, 64.65489772825838, 64.69378760562415, 64.79509002591841, 64.83731016617027], "valid": [66.50121655227608, 76.11421803244, 76.470174330417, 76.13172935103245, 76.52897119703674, 76.3123982845602, 76.30140932450891, 76.18684759654063, 76.19593153953808, 76.0331542314042, 75.9596103282549, 75.93987365706289, 64.2282858224809, 64.38800161110552, 64.56761230075925, 64.81863822824484, 64.73831204746581, 64.63132013232435, 64.93234695021286, 64.78809154180075]}, "2": {"train": [67.45831479611805, 75.25256768148121, 78.95453092578424, 78.85923888437513, 78.7414571306622, 78.70259820830721, 78.8219461101022, 78.73729103010733, 78.69306714869886, 78.65656643772878, 78.53472705694213, 78.63915882717488, 67.15973301486511, 66.93077624167829, 67.07798729996044, 67.15948336479815, 69.10000194319949, 69.53331667908358, 69.58506891339637, 69.4885076772617], "valid": [66.96999051459004, 79.135747975119, 79.04785706204747, 78.89220357962925, 78.70179421426656, 78.71613232015956, 78.57723852532516, 78.78179330291297, 78.54426842400778, 78.68612602972479, 78.71990626676053, 78.65381909526683, 66.65835043430712, 67.09297720882778, 67.0443849358491, 67.24305181935506, 69.51383047147358, 69.52412153895146, 69.47352219303097, 69.68642771918577]}, "3": {"train": [68.86112135233695, 72.41260068758884, 72.3988428744603, 72.3370877981528, 72.3743413287001, 72.2870156326471, 72.16296490655044, 72.20879005505068, 72.07125048658553, 72.03949986392365, 71.99603316905353, 72.03940026840246, 71.94299903196192, 72.03384245596531, 71.92373141023278, 71.99238648808017, 71.94770759813001, 71.8682393942162, 71.87459470410572, 71.93196517467007], "valid": [72.43849657037745, 72.31704005975128, 72.45458835101569, 72.61709531710915, 72.21031039445897, 72.42394780562819, 72.334128332202, 72.44504370307052, 72.33379859504895, 72.29007101225194, 72.12723472801856, 72.36075158910734, 71.93865396218825, 71.94197754822841, 72.03215331376542, 72.21700441744603, 71.92971782607603, 71.92571674816472, 72.15698672985384, 72.09188895313757]}, "4": {"train": [68.11304131914764, 74.63530228917354, 82.51221363070695, 82.34472912895548, 89.19400204949802, 112.1345198868874, 111.88731157502849, 111.83756204013308, 111.59124266465122, 111.44158853381018, 111.45946800782298, 111.32847004422683, 99.80434495675784, 99.67739845740313, 99.6776705802494, 99.7432926209691, 99.66484274174964, 99.71087560390269, 99.56215602949433, 99.6781556010534], "valid": [67.77480772027026, 82.55393512155385, 82.54367005848061, 82.20272057825238, 112.11966688135259, 112.14160936703833, 111.93646791528106, 111.76546932826915, 111.72954556216142, 111.63265473309107, 111.6012586467999, 111.10617880584907, 99.73328084563063, 99.87117451911473, 99.80413992521052, 99.48020522897782, 99.61377319781162, 99.90238785349844, 99.63868407941227, 99.74010787862382]}}