{"0": {"train": [92.12418619791667, 92.2860107421875, 77.58255004882812, 91.61341349283855, 68.7238260904948, 84.08438110351562, 74.65918477376302, 63.09940083821615, 52.29102071126302, 59.48407491048177, 52.01490783691406, 80.98972574869792, 33.118306477864586, 40.51973215738932, 55.386322021484375, 37.84656524658203, 13.607594807942709, 18.06393051147461, 22.751302083333332, 10.93709945678711], "valid": [44.31018829345703, 41.49045944213867, 33.139617919921875, 21.265331268310547, 41.48723220825195, 54.441551208496094, 46.608863830566406, 34.884056091308594, 25.561201095581055, 46.374664306640625, 41.09107971191406, 34.60193634033203, 42.6301155090332, 46.797332763671875, 65.71662139892578, 48.72182083129883, 69.10131072998047, 70.10791778564453, 57.76365661621094, 72.85415649414062]}, "1": {"train": [52.7574717203776, 57.44251505533854, 45.01912943522135, 58.054097493489586, 49.24500020345052, 42.94510396321615, 41.88970438639323, 51.405965169270836, 46.87226359049479, 25.384109497070312, 23.455095926920574, 31.638509114583332, 45.37029520670573, 15.964041392008463, 24.301620483398438, 30.73150126139323, 11.149792989095053, 17.774370829264324, 38.96887969970703, 32.63336181640625], "valid": [87.72248077392578, 90.01824951171875, 72.62078857421875, 82.9740982055664, 67.25245666503906, 93.57017517089844, 89.34518432617188, 34.134830474853516, 68.77188110351562, 81.7164077758789, 83.03028106689453, 56.71722412109375, 90.66339874267578, 78.72832489013672, 91.17052459716797, 32.80156707763672, 55.137271881103516, 37.76661682128906, 73.07551574707031, 50.501953125]}, "2": {"train": [59.11552429199219, 44.94192123413086, 58.80500793457031, 49.71832275390625, 40.68731689453125, 50.003623962402344, 45.34379196166992, 62.93329620361328, 48.44871139526367, 37.035377502441406, 57.24162673950195, 33.84638214111328, 12.678913116455078, 9.50875473022461, 13.953161239624023, 32.70264434814453, 26.905719757080078, 22.089704513549805, 27.699844360351562, 18.821826934814453], "valid": [83.04163360595703, 96.80726623535156, 67.80828857421875, 74.78146362304688, 83.1166000366211, 78.96171569824219, 67.25059509277344, 81.29818725585938, 81.42865753173828, 74.57169342041016, 85.31025695800781, 68.06126403808594, 84.05968475341797, 62.82911682128906, 67.87826538085938, 16.606428146362305, 42.813663482666016, 60.37252426147461, 39.98722839355469, 52.18090057373047]}}