{"0": {"train": [16.95532158663181, 17.63310922548177, 17.987693418742147, 18.232318225925546, 18.383736838972403, 18.67459501833308, 18.645931913610827, 18.30828797709773, 18.167708734907226, 18.17414501832609, 18.33740646137429, 18.269640531879688, 10.00327224720529, 9.321683105608479, 9.623624553017255, 9.755621008000364, 9.802938356780242, 9.788115519006325, 9.832353313280663, 9.877773140271277], "valid": [16.74629105537776, 18.32037236929656, 18.51857996962582, 18.224673239658415, 18.53357455829026, 17.896409532921155, 17.796652421229453, 18.893701568354626, 17.85603463296676, 18.38706438591559, 18.65692920278183, 18.281401736420065, 9.166423819985814, 9.61569843955401, 9.65759072990816, 9.789254083058953, 9.561032833263656, 9.730836318923878, 9.815476234557206, 9.659568082520439]}, "1": {"train": [16.95881745074675, 17.46319233922594, 18.268167290228394, 17.99235903638544, 18.411425031737583, 18.329355728645012, 18.39782974978922, 18.4197614295644, 18.23919232349775, 18.66126363658482, 18.005811733038986, 18.36507429416846, 10.039290593679857, 9.293940986374585, 9.638930774448017, 9.692028704452351, 9.855112729418481, 9.792955806555879, 9.821229723735094, 9.792161832092521], "valid": [17.19280301540395, 17.98727212202602, 18.734974871924855, 18.892168484697493, 18.905223034809445, 18.879160634470797, 18.256255094850502, 19.21289846726217, 18.776718028302287, 17.78632313145266, 18.275762023358133, 19.20722071311559, 9.41277767459216, 9.71217638966283, 9.89038726505351, 9.732395737037107, 9.717490714342404, 9.99031966833414, 9.670168755613593, 9.72902779982383]}, "2": {"train": [16.737159040186057, 17.682146521865903, 18.082427759098213, 18.26230212195371, 18.238794158398466, 18.15217628102392, 18.387653341551232, 18.298664841329202, 18.173804761957825, 18.263875528199936, 18.302289666118394, 18.46575459316405, 18.189990837390816, 18.4154546510885, 18.2441039484515, 9.957245534028187, 9.40244278803389, 9.615795837415444, 9.736568947618894, 9.751721468243344], "valid": [17.158676049214336, 17.4551459937533, 18.398709586325385, 17.15033349350877, 18.77723112446093, 18.320516241621878, 18.78698052348864, 18.45577653171781, 17.96478596353142, 18.746192629747696, 18.99106759352308, 18.40069079238776, 19.68819506633331, 18.556600129933535, 18.87058633904478, 9.074712157539414, 9.688414715171833, 9.661037482729558, 9.674146570622417, 9.56216904867666]}, "3": {"train": [16.895300948819408, 17.391210239730793, 18.242994388433498, 18.285253099317902, 18.029824630643425, 18.241716752493733, 18.344808037316174, 18.2956795593515, 17.992560944070732, 18.544711057439454, 18.108721278020454, 18.278832431650756, 9.886518922959432, 9.282512781053402, 9.60141223400409, 9.676975232778078, 9.78557640650972, 9.85408771169392, 9.897968602804756, 9.867332132099046], "valid": [17.140316217476794, 18.617975306759952, 19.233635085184083, 17.723395409408703, 18.667965287353063, 17.44139179683308, 18.095612401903605, 17.809185185816553, 17.933398820006776, 17.779195698465056, 19.40034028780718, 17.97944438725279, 9.255068773670008, 9.355865810370817, 9.591465148620125, 9.602141353701604, 10.190303545411624, 9.889245689742502, 9.705748972454062, 10.097832733647714]}, "4": {"train": [16.79560331998763, 17.441684466913408, 18.233716065492356, 18.139215822775213, 18.262473551359516, 18.269829586726058, 18.28323534551924, 18.312314038829992, 18.107433579445296, 18.240219576878342, 18.247904636843177, 18.314211542061564, 9.886799882590505, 9.349178706103768, 9.624760951823918, 9.77712449141882, 9.746926131243699, 9.775694428603696, 9.852507075589347, 9.807625742595857], "valid": [17.02875134436285, 17.878466297345607, 18.46842283007924, 17.458044137543986, 18.201535396163838, 18.058310930779058, 18.27939185108267, 17.618784906799693, 18.67754855792501, 18.10452920681998, 19.07126671467272, 18.42179010183553, 9.14619206297396, 9.562647931001646, 9.681835225321292, 9.755762329188892, 9.965341628851476, 9.796687691759903, 10.042884950014225, 9.963813776280137]}}