{"0": {"train": [10.49101666174407, 9.882274540475223, 9.979322335954679, 10.506950380361658, 10.603288430082845, 10.64906773531203, 11.059875561118496, 10.842626972439145, 10.842292189545335, 10.914818057930287, 10.919810965972324, 10.95515688252191, 10.720844627307432, 6.701043199413279, 6.141258546542299, 6.289608280935474, 6.478628705232298, 6.54503822472437, 6.550259069150352, 6.476731234434762], "valid": [10.031572712135878, 9.947462679023364, 10.198521132403963, 11.022424849993296, 10.142281496432103, 10.689304473541416, 11.266600285819338, 10.831354753285064, 10.915137183592703, 10.94321123421368, 10.862728093731144, 10.999230017525225, 10.981494310849088, 6.096122760112882, 6.321736054587984, 6.38413106888157, 6.545193863631126, 6.567386108954939, 6.47429323613276, 6.581237252834624]}, "1": {"train": [10.401773498205342, 9.853663478060492, 10.058144900706695, 10.449064734417531, 10.555670734064298, 10.753846832812668, 10.858393625331443, 10.640784783637569, 11.179677404266783, 10.77223995911896, 11.109610364146157, 10.733879513591502, 6.640230276145409, 6.078992881964668, 6.248682216284756, 6.414140430123541, 6.381883023914606, 6.469717705818348, 6.499787587770026, 6.459229175252187], "valid": [9.88874695691707, 10.255151517770347, 10.338133272890689, 10.756171480865765, 10.70642775323059, 10.769166008030387, 10.938610050920571, 11.003129851386515, 10.768983259377514, 10.49486703665527, 10.9021393239642, 10.884860498740865, 5.97683995216965, 6.199172062770264, 6.4442772331043425, 6.347235727757735, 6.518602644863318, 6.598608869827283, 6.400326440698118, 6.519936209832353]}, "2": {"train": [10.298168753153115, 9.805941019168328, 9.97194529465242, 10.524401223503348, 10.695496604730282, 10.943868091598443, 10.794722587386886, 10.998798854902917, 10.91682490571816, 10.82901946755915, 10.67263573182988, 10.801996026301074, 6.665361674208306, 6.173868183848042, 6.374484341766575, 6.455304774865411, 6.527593257666053, 6.508488481193966, 6.536492991040489, 6.609227584781375], "valid": [9.919275789473133, 9.924794866879525, 9.971860864853596, 10.497235154888207, 10.774532708689495, 10.769976353255313, 10.737152402411839, 10.946849931229469, 11.050741011644375, 10.435906290068132, 10.755748925755062, 10.894543728735083, 6.0514856569183255, 6.336535867131981, 6.568783799302134, 6.445013367173882, 6.504263419419583, 6.650872748720962, 6.580733769264129, 6.615747970536043]}, "3": {"train": [10.326363248723668, 9.877480604145436, 10.129311331474531, 10.503523635132817, 10.63585596746089, 10.926675328002647, 10.777190441511685, 10.756549502169051, 10.634194330568823, 10.851019270004898, 10.793187922999437, 11.000113187442176, 10.890623972094607, 6.608506360200624, 6.055278156044052, 6.234560558201601, 6.356313407522612, 6.438875428256813, 6.497072327390984, 6.477275318016906], "valid": [9.768731916964166, 9.760232294337875, 10.265531612446367, 10.854437735433008, 10.935700888517363, 10.959106969078926, 10.781603640543292, 10.9680266589254, 10.260137558085697, 11.155590781030018, 10.846084171621497, 10.825131858197572, 10.663880104889465, 5.990770165138316, 6.152563731898632, 6.352798621499145, 6.425112102382718, 6.459833145039304, 6.574514645294902, 6.5753896723998135]}, "4": {"train": [10.347824393753458, 9.880614694240874, 10.13742471512344, 10.347571928515835, 10.622918995790489, 10.817797015172989, 10.701482825306089, 10.73610836897564, 10.850620722137721, 10.749974916498537, 11.018982842001144, 11.035925788910085, 6.643646264785926, 6.075277286037487, 6.259610626147048, 6.426618917827857, 6.5041907173662095, 6.493965235265403, 6.520011017590433, 6.496291932576334], "valid": [9.796632777772423, 9.923417463550187, 10.22634014267953, 10.30064701455981, 10.88191180258855, 10.777933103949746, 10.610671764636495, 10.804012512193937, 10.759680750645733, 11.094247788120509, 11.192099865248622, 10.777798685181477, 5.996559072681518, 6.223636361207862, 6.363208059537208, 6.541315435161152, 6.561749481024391, 6.554526145098624, 6.564167784662416, 6.722701273412567]}}