metrics,mean
P_2,0.2
P_5,0.2
P_10,0.15999999999999998
recall_2,0.16666666666666666
recall_5,0.4333333333333333
recall_10,0.7
ndcg_cut_2,0.2
ndcg_cut_5,0.31840734632211265
ndcg_cut_10,0.4312187077754085
map_cut_2,0.13333333333333333
map_cut_5,0.205
map_cut_10,0.27484126984126983
success_2,0.4
success_5,0.8
success_10,1.0
aucroc,0.5
skill_coverage_2,0.9
skill_coverage_5,1.0
skill_coverage_10,1.0
