metrics,mean
P_2,0.3
P_5,0.16
P_10,0.18
recall_2,0.26666666666666666
recall_5,0.3333333333333333
recall_10,0.8
ndcg_cut_2,0.3226294385530917
ndcg_cut_5,0.3448967285994659
ndcg_cut_10,0.5346633066567503
map_cut_2,0.2333333333333333
map_cut_5,0.26666666666666666
map_cut_10,0.36984126984126986
success_2,0.6
success_5,0.6
success_10,1.0
aucroc,0.5420875420875421
skill_coverage_2,1.0
skill_coverage_5,1.0
skill_coverage_10,1.0
