metrics,mean
P_2,0.0
P_5,0.12000000000000002
P_10,0.15999999999999998
recall_2,0.0
recall_5,0.3
recall_10,0.7
ndcg_cut_2,0.0
ndcg_cut_5,0.1669419683055822
ndcg_cut_10,0.3360272638409858
map_cut_2,0.0
map_cut_5,0.08333333333333333
map_cut_10,0.173015873015873
success_2,0.0
success_5,0.6
success_10,1.0
aucroc,0.4107744107744108
skill_coverage_2,0.7
skill_coverage_5,1.0
skill_coverage_10,1.0
