P_2,P_5,P_10,recall_2,recall_5,recall_10,ndcg_cut_2,ndcg_cut_5,ndcg_cut_10,map_cut_2,map_cut_5,map_cut_10,success_2,success_5,success_10,skill_coverage_2,skill_coverage_5,skill_coverage_10
0.00000,0.20000,0.20000,0.00000,0.50000,1.00000,0.00000,0.23720,0.45561,0.00000,0.10000,0.26667,0.00000,1.00000,1.00000,0.50000,1.00000,1.00000
0.00000,0.20000,0.10000,0.00000,0.50000,0.50000,0.00000,0.26407,0.26407,0.00000,0.12500,0.12500,0.00000,1.00000,1.00000,0.66667,1.00000,1.00000
0.50000,0.40000,0.20000,0.33333,0.66667,0.66667,0.38685,0.53072,0.53072,0.16667,0.38889,0.38889,1.00000,1.00000,1.00000,1.00000,1.00000,1.00000
0.00000,0.00000,0.20000,0.00000,0.00000,1.00000,0.00000,0.00000,0.41183,0.00000,0.00000,0.20833,0.00000,0.00000,1.00000,1.00000,1.00000,1.00000
0.00000,0.00000,0.10000,0.00000,0.00000,0.50000,0.00000,0.00000,0.19343,0.00000,0.00000,0.06250,0.00000,0.00000,1.00000,0.00000,1.00000,1.00000
