metrics,mean
P_2,0.0
P_5,0.08
P_10,0.15999999999999998
recall_2,0.0
recall_5,0.2
recall_10,0.7
ndcg_cut_2,0.0
ndcg_cut_5,0.10875426183040508
ndcg_cut_10,0.3154291237285171
map_cut_2,0.0
map_cut_5,0.05333333333333333
map_cut_10,0.14862433862433863
success_2,0.0
success_5,0.4
success_10,1.0
aucroc,0.39730639730639733
skill_coverage_2,0.5333333333333333
skill_coverage_5,0.7666666666666667
skill_coverage_10,1.0
