metrics,mean
P_2,0.1
P_5,0.12000000000000002
P_10,0.15999999999999998
recall_2,0.1
recall_5,0.3
recall_10,0.7
ndcg_cut_2,0.12262943855309168
ndcg_cut_5,0.24525887710618335
ndcg_cut_10,0.4082522516406626
map_cut_2,0.1
map_cut_5,0.16666666666666666
map_cut_10,0.24529100529100528
success_2,0.2
success_5,0.6
success_10,1.0
aucroc,0.42592592592592593
skill_coverage_2,0.5333333333333333
skill_coverage_5,1.0
skill_coverage_10,1.0
