P_2,P_5,P_10,recall_2,recall_5,recall_10,ndcg_cut_2,ndcg_cut_5,ndcg_cut_10,map_cut_2,map_cut_5,map_cut_10,success_2,success_5,success_10,skill_coverage_2,skill_coverage_5,skill_coverage_10
0.00000,0.20000,0.10000,0.00000,0.50000,0.50000,0.00000,0.30657,0.30657,0.00000,0.16667,0.16667,0.00000,1.00000,1.00000,1.00000,1.00000,1.00000
0.00000,0.20000,0.10000,0.00000,0.50000,0.50000,0.00000,0.23720,0.23720,0.00000,0.10000,0.10000,0.00000,1.00000,1.00000,0.33333,1.00000,1.00000
0.00000,0.00000,0.30000,0.00000,0.00000,1.00000,0.00000,0.00000,0.43335,0.00000,0.00000,0.22169,0.00000,0.00000,1.00000,0.50000,1.00000,1.00000
0.00000,0.00000,0.20000,0.00000,0.00000,1.00000,0.00000,0.00000,0.38162,0.00000,0.00000,0.17143,0.00000,0.00000,1.00000,0.33333,0.33333,1.00000
0.00000,0.00000,0.10000,0.00000,0.00000,0.50000,0.00000,0.00000,0.21841,0.00000,0.00000,0.08333,0.00000,0.00000,1.00000,0.50000,0.50000,1.00000
