metrics,mean
P_2,0.0
P_5,0.16
P_10,0.18
recall_2,0.0
recall_5,0.3333333333333333
recall_10,0.8
ndcg_cut_2,0.0
ndcg_cut_5,0.19610360373279023
ndcg_cut_10,0.386706584059697
map_cut_2,0.0
map_cut_5,0.10888888888888888
map_cut_10,0.21523809523809523
success_2,0.0
success_5,0.6
success_10,1.0
aucroc,0.5084175084175084
skill_coverage_2,0.5333333333333333
skill_coverage_5,1.0
skill_coverage_10,1.0
