{"0": {"train": [25.892778396606445, 22.40898323059082, 20.14522933959961, 11.597745895385742, 20.01057243347168, 3.1179916858673096, 0.1683540940284729, 0.042501211166381836, 0.043609797954559326, 0.1560436636209488, 0.04685509204864502, 0.04744747281074524, 3.5955684185028076, 0.05590087175369263, 0.05726848542690277, 0.15345653891563416, 0.06384438276290894, 0.05788865685462952, 0.06502240896224976, 0.06298202276229858], "valid": [56.616172790527344, 13.331338882446289, 21.485044479370117, 15.037981986999512, 14.635499954223633, 45.89130783081055, 31.428695678710938, 32.0582160949707, 48.44129943847656, 48.44175720214844, 32.04353332519531, 49.37465286254883, 48.45774841308594, 48.45193862915039, 48.463714599609375, 48.4657096862793, 48.46885681152344, 48.47194290161133, 48.466163635253906, 48.462772369384766]}, "1": {"train": [20.350683212280273, 36.42416763305664, 56.20246887207031, 28.014122009277344, 13.801958084106445, 2.658813953399658, 11.852741241455078, 1.7757537364959717, 3.179844856262207, 10.62805461883545, 5.89878511428833, 6.786256790161133, 7.534268856048584, 5.574606418609619, 7.1465535163879395, 17.336158752441406, 3.7169246673583984, 9.123830795288086, 0.15975141525268555, 0.45753568410873413], "valid": [29.76157569885254, 34.129703521728516, 7.048499584197998, 8.43632698059082, 8.945096015930176, 0.08625420928001404, 2.2513349056243896, 8.272871971130371, 0.3033657968044281, 8.102367401123047, 13.489070892333984, 6.862823963165283, 34.15801239013672, 22.285961151123047, 34.69916915893555, 39.79458999633789, 14.178479194641113, 41.00514221191406, 39.51726150512695, 8.061142921447754]}, "2": {"train": [41.39141845703125, 17.03403091430664, 12.821026802062988, 36.59140396118164, 4.457269668579102, 4.330705642700195, 9.273726463317871, 12.463274955749512, 4.915351867675781, 25.929975509643555, 14.286128997802734, 12.234074592590332, 7.8188323974609375, 4.174889087677002, 6.980007171630859, 2.230501651763916, 9.74337387084961, 8.133244514465332, 7.018141269683838, 0.4298376142978668], "valid": [61.100494384765625, 50.57725524902344, 35.485416412353516, 11.794977188110352, 14.603660583496094, 12.172877311706543, 18.48297119140625, 0.26501065492630005, 5.028631210327148, 3.265451192855835, 13.38846492767334, 4.9395856857299805, 35.52829360961914, 8.42904281616211, 2.763327121734619, 33.90305709838867, 9.650452613830566, 0.17101797461509705, 14.211629867553711, 8.824152946472168]}}