{"0": {"train": [60.899973928928375, 69.49620565893565, 66.86897937441245, 66.32275688275763, 67.30956840142676, 70.86459721997448, 69.76155434228781, 69.11715388298103, 69.49763395078548, 69.07346153818139, 69.07459954265573, 69.06141610011036, 69.0674687088474, 69.06145515269668, 69.06234104675309, 69.18093939498135, 69.17161546275088, 69.06122559683058, 69.08543127402731, 69.06170608813477, 69.0691925184808, 69.06666829902747, 69.06173665713936, 69.06165381567621, 69.19471522420645, 69.07435875386068, 69.0612773184555, 69.06327494978973, 69.92640887154334, 69.06108710228614, 69.18167681619593, 69.78528039204025, 69.06111344377928, 69.07818465121159, 69.06115972170005, 69.06235204578911, 69.06197661388501, 69.1096416749067, 69.06108507553176, 69.06132000248249, 69.06160281505504, 69.06262952229076, 69.06160189377692, 69.06325122946942, 69.09251029416987, 69.13694446161458, 69.06110342021634, 69.10044490173527, 69.07530261296847, 69.06410878105157, 69.92445705097703, 69.06621856987545, 69.06257183535558, 69.06165406841387, 69.06195525481667, 69.06476430315593, 69.08389433659681, 71.65130145568469, 69.06193859281552, 69.06251947127816, 69.06163348455516, 69.06110540321674, 69.06132537924054, 69.06551207369262, 69.06525012617999, 69.0611019798132, 69.06151513030704, 69.06112477698912, 69.25174060091445, 69.08071566571448, 69.06217834458289, 69.92373706534522, 69.0611480190571, 69.0611868628846, 69.06132897740531, 69.06112429628479, 69.06294610980035, 69.10564922541448, 69.06108254774949, 69.33653121893508, 69.06118433505685, 69.06110266587052, 69.06267384183661, 69.06349084875615, 69.06165035528898, 69.10570584610173, 69.06122355860202, 69.06334447139011, 69.06190272944582, 69.92491303163183, 69.13522465154597, 69.06501086941057, 69.06110607989899, 69.06115164436846, 69.07569833193043, 69.06136019411565, 69.06107697278435, 69.06339308433303, 69.13121145591208, 69.06151012069381], "valid": [68.11906899346246, 65.22526168823242, 65.22526168823242, 65.22526168823242, 65.22526168823242, 65.22526168823242, 65.22526168823242, 65.22526168823242, 65.22526168823242, 65.22526168823242, 65.22526168823242, 65.22526168823242, 65.22526168823242, 65.22526168823242, 65.22526168823242, 65.22526168823242, 65.22526168823242, 65.22526168823242, 65.22526168823242, 65.22526168823242, 65.22526168823242, 65.22526168823242, 65.22526168823242, 65.22526168823242, 65.22526168823242, 65.22526168823242, 65.22526168823242, 65.22526168823242, 65.22526168823242, 65.22526168823242, 65.22526168823242, 65.22526168823242, 65.22526168823242, 65.22526168823242, 65.22526168823242, 65.22526168823242, 65.22526168823242, 65.22526168823242, 65.22526168823242, 65.22526168823242, 65.22526168823242, 65.22526168823242, 65.22526168823242, 65.22526168823242, 65.22526168823242, 65.22526168823242, 65.22526168823242, 65.22526168823242, 65.22526168823242, 65.22526168823242, 65.22526168823242, 65.22526168823242, 65.22526168823242, 65.22526168823242, 65.22526168823242, 65.22526168823242, 65.22526168823242, 65.22526168823242, 65.22526168823242, 65.22526168823242, 65.22526168823242, 65.22526168823242, 65.22526168823242, 65.22526168823242, 65.22526168823242, 65.22526168823242, 65.22526168823242, 65.22526168823242, 65.22526168823242, 65.22526168823242, 65.22526168823242, 65.22526168823242, 65.22526168823242, 65.22526168823242, 65.22526168823242, 65.22526168823242, 65.22526168823242, 65.22526168823242, 65.22526168823242, 65.22526168823242, 65.22526168823242, 65.22526168823242, 65.22526168823242, 65.22526168823242, 65.22526168823242, 65.22526168823242, 65.22526168823242, 65.22526168823242, 65.22526168823242, 65.22526168823242, 65.22526168823242, 65.22526168823242, 65.22526168823242, 65.22526168823242, 65.22526168823242, 65.22526168823242, 65.22526168823242, 65.22526168823242, 65.22526168823242, 65.22526168823242]}, "1": {"train": [66.11325583738439, 73.0436414830825, 71.10157435705118, 71.14650622536155, 71.19137629340676, 71.1561878635822, 71.11226112351699, 71.128227014752, 70.67512043927084, 74.8424976643394, 74.23025954295672, 67.7991170916049, 77.17503228783757, 78.8420041028191, 76.32451952380292, 74.3490978690035, 71.10404866816037, 72.72529576806996, 71.10149739962371, 73.69144428477568, 71.10152854541357, 71.10187835046364, 74.75698824139438, 71.91428987094396, 70.64408419087361, 71.101493114935, 71.10149305007101, 73.53794823997818, 73.53779643286458, 71.10153540311491, 72.72529586974527, 72.67499132365029, 72.129215101986, 71.10149403005049, 71.51678790468449, 74.34909868241084, 71.10197061278365, 71.91339411630415, 71.87507368536556, 67.37377309799521, 71.10155729220166, 71.10158052874185, 71.10149302377485, 71.10150947378304, 71.10153255324728, 71.9144793558097, 69.52672453864258, 69.06980083444603, 69.72842567808488, 69.07154282390633, 72.72857925953234, 71.9133943406981, 71.13892199537398, 71.91023737761904, 71.10150249612086, 71.10231635337507, 71.44397193193542, 71.41006074407585, 69.06980075731393, 71.91339445640423, 70.3037570980309, 71.10149302377485, 71.10149302377485, 71.91340484186196, 71.30421411465261, 71.1017105321345, 71.10161023559597, 71.10149714529089, 69.06980029449808, 69.06983507598531, 73.53722997565808, 70.24207798355286, 71.1015327587306, 71.91339344312227, 71.91339632694871, 71.10237114586155, 71.10149302377485, 71.91339496129085, 66.28491520541994, 71.50478999930334, 71.10149302377485, 71.10149302377485, 71.10149302377485, 71.4727861302749, 71.1014934182181, 69.52352218242316, 67.03810813497448, 71.10149943135741, 71.10149488730788, 71.10149302377485, 71.10150124411773, 71.10185634843347, 67.76227217737527, 71.10149302377485, 71.42250899882941, 71.91339482630235, 73.55041290556747, 71.10149302377485, 71.10149349360162, 71.91339916349749], "valid": [60.260069847106934, 61.30138683319092, 61.30138683319092, 61.30138683319092, 61.30138683319092, 61.30138683319092, 61.30138683319092, 61.30138683319092, 69.06106996536255, 61.30138683319092, 61.30138683319092, 75.10370349884033, 75.10370349884033, 75.10370349884033, 61.301599979400635, 61.30138683319092, 61.30138683319092, 61.30138683319092, 61.30138683319092, 61.30138683319092, 61.30138683319092, 61.30138683319092, 61.30138683319092, 61.30138683319092, 61.30138683319092, 61.30138683319092, 61.30138683319092, 61.30138683319092, 61.30138683319092, 61.30138683319092, 61.30138683319092, 61.30138683319092, 61.30138683319092, 61.30138683319092, 61.30138683319092, 61.30138683319092, 61.30138683319092, 61.30138683319092, 61.30138683319092, 61.30138683319092, 61.30138683319092, 61.30138683319092, 61.30138683319092, 61.30138683319092, 61.30138683319092, 61.30138683319092, 61.30138683319092, 61.30138683319092, 61.30138683319092, 61.30138683319092, 61.30138683319092, 61.30138683319092, 61.30138683319092, 61.30138683319092, 61.30138683319092, 61.30138683319092, 61.30138683319092, 61.30138683319092, 61.30138683319092, 61.30138683319092, 61.30138683319092, 61.30138683319092, 61.30138683319092, 61.30138683319092, 61.30138683319092, 61.30138683319092, 61.30138683319092, 61.30138683319092, 61.30138683319092, 61.30138683319092, 61.30138683319092, 61.30138683319092, 61.30138683319092, 61.30138683319092, 61.30138683319092, 61.30138683319092, 61.30138683319092, 61.30138683319092, 61.30138683319092, 61.30138683319092, 61.30138683319092, 61.30138683319092, 61.30138683319092, 61.30138683319092, 61.30138683319092, 61.30138683319092, 61.30138683319092, 61.30138683319092, 61.30138683319092, 61.30138683319092, 61.30138683319092, 61.30138683319092, 61.30138683319092, 61.30138683319092, 61.30138683319092, 61.30138683319092, 61.30138683319092, 61.30138683319092, 61.30138683319092, 61.30138683319092]},