{"0": {"train": [848.5167050659277, 113.75174415270666, 113.75040557388937, 113.75175571410601, 113.75208706381153, 113.7506862846657, 113.75114989677982, 113.7508763540711, 113.7513367289934, 113.75105347470921, 113.75141072194927, 113.75059333101488, 113.74915879258295, 113.75010821469796, 113.75070293308077, 113.74909196769468, 113.75090548879747, 113.75102757717465, 113.74932250199781, 113.74886605795129], "valid": [113.67279895968983, 113.67391945735173, 113.67415761512963, 113.67420200958921, 113.67420848378123, 113.67420524668522, 113.67419969737777, 113.67418258701314, 113.67417773136913, 113.67416316443708, 113.67415299070676, 113.67414281697644, 113.6741409672073, 113.67413194958269, 113.67413981110157, 113.67414697895703, 113.67414836628389, 113.67414836628389, 113.67404107967326, 113.6738302059903]}, "1": {"train": [796.1691946051736, 113.74127599927488, 113.74313345369521, 113.74274175348506, 113.74331196170125, 113.74165960650546, 113.74212183125167, 113.74323796874538, 113.77920640705005, 113.7405802342617, 113.73947311465949, 113.73828275298192, 113.73734026770651, 113.73622274284489, 113.73529759966851, 113.73349448382514, 113.73357841958446, 113.73228978601237, 113.73107398925622, 113.73557992904075], "valid": [113.68990261890316, 113.69390598178347, 113.69419061501125, 113.69422576062507, 113.69424240854741, 113.69418275349237, 113.69407592932401, 113.69406020628625, 113.69535596957499, 113.69716619990825, 113.69731371899788, 113.69730123305611, 113.6972857412395, 113.69726470011543, 113.69722469885758, 113.69719117179176, 113.69718284783059, 113.69711625614123, 113.69708966570973, 113.69709405891145]}, "2": {"train": [837.166337783393, 113.64522620571522, 113.64579941989523, 113.64627759937254, 113.64646766877793, 113.64498780966052, 113.64668964764554, 113.64588821144227, 113.65112922499777, 113.64469553748484, 113.6456835746737, 113.64512377171694, 113.64449991860775, 113.64457922980732, 113.64410220646994, 113.643850167964, 113.64381687113386, 113.64238140778998, 113.65438283400421, 113.64263622103176], "valid": [114.09456158621404, 114.09612186649106, 114.0961167796259, 114.09611909183734, 114.09611862939505, 114.0961188606162, 114.09611932305849, 114.09612186649106, 114.09611701084705, 114.09611839817391, 114.09612140404877, 114.0961204791642, 114.09612140404877, 114.09611701084705, 114.09611747328934, 114.0961167796259, 114.09612001672191, 114.09611492985675, 114.09611793573163, 114.09611955427962]}, "3": {"train": [853.1783458194599, 113.71282926378099, 113.71315991490935, 113.71267804291529, 113.71173117832039, 113.71310673325934, 113.71227039400667, 113.71154157417683, 113.71169487606363, 113.71200101738809, 113.71211570477247, 113.71157949500555, 113.71066315205327, 113.71046522382538, 113.71021411394747, 113.7108215408805, 113.70920828708842, 113.70985062893082, 113.70909359970403, 113.70751711061783], "valid": [113.82905918871722, 113.83072431073522, 113.83090952983484, 113.83092479133369, 113.83092687244717, 113.83091877922809, 113.83090814242586, 113.83089658068431, 113.83088686882141, 113.83087692572367, 113.83087391967086, 113.83086235792932, 113.83085865817202, 113.83085357100575, 113.83084570902149, 113.83084015938555, 113.83084247173386, 113.83084385914285, 113.83083877197656, 113.83083854074172]}, "4": {"train": [790.06048672771, 113.81819274879763, 113.82087634110248, 113.81963096559379, 113.8208009618942, 113.82245930447651, 113.84441407695154, 113.81807944876064, 113.81733883647799, 113.81663660747317, 113.81499190714021, 113.81434679060304, 113.81291944136144, 113.81262555493896, 113.8104624491306, 113.8100379208287, 113.81115612282649, 113.80945916574177, 113.8139192563818, 113.80873057713652], "valid": [113.38110043731132, 113.38126946997276, 113.38152960915764, 113.38165077620909, 113.38177009338187, 113.38179784156159, 113.3817830425324, 113.38198282942639, 113.38219024706979, 113.38226054245841, 113.38188339844906, 113.38181957763571, 113.38188432338839, 113.38205890568578, 113.38201242748475, 113.38199046017581, 113.38160129195525, 113.38158394934293, 113.38131409829515, 113.38077370249512]}}