{"train": [2.0667164759202437, 1.7930790998718955, 1.6380679336461155, 1.4912923791191794, 1.398571637543765, 1.3097926649180325, 1.2315932783213528, 1.1832404786890203, 1.1276956363157793, 1.0869049592451616, 1.0618160096081821, 1.039477508176457, 1.0222963690757751, 1.0067487900907344, 0.994625292041085, 0.9787826673551039, 0.97442765398459, 0.9598565074530515, 0.9670791761441664, 0.9518540691245686, 0.9492257562550631, 0.9469424811276522, 0.943116691979495, 0.9335752156647769, 0.9289428483356129, 0.9382138496095483, 0.9307723803953691, 0.9288126663728193, 0.9199659661813215, 0.9206776971166785, 0.9202594106847589, 0.9165575721047141, 0.9142043861475858, 0.9195416921919043, 0.9167796454646371, 0.9140994413332506, 0.9130281616340984, 0.9102569222450256, 0.9134501706470143, 0.9155988368121061, 0.9167720919305627, 0.915205635807731, 0.9133482033556158, 0.9078225520524111, 0.9112328643148596, 0.9139342416416515, 0.9063256843523546, 0.9101735326376829, 0.9126360280947252, 0.9054626009681008, 0.9114254279570146, 0.9075989858670668, 0.9103045951236378, 0.9092859923839569, 0.9062111919576471, 0.9066526402126659, 0.9124218848618594, 0.9082690694115378, 0.9067813483151522, 0.9044866345145486, 0.906793933023106, 0.9119756628166545, 0.9117577509446577, 0.9090052924372933, 0.9094017148017883, 0.906198032877662, 0.9026091911576011, 0.9050844447179274, 0.9093145077878778, 0.9082189202308655, 0.9073694537986409, 0.9031797376545992, 0.9059612696821039, 0.9079294123432853, 0.8983328559181907, 0.9050408005714417, 0.9086178351532329, 0.9075806059620597, 0.9058552032167261, 0.9073150943626057, 0.9105513177134774, 0.9038011946461417, 0.911959249864925, 0.908580024134029, 0.9082539162852548, 0.9103162911805239, 0.9129811146042563, 0.9076335267587141, 0.8985168527473103, 0.8977136015892029, 0.9030625684694811, 0.8986927731470629, 0.9047958932139657, 0.9039054756814783, 0.9074770022522319, 0.9098045202818784, 0.9069348790428855, 0.907452095638622, 0.9081015044992621, 0.8996661657636816], "valid": [0, 0, 0, 0, 0, 0, 0, 0, 0, 0, 0, 0, 0, 0, 0, 0, 0, 0, 0, 0, 0, 0, 0, 0, 0, 0, 0, 0, 0, 0, 0, 0, 0, 0, 0, 0, 0, 0, 0, 0, 0, 0, 0, 0, 0, 0, 0, 0, 0, 0, 0, 0, 0, 0, 0, 0, 0, 0, 0, 0, 0, 0, 0, 0, 0, 0, 0, 0, 0, 0, 0, 0, 0, 0, 0, 0, 0, 0, 0, 0, 0, 0, 0, 0, 0, 0, 0, 0, 0, 0, 0, 0, 0, 0, 0, 0, 0, 0, 0, 0]}