{"train": [2.0332917841998013, 1.7751358910040422, 1.6000823270190845, 1.4861370921134949, 1.3659480755979365, 1.2842798124660144, 1.2208853201432661, 1.151876606724479, 1.1108624284917659, 1.0804903723976829, 1.0442725826393475, 1.0293405543674121, 1.0096738771958784, 0.9877292026172985, 0.9784835902127352, 0.9688912196592852, 0.963801538402384, 0.9496859989383004, 0.950110676613721, 0.9391250474886461, 0.9380926598202098, 0.9336165352301165, 0.9298236722295935, 0.930301005190069, 0.923169114372947, 0.9224558581005443, 0.9231540343978188, 0.919025101444938, 0.9196013049645857, 0.9159656817262823, 0.9152889874848452, 0.9098358154296875, 0.913723655722358, 0.9202784516594626, 0.9096598056229678, 0.9113864817402579, 0.9136751104484905, 0.9091775769537146, 0.9148674525997855, 0.9117892384529114, 0.9040693830360066, 0.9048263024200093, 0.9075138948180459, 0.9113810414617712, 0.9050439867106351, 0.909212895415046, 0.9049378172917799, 0.906152218580246, 0.9097790609706532, 0.9081888117573478, 0.9116919528354298, 0.9065570289438422, 0.9050270589915189, 0.9079634086652235, 0.9065081450072202, 0.9087700166485526, 0.909261787479574, 0.9054938310926611, 0.9080497785048052, 0.9073757420886647, 0.908102276650342, 0.9057436151938005, 0.9080303799022328, 0.9066737429662184, 0.9069372280077501, 0.9051847674629905, 0.9072413309053942, 0.901501560753042, 0.9061075719920072, 0.9058929492126812, 0.9044555479829962, 0.9036394980820742, 0.9084636596116152, 0.9031981961293654, 0.9046952101317319, 0.9089466495947405, 0.9099246669899334, 0.9028166451237418, 0.9082928381182931, 0.9045582955533807, 0.90588209845803, 0.9079932001504031, 0.9059833206913688, 0.9067984223365784, 0.9033065736293793, 0.9056176191026514, 0.9091831879182295, 0.9029331342740492, 0.9066740355708383, 0.909886980598623, 0.9088559746742249, 0.908148155971007, 0.9081925262104381, 0.9040411792018197, 0.9043644693764773, 0.9026783786036752, 0.906885174187747, 0.9107977178963748, 0.9046546464616602, 0.9024275839328766], "valid": [0, 0, 0, 0, 0, 0, 0, 0, 0, 0, 0, 0, 0, 0, 0, 0, 0, 0, 0, 0, 0, 0, 0, 0, 0, 0, 0, 0, 0, 0, 0, 0, 0, 0, 0, 0, 0, 0, 0, 0, 0, 0, 0, 0, 0, 0, 0, 0, 0, 0, 0, 0, 0, 0, 0, 0, 0, 0, 0, 0, 0, 0, 0, 0, 0, 0, 0, 0, 0, 0, 0, 0, 0, 0, 0, 0, 0, 0, 0, 0, 0, 0, 0, 0, 0, 0, 0, 0, 0, 0, 0, 0, 0, 0, 0, 0, 0, 0, 0, 0]}