{"0": {"train": [14.196369517933238, 17.501519405480586, 19.58232070460464, 21.749305493903883, 23.18946884617661, 24.497556744199812, 24.72678722034801, 24.27850711706913, 23.616881399443656, 22.671637332800664, 21.710505630030777, 20.5855712890625, 19.688348018761836, 18.993790597626656, 17.942138671875, 17.224629720052082, 16.33790264707623, 15.236508456143467, 14.431634151574338, 13.550048365737453], "valid": [26.7947172277114, 34.0677490234375, 40.877922506893384, 45.57196044921875, 48.38152717141544, 50.798411649816174, 49.57618623621323, 48.95395436006434, 47.57549689797794, 45.89896168428309, 44.55174345128677, 41.82415412454044, 41.382546817555145, 39.58372587316177, 37.30661549287684, 35.611155790441174, 33.74887623506434, 31.392445283777572, 31.58950626148897, 29.77035342945772]}, "1": {"train": [20.443371306684682, 21.405322540971568, 22.124260235549812, 23.86752158717105, 24.99637460350094, 25.852245359492482, 25.11960504288064, 24.631241188909776, 23.88872051956062, 22.974842501762218, 21.81352520706062, 20.586135749530076, 19.776622341987782, 19.300881292586936, 18.25052499412594, 17.33850143547345, 16.42979029605263, 15.38770173725329, 14.757540824718046, 13.776090005286655], "valid": [35.232259114583336, 40.10869066642992, 45.14286665482955, 49.68168501420455, 50.83070697206439, 51.350637724905305, 51.32663426254735, 49.48474860913826, 48.39232658617424, 46.88716264204545, 44.06815962357955, 42.36034416429924, 40.48880652225379, 39.487223307291664, 37.58907433712121, 35.405325224905305, 33.950210108901516, 32.20464902935606, 30.697073271780305, 29.214113177675188]}, "2": {"train": [20.74816389729206, 22.362642904869595, 22.598202354029606, 24.052475549224624, 24.658058109140036, 25.153694783834588, 25.022085548343515, 24.57867936442669, 23.780985667293233, 23.134804173519736, 21.494217722039473, 20.687797374295112, 19.767624933916824, 18.70676232818374, 17.977139809974155, 16.974836535919877, 16.004311468368186, 15.328987293673638, 14.386186872209821, 13.638731992334352], "valid": [35.978463837594695, 41.69967743844697, 45.98332445549242, 49.56037671638258, 52.120279947916664, 53.237929835464016, 53.33896336410985, 51.887314305160984, 50.401071259469695, 48.668782552083336, 47.17734227035985, 45.59154533617424, 44.28654711174242, 42.49901603929924, 40.04874304569129, 38.80088112571023, 36.474239464962125, 35.01325757575758, 32.702133641098484, 32.03444602272727]}, "3": {"train": [14.505670303688909, 16.953258084175282, 20.031304151492012, 21.88565774788534, 23.767940664649906, 24.54325511043233, 24.731416860021145, 24.16221308887453, 23.541862774612312, 22.646342112605733, 21.45728824013158, 20.514504339461936, 19.632394891036185, 18.828336557947605, 18.066042333617247, 16.941877092633927, 16.071249137247417, 15.133907002613956, 14.500694332266212, 13.363945294143562], "valid": [25.93331631747159, 34.63481001420455, 41.061874852035984, 45.263427734375, 48.93074914180871, 49.58731356534091, 49.402217980587125, 48.530110677083336, 47.25375088778409, 46.08066258285985, 43.67817826704545, 41.97035910866477, 40.85242439038826, 38.663204308712125, 36.553818211410984, 34.914225260416664, 33.47816051136363, 31.353530421401516, 29.719049627130683, 28.360569809422348]}, "4": {"train": [15.156143532659774, 17.747233225886983, 20.02565403988487, 22.0376582324953, 23.410702354029606, 24.640448778195488, 24.637313498590224, 24.245156653841637, 23.673483941788064, 22.571402872415412, 21.838486291412124, 20.507797814849624, 19.841605968045112, 18.875455698572605, 18.21408654693374, 17.231471929335058, 16.03669268385808, 15.365312848772321, 14.663826619772086, 13.981852366511983], "valid": [26.276193329782195, 33.51015033143939, 39.15064216382576, 44.25362881747159, 47.74726636482008, 49.25051417495265, 49.72799035274621, 48.885483250473484, 47.31200432054924, 44.9776611328125, 42.79058283025568, 41.64250414299242, 39.31187855113637, 37.912771513967805, 36.93983783143939, 35.05035955255682, 32.35330477627841, 30.434133818655305, 28.833747632575758, 28.039609966856062]}}