{"0": {"train": [14.766035686083013, 15.877518116105932, 16.22811471336235, 16.22360014550453, 16.197402820922836, 16.26266029741072, 16.511400352409254, 16.186030334525054, 16.358761124659342, 15.960517124618681, 16.284536277911815, 16.380620167446097, 9.230128524197344, 8.772745930154123, 8.963292931739414, 9.138044180183012, 9.065416008843801, 9.13212336230336, 9.158301911413423, 9.134810259523336], "valid": [15.009913099700757, 15.652480207981684, 16.69265933957184, 16.258264333943576, 16.28384646995502, 16.652764149397154, 16.546787390229287, 16.566679148497304, 15.316127561502897, 16.4803952571745, 16.056841192164974, 16.219970061247196, 8.599206282287764, 8.832157437936791, 9.058080142959025, 9.15132401575942, 9.027221773567588, 9.153322545972774, 9.267356393333497, 9.31843689593622]}, "1": {"train": [14.92152327061177, 15.601600731028084, 16.09450510155747, 16.308300886701353, 16.06665401374139, 16.22999866402086, 16.397171950575654, 16.442102772566294, 16.199140037004998, 16.209688700529824, 16.1532951821106, 16.336214920024297, 9.183938399083045, 8.743670915087025, 8.943114498071292, 9.010809437299699, 9.108109233341498, 9.153439876978311, 9.083483102274208, 9.124943150149035], "valid": [15.127553407377329, 16.418158234948166, 15.712502900239718, 15.784042757934623, 15.52656306502713, 16.29763876472459, 16.735954220261863, 16.471307035951863, 16.192189105131167, 16.523417833213355, 16.49384899851692, 16.06813163937443, 8.597077186705643, 9.02474058180992, 9.029503537820872, 9.065430632850646, 9.214065582323423, 9.266319262894426, 9.095529333309207, 9.347286842773018]}, "2": {"train": [14.909859441554431, 15.634214718090412, 16.0468133589897, 16.143104454976054, 16.168885469402532, 16.256655967189513, 16.121789355598, 15.997326872587237, 16.310881354468016, 16.319131815991256, 16.238172278142926, 16.199802156885834, 16.087028668253936, 16.09243739263611, 16.360239806989178, 16.335067114787034, 16.218440136764162, 16.200705668670047, 16.1782075546555, 16.105299877189125], "valid": [15.423089961156874, 15.814074578655688, 15.958589903972983, 15.992976254293858, 15.96306223343295, 16.307610061346402, 15.911038168272519, 15.935216211866695, 15.89623115638889, 17.18329080987478, 15.146995807516165, 15.941327705115851, 15.384431298360035, 16.962227953846558, 16.175835604387252, 16.810266404964498, 17.100661128900104, 16.743739783226598, 16.239480007017164, 16.314168965258744]}, "3": {"train": [14.81901431632905, 15.55485906913431, 15.908613943170113, 16.210290368184253, 16.09222595393871, 16.226779462339746, 16.292158579038336, 16.183641470558296, 15.98862235128905, 16.25380662685301, 16.25845633727966, 16.306399091184865, 9.087372892147517, 8.748504207478451, 8.995399969059743, 9.087358930759427, 9.104765627445248, 9.085359536521782, 9.13763612765477, 9.091770232158732], "valid": [15.123059612126255, 15.497181872609245, 15.917126606318858, 16.14850382737326, 16.735566774958585, 16.64886493822044, 16.29469782471367, 16.15648253442631, 15.816469036129039, 16.14441695208542, 16.331409942849646, 16.141126690819668, 8.672298342428727, 8.716192950948589, 9.114527868395593, 8.987547195048133, 9.25970827518299, 9.310531576912297, 8.808712735369168, 9.241006929520664]}, "4": {"train": [14.933922503874323, 15.7877605927828, 15.972783626720688, 16.152625200318273, 16.25713647931648, 16.196381203622362, 16.32185420643398, 16.08133331704914, 16.277851038692777, 16.195649966164744, 16.325559177526948, 16.195163507935042, 9.232308966183222, 8.718522417202479, 8.997902051865893, 9.072871099710294, 9.115170534903237, 9.126079012965898, 9.197748023461743, 9.15161004819009], "valid": [15.108700364593581, 16.52587036534532, 15.749036720440715, 16.37873563276611, 16.099857611416713, 16.726877535373667, 16.145257266196488, 15.326455506392858, 16.303503414475536, 16.174467286832993, 16.073223913631857, 16.369922301171933, 8.568635825657815, 9.07609250266113, 9.132215073323929, 9.090838918223335, 8.956084515168646, 9.148821222848657, 9.300164180553118, 9.033301528797486]}}