{"0": {"train": [16.497190533262312, 27.8304882627545, 26.641518332741477, 22.79959753787879, 23.35604580965909, 24.297946814334754, 25.1679160378196, 24.72679276899858, 24.288362445253313, 24.01436730587121, 22.286204944957387, 21.57744991418087, 21.114800655480586, 19.89778183445786, 19.122814294063684, 18.051695852568656, 16.988778779000945, 16.141131314364348, 15.242104270241477, 14.632910526160037], "valid": [30.311817842371322, 37.215260225183826, 42.08013556985294, 47.170298856847424, 50.9808780445772, 52.67135799632353, 52.627157772288605, 53.048289579503674, 51.75550752527573, 49.93996653837316, 48.75982666015625, 46.8837100758272, 46.06630931181066, 44.226268095128674, 42.71938907398897, 40.323845358455884, 39.36990894990809, 36.76424632352941, 35.63779225068934, 34.130317239200366]}, "1": {"train": [16.177226360579184, 24.75126888877467, 24.48668791118421, 21.584840702831297, 23.444565392974624, 24.42066806420348, 24.604718889508927, 24.56168772761983, 24.320760397086467, 23.572830085467576, 22.11052870212641, 21.76246493920348, 20.123830694901315, 19.407899325951597, 18.970771043820488, 18.424057121563674, 17.54021161301692, 16.33066920230263, 15.705824314203477, 14.784083775111608], "valid": [37.47767962831439, 34.35293856534091, 42.238895300662875, 47.888009736032195, 50.35741077769887, 53.23915423768939, 53.424479166666664, 52.24260919744318, 50.920328776041664, 48.79742986505682, 48.11226769649621, 45.39453864820076, 44.45868104876894, 42.98274369673295, 40.95773407907197, 40.230605616714016, 37.87736742424242, 35.96507679332387, 34.43734093868371, 32.33416193181818]}, "2": {"train": [15.529472637893562, 31.9143672168703, 19.5668330371828, 21.26205559063675, 22.97415229969455, 24.06816387893562, 24.6743779003172, 24.66519876351034, 23.546192140507518, 22.825191641212406, 21.794834681919642, 21.2496337890625, 20.479061729029606, 19.64515536889098, 18.93754313762923, 17.714249919231673, 16.69056965533952, 15.89243723933858, 14.82622097847157, 14.197164205680217], "valid": [35.21185487689394, 36.80996241714015, 43.03127219460227, 48.99454012784091, 52.99459191524621, 54.392537434895836, 56.111698035037875, 54.20239997632576, 55.29680101799242, 52.33678089488637, 49.76156338778409, 48.71047511245265, 47.99436627012311, 46.567630652225375, 45.15306877367424, 42.84392015861742, 40.726810339725375, 38.61126154119318, 36.948404947916664, 36.28142015861742]}, "3": {"train": [15.640762214373826, 26.219436989691026, 19.47553040927514, 21.306645214109494, 23.23682191318139, 24.97773272292058, 25.1773681640625, 24.81164000088111, 24.198001718162594, 23.228140235843515, 22.2041015625, 21.213134765625, 20.520862091752818, 19.237722296463815, 18.789671474829653, 17.861894880022323, 16.947822283981438, 15.778707174430217, 15.27774667381344, 14.463221958705358], "valid": [34.24961529356061, 34.69139885179924, 41.74918989701705, 47.01888390743371, 50.75143895004735, 52.64826734138258, 52.55267888849432, 51.77499852035985, 50.84141216856061, 48.05474668560606, 45.74522816051137, 43.97423206676137, 44.33629631273674, 41.600179036458336, 39.37778542258523, 37.53231534090909, 36.33211632930871, 34.63643761837121, 32.94450239701705, 31.348344282670453]}, "4": {"train": [16.1183783739133, 30.033712057242717, 19.91401385543938, 22.3391719043703, 24.34018609756814, 24.6743769824953, 24.963292630991543, 24.98867132430686, 24.233232311736373, 23.339852928218985, 22.66841481144267, 21.232100637335527, 20.47588055832942, 19.93270805186795, 19.15989375293703, 18.193477315113956, 17.163289693961467, 16.039381902020676, 15.242994724359727, 14.697385400757753], "valid": [31.299604936079547, 33.83783143939394, 41.72688062263258, 47.85406309185606, 49.83102509469697, 51.01372736150568, 53.20230379971591, 51.17124615293561, 50.208089192708336, 47.736979166666664, 46.212398644649625, 44.37837357954545, 42.01287286931818, 40.77714769767992, 38.91372218276515, 37.439578894412875, 35.84611742424242, 33.08245294744318, 31.92537804805871, 30.767082445549242]}}