{"0": {"train": [10.565967281201761, 9.635251739137358, 10.541909555691364, 11.2412629923968, 11.23803082409362, 11.440022979054195, 11.425261336107308, 11.58136218507074, 11.589651168323815, 11.683164686248706, 11.173236917357036, 11.53231309151045, 6.910427408332575, 6.289065100862529, 6.511456144724156, 6.648616662436759, 6.757057309529523, 6.797178866347629, 6.834890367211803, 6.848926853185098], "valid": [9.496143301577375, 10.009844157228395, 10.829541925669163, 11.171123238049745, 11.376507831879358, 11.330521008795087, 11.177509306019962, 11.68569482592099, 11.55463038327132, 11.191661893845115, 11.32869499535943, 11.752770986273129, 6.135343395017305, 6.414935775760928, 6.599076874769543, 6.757615704586308, 6.811180583271529, 6.7959578522538715, 6.757252989789698, 6.802694319962624]}, "1": {"train": [10.591796537820843, 9.628292724697761, 10.542698365051656, 11.108119961888672, 11.486029451375073, 11.390236787304088, 11.546389041357886, 11.434218492237992, 11.429064522223813, 11.547671350061156, 11.542046362042473, 11.547665758779596, 6.900320152100929, 6.349389970394491, 6.5094787190913435, 6.654620309196299, 6.806785897657863, 6.804470849297075, 6.819004928230205, 6.87662415517307], "valid": [9.38351989238695, 9.993331792150627, 11.012903627501508, 11.311925094330332, 11.107254263196818, 11.663383122569725, 11.730621205312248, 11.481015202058611, 11.882576058741453, 11.258393730149253, 11.662523085005196, 11.43494955212733, 6.312505231117173, 6.494609818237337, 6.550913180215456, 6.756445057163868, 6.7791822061617975, 6.829409710655714, 6.88539728403539, 6.8195224179886536]}, "2": {"train": [10.676532004764086, 9.732001777595423, 10.637884654964765, 11.393704748592935, 11.457905776521898, 11.548642895793597, 11.451440452929948, 11.631098865498855, 11.469810299143253, 11.423509179705832, 11.60962537843941, 11.583335128348589, 6.929326603726208, 6.329109852851611, 6.5557286715916385, 6.692578940286108, 6.858221858739453, 6.83185824763003, 6.825033121959757, 6.834548842371638], "valid": [9.506388588596138, 10.15978940399571, 11.368688915740648, 11.475263461059013, 11.57718917998081, 11.568321146598032, 11.5513419419583, 11.52168940991427, 11.530770216860251, 11.62671706347211, 11.693429088311209, 11.487748153985233, 6.255432148547491, 6.409803601339376, 6.688280022422441, 6.8406552540581425, 6.8520953046696915, 6.819678637872084, 6.805091837859723, 6.8453339711498975]}, "3": {"train": [10.611488448778937, 9.737683771806784, 10.595113063111453, 11.026144842397617, 11.218734659985133, 11.513212893964056, 11.482904057562912, 11.289059920415767, 11.68099630836617, 11.499850240076798, 11.369254242918478, 11.5055160513254, 6.887528571677925, 6.341410333468747, 6.496816977195794, 6.661970325425419, 6.738500613685708, 6.764682620264669, 6.7778750240477486, 6.81375062859361], "valid": [9.520223217465725, 10.200505349488385, 10.833878004586099, 11.075196379674091, 11.773462680070898, 11.54262074649286, 11.255846490345938, 11.459021942146856, 11.467138272503101, 11.490089723807488, 11.886949613146118, 11.370290403603931, 6.247112596818224, 6.374804389607846, 6.6430088115844566, 6.718061050738301, 6.705588083632928, 6.753478709287636, 6.851833519663239, 6.83580447314859]}, "4": {"train": [10.654355142378046, 9.711221515617668, 10.60961665273448, 11.089793869431839, 11.518210829931471, 11.60851700021422, 11.367063080922437, 11.401349449822654, 11.430274324629384, 11.494137657535846, 11.435875815046028, 11.78233350250989, 6.886031903987853, 6.247047039266245, 6.495202694824088, 6.6366294789231155, 6.686994783908377, 6.7959707475469395, 6.813381930182721, 6.826813425036978], "valid": [9.36145747278259, 10.360970844759038, 10.953763741225394, 11.264772223239548, 11.808257434634635, 11.429141254339115, 10.937953514388845, 11.307710062815534, 11.244777749009819, 11.417657020239838, 11.611623099883005, 11.418657166588028, 6.173830452611891, 6.387537077449724, 6.669377154890649, 6.668342997909641, 6.768273557160858, 6.846114120368818, 6.7477414766060795, 6.828198386885735]}}