{"0": {"train": [25.6766911074112, 24.859611136014344, 24.568069874914617, 25.103315509733605, 23.521713173454575, 22.8738293256916, 22.18332025913593, 21.41297387295082, 19.97201988345287, 19.28961681928791, 18.007861194714824, 16.73169545658299, 15.802024632855192, 15.198226845329577, 14.362673566641051, 13.874601103568988, 13.38117955942623, 13.076879615992144, 12.740179343301742, 12.497104332095287], "valid": [44.91374405570652, 43.33267875339674, 45.941841457201086, 47.00495711616848, 48.10477878736413, 47.274106233016305, 45.72104279891305, 44.25117028277853, 42.937929899796195, 39.446902067764945, 37.78909434442935, 35.64946182914402, 34.23244310461956, 32.91252069887908, 30.46210778277853, 29.786886463994566, 29.00166652513587, 28.048313306725543, 27.583037003226902, 27.42626422384511]}, "1": {"train": [25.762100303107925, 23.593395128927597, 23.991978046021174, 25.588809821123633, 27.482806763362362, 23.187007716444672, 22.299977453679986, 21.710910817964482, 20.61125208119877, 19.74203941470287, 18.49825566192794, 17.22945683380294, 15.823336241675205, 15.596454224299864, 14.66656994428791, 13.8863358627903, 13.397872507897883, 12.945634685578893, 12.696379781420765, 13.009069557398394], "valid": [42.09522545855978, 44.36857804008152, 45.539741847826086, 46.51975946841033, 46.32547660495924, 46.69997770889945, 45.95645805027174, 44.15326989215353, 41.8261426842731, 39.78494926120924, 36.710693359375, 35.91420049252717, 33.93618110988451, 31.5908203125, 30.593734077785324, 29.83996051290761, 28.311300526494566, 27.349826978600543, 26.823263417119566, 27.06337837550951]}, "2": {"train": [25.55894728697063, 25.04640005976776, 24.3746171127903, 24.551753143143785, 23.758859769894126, 22.818203285092213, 22.349960243767075, 21.24561280630977, 20.475903453722676, 18.76434826460041, 17.89260147178108, 16.82734321635929, 15.785105554132514, 15.21136974897541, 14.295818391393443, 13.500659046277322, 13.339181368468237, 12.860126766350751, 12.669012684639686, 12.353186768912227], "valid": [41.24382483440897, 43.96216351052989, 46.63395359205163, 47.39255689538044, 47.35957137398098, 45.834775178328805, 44.89626146399456, 43.4561767578125, 40.94343367866848, 39.583127229110055, 37.834769870923914, 35.64179793648098, 34.00380540930706, 32.46700917119565, 30.35168987771739, 30.34047267747962, 28.395913828974184, 27.922421662703805, 27.98047405740489, 26.559909986413043]}, "3": {"train": [25.28893042392418, 24.580715825648905, 24.350491216273905, 28.01772420914447, 23.3161454331028, 23.0667170957138, 22.316443604849727, 21.4491300322319, 20.24817895107582, 19.136771447020152, 17.72824813759392, 17.018778149547472, 15.93542146943306, 15.08756710531933, 14.431084304559427, 13.768836182974727, 13.38337682505123, 12.823696449154713, 12.444789532103826, 12.212277271708505], "valid": [45.20041291610055, 45.74959663722826, 49.00264308763587, 48.539725925611414, 49.10517684273098, 48.04983122452445, 47.25075365149456, 45.33017365828805, 42.88592529296875, 41.45140274711277, 38.70850670855978, 37.59945546025815, 35.15297002377717, 33.65010933254076, 31.708023734714676, 30.498214058254074, 30.767671004585598, 29.44994055706522, 28.61718219259511, 28.026659094769023]}, "4": {"train": [25.23096034837806, 23.803493333899457, 23.84299303137738, 23.778685196586277, 23.371520332668137, 23.236658510954484, 22.11191923721977, 21.402452551800273, 20.164129505986754, 18.835774297299594, 17.992674454398777, 16.38303806470788, 15.837164837381113, 15.12572711447011, 14.021144701086957, 13.538500578507133, 13.043324346127717, 12.783252218495244, 12.52415134595788, 12.207214023755943], "valid": [41.43406032986111, 43.75858832465278, 45.93887261284722, 47.95500759548611, 47.567784288194446, 45.907199435763886, 45.951421440972226, 42.65305989583333, 40.722119140625, 38.22868381076389, 37.069493272569446, 35.13251681857639, 32.803287760416666, 31.55031467013889, 29.966883680555554, 29.479364691840278, 27.50595703125, 26.927791341145834, 26.702967664930554, 26.131103515625]}}