{"0": {"train": [15.587830095939573, 17.269538335341522, 17.350693229814468, 16.57733042955794, 15.04618225603752, 13.739179063989946, 12.631883712945688, 12.029742441762542, 11.642097536406508, 11.327223744558458, 11.070609477028919, 10.834986444729477, 10.619376263215175, 10.52990216560427, 10.297366722701597, 10.236401812551824, 10.243305971768761, 10.044930782286484, 10.06751480229063, 9.9532373532727], "valid": [23.179005199710264, 26.927633323416806, 27.860578726459025, 26.571887287872517, 24.698292309085264, 22.510112434033527, 21.41053701236548, 20.763904697847682, 20.23343319924462, 19.942158073778973, 19.80941590568088, 19.506248221492136, 19.256518231322435, 18.86277437525869, 18.87456547819226, 18.711833221233444, 18.64390473018419, 18.726281172392383, 18.62573686814466, 18.759692059447435]}, "1": {"train": [15.784033729464657, 16.64359760442579, 17.399792217298923, 16.480282911613806, 15.088775280498549, 13.842089803262335, 12.71073809824575, 12.016757237575145, 11.643910574082712, 11.249273246398218, 11.076449417949316, 10.755242950287624, 10.825203207594837, 10.544041673144694, 10.477014949665733, 10.31598274901534, 10.099172715523943, 10.256111410719837, 10.177162284281716, 9.982566213528711], "valid": [22.8690937370654, 26.64919740790563, 27.778614574710264, 26.41310776464197, 24.6451157323572, 22.957139577297184, 21.0865947394971, 20.545516866721854, 20.071912348665148, 19.54060575977856, 19.09800629268419, 19.37195834734582, 18.74105087179222, 19.02608788092405, 19.093422188664114, 18.882226805023798, 18.67199262404284, 18.619449842844578, 18.76578466150145, 18.873266763245034]}, "2": {"train": [15.622776619830535, 17.611668221393035, 17.485680727223258, 16.634047576246374, 15.126065432926513, 13.666479613650498, 12.62386148683665, 11.945612311165526, 11.624791488520938, 11.266913722403608, 11.033564882294257, 10.918904419957505, 10.642583995711547, 10.56314274169517, 10.32823451913609, 10.23624370821673, 10.223289477093699, 10.21356838852612, 10.168875471276431, 10.454532958579499], "valid": [22.521611295788492, 26.749263536061672, 27.429381111599753, 26.63319730442881, 24.23016802048841, 22.792732693501655, 21.044024536941226, 20.258435786165148, 19.729423472423427, 19.400501377535182, 19.445601911734272, 19.195719939983444, 18.657061646316226, 18.45044915407699, 19.10378038014797, 18.35005966085472, 18.118657194225992, 18.25924258200538, 19.5598613410596, 18.013426521756003]}, "3": {"train": [13.735115114531508, 15.820921636932525, 16.767544925114013, 16.346367122719734, 14.902241113767102, 13.487004876334474, 12.497572561994714, 11.82567833035344, 11.384837490606861, 11.147663983144176, 10.886532304298818, 10.713865567993366, 10.390411630001037, 10.78320049330172, 10.240581151857898, 10.198827234271352, 10.22117905751192, 10.104924595771145, 9.93194954589034, 9.96377224392361], "valid": [21.513434201676326, 26.911250840749172, 28.496448643160182, 27.52128793072227, 25.639278992911837, 22.9847670801428, 22.026842534147352, 21.090708751552153, 20.80161714869619, 20.604665996223098, 20.333224871300704, 19.797894408371274, 19.88165727830091, 19.880421215335264, 19.349826838007036, 19.551648676790148, 19.552885952374794, 19.549505574813743, 19.377620469655422, 19.89000454327918]}, "4": {"train": [16.13726463065242, 17.20353041895178, 17.603077869541597, 16.634753498810017, 15.404634387287873, 13.75926339863152, 12.82645138367912, 12.100511361431602, 11.748827801634933, 11.50399295225838, 11.092460783901593, 10.910865430010865, 10.863962539773903, 10.727283604097682, 10.39252214242291, 10.358612666856374, 10.331447171849131, 10.329920484530215, 10.248751406638037, 10.185758072808879], "valid": [22.532835286458333, 26.034121907552084, 26.786666666666665, 25.39075927734375, 23.61642578125, 21.806493326822917, 20.08591064453125, 19.28704833984375, 19.03691162109375, 19.283900146484374, 18.82677734375, 18.44836344401042, 18.38543701171875, 17.98509765625, 17.506079915364584, 17.75004150390625, 17.316297607421873, 17.318515625, 17.717999674479167, 17.642859700520834]}}