{"0": {"train": [48.230267259014305, 48.98477168924559, 49.45519424054701, 50.42108693367372, 50.73532916191935, 51.104688585281004, 52.232741252254336, 52.95279182825295, 53.573213246673326, 54.95282015979906, 54.83289269655391, 54.95349529026126, 54.93062487814389, 55.07591686252498, 54.86341512036338, 55.16965985579852, 55.198060269652345, 55.291081789060975, 55.59036882608391, 55.46640287991689], "valid": [48.43244593305582, 49.42257798945093, 49.6318237533141, 50.20808424922874, 50.4068187920659, 51.74479563921894, 52.86261321393237, 53.285197752383226, 54.04081538551983, 55.1918937316628, 55.01132986505405, 55.29258081694357, 55.0766355784625, 54.807077732669214, 55.407537506731764, 55.01032925782469, 55.06301910343277, 55.48550059032381, 55.57797353533901, 55.64759759076]}, "1": {"train": [48.22738017355357, 49.00279916817971, 50.13089139078951, 50.77376098989813, 51.135191454992444, 51.472636267501585, 51.50115057874037, 51.91200495954377, 52.695210550226044, 52.79669554783462, 53.257772563563194, 53.484994428890865, 53.500670741738155, 53.54952194323942, 53.96842037921622, 54.00286289511845, 53.884711427590055, 54.07963761515403, 54.12519591226055, 54.27809498341234], "valid": [48.62873756565753, 49.82488050359677, 50.33568056597981, 51.09574557927275, 51.16014878718614, 51.845509244141844, 51.91997335318543, 52.52336131076253, 52.985064529733066, 53.09815884766844, 53.48167435615716, 53.937685294814656, 53.69521215180643, 53.49399890768773, 53.99667855284769, 54.187016839915636, 54.359932159975926, 54.41272614229789, 54.27705110108488, 54.609948018455384]}, "2": {"train": [48.085963926513884, 48.61428762800485, 48.76267367436381, 49.46034774893319, 49.991087905704106, 50.60777617687091, 50.68030435347496, 51.32145817886135, 52.358614866460044, 52.67022385694285, 52.63511616661407, 53.4707373861756, 53.40771164515178, 53.57871156198822, 53.571684527283736, 53.98035673242477, 54.001637368141594, 54.33975259947031, 54.445427725693094, 54.517554525818475], "valid": [48.015793006146055, 48.94817280297048, 49.50417559107089, 49.758364710601775, 50.47553070025518, 51.003380686941874, 51.169510213768326, 52.215582207795926, 53.416994434309686, 53.11205110265803, 53.24259691442199, 53.613049733398896, 53.85928204300957, 53.9509839807801, 53.91771088098702, 54.07460287829268, 54.87157310113355, 54.63099557355643, 54.447671078943905, 54.46723022365734]}, "3": {"train": [48.310478086098954, 48.841848538073066, 49.638637185440714, 50.431398807166566, 50.889784225610235, 51.524789488446665, 51.91818527415642, 52.60641860991663, 53.336685486482416, 54.399675519345735, 54.59776499281991, 54.81559718552296, 54.87116095864121, 54.61405937565495, 54.809382213981344, 55.01524563292338, 55.42832116545953, 55.5484489387965, 55.69152057132752, 55.75179321412818], "valid": [48.397558330987515, 49.41438906807513, 50.35582373640947, 50.79362875986464, 51.881282803421364, 52.314198930853706, 52.60555580435482, 53.07462016730278, 54.18810303991065, 54.988370151308544, 55.38827030537114, 55.18054905630947, 54.70595478063217, 55.14527669575485, 55.69493320806036, 54.9382810519761, 55.70795476494258, 55.499184979308026, 55.71913357611064, 56.576281606900004]}, "4": {"train": [48.285428207005964, 49.264199043969455, 49.91895420384149, 50.56034511580144, 51.001196437568844, 51.940203481872175, 52.51308110533197, 53.43822540590212, 53.71835302159389, 53.89133760198959, 54.32089901439004, 54.729137152617, 54.80571276496578, 54.665370431564014, 54.71388052451223, 54.781222193138674, 54.97440574995248, 54.88879608723095, 55.033344282185816, 55.14880388229098], "valid": [48.567304773945054, 50.1398783356365, 49.93016275737015, 50.94258262623567, 51.379113565795116, 52.0104608031484, 53.412672791089044, 53.33063415327416, 54.08279952562612, 54.636158608921676, 55.009593572692445, 55.206079078713586, 54.74255348244838, 54.9353549822205, 55.223535419012485, 55.23408641824111, 54.81883535591903, 55.36893555601456, 55.21210978247226, 55.27315371651263]}}