{"0": {"train": [15.719871701218011, 13.898160679133857, 13.94553405281127, 14.504274863896407, 14.869088240495817, 15.471360093965306, 15.656624861589567, 15.327876053457185, 14.740657295767717, 14.431869386687993, 13.869651013471948, 13.34778504859744, 12.795308270792322, 12.36779448742003, 11.980169341320128, 11.381584107406496, 10.729512852946604, 10.219221460537648, 9.631500965028298, 9.130835826002707], "valid": [22.45708465576172, 25.04592514038086, 27.336084365844727, 29.38572120666504, 30.469032287597656, 31.693096160888672, 32.07500076293945, 31.93596649169922, 30.76629066467285, 29.722232818603516, 28.52454376220703, 27.85917091369629, 27.423423767089844, 26.77341079711914, 25.416900634765625, 23.649490356445312, 22.901498794555664, 21.667545318603516, 21.04121971130371, 20.181724548339844]}, "1": {"train": [16.256557194266733, 14.736570343257874, 14.143783449187993, 14.624818816898376, 17.709365484282728, 15.777705155019685, 15.809340589628444, 15.657230407234252, 15.297547828494094, 14.92494646207554, 14.205799493264026, 13.39643967996432, 12.984083761380413, 12.66165617695005, 12.155089851439469, 11.617260549950787, 11.04204697496309, 10.395076721671998, 10.073570431686761, 9.466900682824804], "valid": [21.18670082092285, 24.035661697387695, 25.96929931640625, 28.894081115722656, 30.623565673828125, 32.62257385253906, 32.58948516845703, 32.33958435058594, 30.56447410583496, 29.794063568115234, 28.158023834228516, 28.3299560546875, 26.862751007080078, 25.636577606201172, 25.247365951538086, 23.74005889892578, 22.234455108642578, 20.827362060546875, 21.111799240112305, 20.316816329956055]}, "2": {"train": [15.547550712044783, 13.685056671382874, 14.61785263902559, 14.61793914554626, 14.96556944359006, 15.736566979115404, 15.607452152282233, 15.823425773560531, 15.08677276851624, 14.787679356852854, 13.956121489757628, 13.348228634811761, 12.674975778174213, 12.688698595903052, 11.77681365726501, 11.527913251261072, 10.698316679226131, 10.497452382966289, 9.896513210506889, 9.300630344180611], "valid": [22.06145477294922, 24.786273956298828, 26.226171493530273, 28.930919647216797, 30.814085006713867, 31.347145080566406, 31.652568817138672, 31.223724365234375, 29.965316772460938, 29.673885345458984, 28.045997619628906, 26.2243595123291, 26.391971588134766, 25.08419418334961, 24.079938888549805, 23.287948608398438, 22.115100860595703, 21.010225296020508, 19.940351486206055, 19.411697387695312]}, "3": {"train": [15.569814165900736, 14.350428442861519, 14.457830690870098, 19.40560470281863, 14.958709597120098, 15.583372587316177, 15.715700635723039, 17.114623066023285, 15.092272231158088, 14.957650218290441, 14.14264227175245, 13.553223613664215, 13.15959712009804, 12.666124770220588, 12.041416781556373, 11.67710391773897, 10.970023360906863, 10.275971775428921, 10.132172947303921, 9.654940736060048], "valid": [22.338171580481152, 28.610890221974206, 28.071959480406747, 29.975353422619047, 31.824061802455358, 32.65145631820437, 34.00677393353175, 32.818281870039684, 32.4063972594246, 31.10268244667659, 29.666906932043652, 29.843350849454364, 28.597999209449405, 27.930603996155753, 26.410656156994047, 25.66172185019841, 24.549293154761905, 23.655259874131943, 22.57632300967262, 21.574925982762895]}, "4": {"train": [16.149446614583333, 14.221772556678921, 14.698941099877452, 14.445424038756128, 14.831728707107843, 15.363094554227942, 15.773189051011029, 15.320847694546568, 15.008526252297795, 14.370222503063726, 14.058924057904411, 13.145972158394608, 13.047802255667893, 12.390670955882353, 11.960566501991421, 11.3685791015625, 10.793339748008579, 10.423741479013481, 9.863459329044117, 9.208895814185048], "valid": [21.930020771329364, 24.12197730654762, 27.45217750186012, 30.510561988467263, 32.33853004092262, 32.90651351686508, 33.35498434399802, 31.802013578869047, 31.756669301835316, 31.281273251488095, 29.565956721230158, 28.16382610987103, 28.16138470362103, 26.64253162202381, 26.122533404637895, 24.346392919146826, 23.636951264880953, 22.840403723338294, 22.513755192832342, 20.96206519717262]}}