{"0": {"train": [56.265513392857144, 58.22224469866072, 57.544607979910715, 55.499825613839285, 55.49342564174107, 55.57439662388393, 53.18920200892857, 53.364955357142854, 52.90446428571428, 54.750174386160715, 51.962489536830354, 51.75083705357143, 50.16988351004464, 48.30427594866072, 47.42588936941964, 46.7623291015625, 45.331211635044646, 43.80131487165178, 43.204833984375, 40.51893833705357], "valid": [154.74130588107639, 175.32864040798611, 170.97447374131946, 176.8701171875, 184.78443739149304, 183.77213541666666, 193.60621473524304, 191.45613606770834, 191.1707763671875, 187.0142822265625, 180.33425564236111, 179.84920247395834, 177.60211859809027, 175.93991427951389, 168.69810655381946, 162.33793131510416, 162.46415201822916, 155.05442979600696, 149.94158257378473, 142.85700141059027]}, "1": {"train": [51.27531389508928, 61.03582589285714, 58.08543526785714, 49.03843470982143, 55.820591517857146, 55.90773577008929, 52.08972516741071, 53.64762834821428, 56.52138671875, 49.28698381696429, 50.713047572544646, 50.008754185267854, 49.064400809151785, 49.58086635044643, 47.46386369977679, 46.553927176339286, 45.22605329241071, 43.90500837053571, 41.67218191964286, 40.43658970424107], "valid": [171.647216796875, 171.61956108940973, 171.07949490017361, 178.11778428819446, 191.04485405815973, 187.78252495659723, 185.835205078125, 194.17734103732639, 191.47669813368054, 188.79482693142361, 187.94212510850696, 179.59189181857639, 174.0888671875, 173.01585557725696, 168.24485948350696, 165.14812554253473, 160.18535698784723, 158.33329264322916, 153.38090006510416, 150.12529839409723]}, "2": {"train": [62.111049107142854, 62.905245535714286, 56.14410923549107, 56.6741455078125, 56.214264787946426, 58.94224330357143, 53.81666434151786, 53.39056222098214, 55.91697474888393, 53.27646833147321, 52.05137416294643, 50.981898716517854, 48.212168666294644, 49.54339425223214, 49.94725167410714, 46.49782366071429, 46.65223563058036, 43.881989397321426, 42.370595005580356, 41.0741943359375], "valid": [151.73883734809027, 172.06659613715277, 172.64847819010416, 174.60066731770834, 187.758544921875, 182.53643120659723, 192.89181857638889, 193.93324110243054, 186.60126410590277, 188.53824869791666, 182.77944607204861, 184.679443359375, 181.79243977864584, 173.65074327256946, 171.76763237847223, 163.33859592013889, 159.35696072048611, 153.27164713541666, 150.51589626736111, 145.64214409722223]}, "3": {"train": [58.99304547991071, 54.26652483258928, 53.09985700334821, 54.162405831473215, 51.147572544642856, 53.558565848214286, 54.95198102678572, 53.36083984375, 52.55725446428571, 52.6033203125, 52.59260602678572, 50.163950892857144, 49.5812744140625, 48.95818917410714, 47.833949497767854, 46.81946149553571, 47.21714564732143, 43.080172293526786, 44.03666643415178, 41.61156877790179], "valid": [156.45526801215277, 172.18096245659723, 176.57465277777777, 184.0692138671875, 190.36302354600696, 190.51947699652777, 190.61832682291666, 201.5330810546875, 196.47642686631946, 188.20817057291666, 185.861328125, 188.26529947916666, 181.19916449652777, 177.86684841579861, 174.32135687934027, 167.19023980034723, 161.20747884114584, 157.06773546006946, 150.89595540364584, 149.93375651041666]}, "4": {"train": [55.94763522677951, 49.50171576605903, 50.34574720594618, 56.51768663194444, 53.03050401475694, 51.51570298936632, 51.268588595920136, 50.05913967556424, 50.08916897243924, 50.56651814778646, 48.586751302083336, 48.78758070203993, 47.672698974609375, 46.52272203233507, 45.08110215928819, 45.0650634765625, 43.170654296875, 42.63477918836806, 40.65186225043403, 38.77233208550347], "valid": [166.61959838867188, 174.38497924804688, 183.45872497558594, 190.74462890625, 197.00418090820312, 203.83123779296875, 205.78729248046875, 209.22645568847656, 207.94122314453125, 205.44737243652344, 202.7455596923828, 198.23422241210938, 196.91050720214844, 192.7017364501953, 186.22947692871094, 182.2412872314453, 176.2730255126953, 171.33477783203125, 163.40310668945312, 158.36976623535156]}}