{"0": {"train": [4.303737994552752, 3.732951189793578, 3.5391677268491972, 3.4289864580346903, 3.3304562965883027, 3.2771529171444955, 3.2201019119122707, 3.1991283955705274, 3.141748898007454, 3.0932684830131882, 3.085103994946961, 3.047753435887328, 3.0468468454343465, 3.0474373969681765, 3.0237907871631307, 3.0018693332497133, 3.011484666176892, 2.99935293775086, 2.9439110208213877, 2.951617946799742], "valid": [3.814975541141055, 3.6124992832568807, 3.5349440940366974, 3.477263564363532, 3.4492277092889907, 3.410032970183486, 3.413541248566514, 3.448541606938073, 3.4292487636181193, 3.4357853712729356, 3.435594717603211, 3.4897623996559632, 3.4319167502866974, 3.471165961869266, 3.539635715309633, 3.5353523688360093, 3.5204399010894494, 3.5281190868692662, 3.5506592244839448, 3.499545943233945]}, "1": {"train": [4.300371384926892, 3.750053666141055, 3.5367173165137613, 3.4260553146502293, 3.3495781742760893, 3.268186371129587, 3.223125739141342, 3.1815784923308486, 3.1527399297591745, 3.130037225845757, 3.0932540361596903, 3.0961247491399084, 3.067140866900803, 3.0468066630232227, 3.0337092240359804, 3.017869839449541, 3.0278594354752006, 3.00455105002867, 2.953251101992546, 2.9374801103784405], "valid": [3.7649840524655964, 3.5844097620412843, 3.50018545728211, 3.433835113245413, 3.4230364822247705, 3.3795951297305047, 3.4078835471616973, 3.417501971043578, 3.4128549670298165, 3.451746075831422, 3.4698978641055045, 3.4408599125573396, 3.459633385894495, 3.4862775946100917, 3.502810528956422, 3.51162100415711, 3.512702838302752, 3.5290745054472477, 3.4801851885034405, 3.5064069667431195]}, "2": {"train": [4.361962890625, 3.7717139791786125, 3.556321181551032, 3.425426551748853, 3.3178090506737385, 3.2815254757382455, 3.209807420083142, 3.1717445303540712, 3.1337663954988533, 3.129121384926892, 3.095808755017202, 3.079804452318664, 3.0664642613962156, 3.0372100550100343, 3.0406779046014907, 3.0167962254515484, 3.010276304472477, 2.9909469744481076, 2.953307915083859, 2.962010038883314], "valid": [3.8441764621559633, 3.577768509891055, 3.472435851490826, 3.437669868119266, 3.428186639908257, 3.425662270642202, 3.4041960829988533, 3.4397863209575688, 3.4265619624426606, 3.4589105504587154, 3.4367977709288993, 3.4467248423165135, 3.4892484052465598, 3.5024811854931195, 3.5058009604357796, 3.4863023222477065, 3.4881301067947246, 3.5268451655676607, 3.5441725200688072, 3.5317752831135323]}, "3": {"train": [4.3386805431120985, 3.778561541356078, 3.5673344771358946, 3.436749928325688, 3.3597010957210434, 3.289961743836009, 3.242263877938647, 3.2032786966026374, 3.1340637878977926, 3.1284020212155963, 3.0970428746774656, 3.075213007095757, 3.0454710794151376, 3.060040641574685, 3.0484825428254014, 3.035795383278383, 3.0211455122921445, 2.983040032343033, 2.951466400426462, 2.9412562491040712], "valid": [3.892789922591743, 3.656232439793578, 3.517591922305046, 3.4620325043004585, 3.4263225702408255, 3.378224627293578, 3.3788862707855505, 3.4113403096330277, 3.3869973838876146, 3.4208927931479356, 3.4485548666857797, 3.4641481508027523, 3.478113173738532, 3.5002866972477062, 3.508801963876147, 3.520419205131881, 3.5442272613245414, 3.500435690223624, 3.5016597978784403, 3.548236991112385]}, "4": {"train": [4.261049558307053, 3.7081324362098624, 3.511925463195241, 3.396091823752867, 3.33425754372133, 3.2540853909833714, 3.213981328841743, 3.1831103515625, 3.129258999605791, 3.112757534762041, 3.1140090018456137, 3.044827376899369, 3.0490506849376433, 3.038542626057196, 3.0379883372455563, 3.003188521358945, 3.002619528114249, 2.985962630805619, 2.9686830069165713, 2.9459583751433485], "valid": [3.7933825795584863, 3.6227173523509175, 3.5545962048451836, 3.52517542287844, 3.4849554723337155, 3.469694129873853, 3.4628357941513763, 3.4720120771215597, 3.480041033543578, 3.5208677967316513, 3.493224627293578, 3.539120018635321, 3.543865306049312, 3.5878825616399084, 3.58172824684633, 3.586881809059633, 3.6118644280389907, 3.618436424885321, 3.61360360521789, 3.6018121057912844]}}