{"train": [2.2361402988433836, 2.0405914783477783, 1.9129166841506957, 1.9189335823059082, 1.7888506412506104, 1.7051286697387695, 1.6310874223709106, 1.6145421504974364, 1.5853279829025269, 1.5150567770004273, 1.4944364309310914, 1.4114189624786377, 1.3955026626586915, 1.344958519935608, 1.3275084495544434, 1.2957507610321044, 1.293521785736084, 1.2739442348480225, 1.2680893182754516, 1.209481430053711, 1.1947786808013916, 1.1730039596557618, 1.1417413711547852, 1.1638267755508422, 1.1307257890701294, 1.1298758506774902, 1.1003567695617675, 1.1002161264419557, 1.0870003700256348, 1.0813952684402466, 1.078159260749817, 1.0494466543197631, 1.0625324487686156, 1.0461992502212525, 1.0455321431159974, 1.0348395705223083, 1.0334882020950318, 1.0306086421012879, 1.018794596195221, 1.0004450798034668, 1.0002861380577088, 1.0027824878692626, 0.9923090696334839, 1.0058913707733155, 0.99930819272995, 0.9992981433868409, 1.0026811718940736, 0.9822260141372681, 0.99245126247406, 0.9855317831039428, 0.9773578882217407, 0.9839812040328979, 0.9914366006851196, 0.9808830380439758, 0.9771275401115418, 0.9707094430923462, 0.9887874841690063, 0.9646186351776123, 0.9594042181968689, 0.9756922721862793, 0.9843171000480652, 0.9767388463020324, 0.9689786911010743, 0.957863187789917, 0.9581060409545898, 0.9655778408050537, 0.9657216906547547, 0.9609232187271118, 0.9701088309288025, 0.9615891695022583, 0.9580789089202881, 0.9546687126159668, 0.9693297505378723, 0.9471551299095153, 0.9529278874397278, 0.9530225038528443, 0.9519333600997925, 0.9470776200294495, 0.9502307891845703, 0.9485948920249939, 0.9578436017036438, 0.9583278656005859, 0.9542773962020874, 0.9561196208000183, 0.9583359003067017, 0.9345614910125732, 0.9462008237838745, 0.9583120346069336, 0.9390642285346985, 0.9485830545425415, 0.9521065711975097, 0.9410312056541443, 0.9440494179725647, 0.9445297598838807, 0.9405833959579468, 0.9412800192832946, 0.9388693571090698, 0.9420430541038514, 0.9564178824424744, 0.9449893951416015], "valid": [0, 0, 0, 0, 0, 0, 0, 0, 0, 0, 0, 0, 0, 0, 0, 0, 0, 0, 0, 0, 0, 0, 0, 0, 0, 0, 0, 0, 0, 0, 0, 0, 0, 0, 0, 0, 0, 0, 0, 0, 0, 0, 0, 0, 0, 0, 0, 0, 0, 0, 0, 0, 0, 0, 0, 0, 0, 0, 0, 0, 0, 0, 0, 0, 0, 0, 0, 0, 0, 0, 0, 0, 0, 0, 0, 0, 0, 0, 0, 0, 0, 0, 0, 0, 0, 0, 0, 0, 0, 0, 0, 0, 0, 0, 0, 0, 0, 0, 0, 0]}