{"train": [2.4562325954437254, 2.295469951629639, 2.131343221664429, 1.9812821865081787, 1.8928820610046386, 1.8625242233276367, 1.7902940034866333, 1.702268385887146, 1.641376757621765, 1.5539969205856323, 1.5460528135299683, 1.4329958438873291, 1.4198733568191528, 1.3962287187576294, 1.3441170454025269, 1.3489464044570922, 1.321244716644287, 1.262852144241333, 1.2674040079116822, 1.24849853515625, 1.2324967622756957, 1.204687762260437, 1.164749526977539, 1.174869751930237, 1.1566036701202393, 1.1431909322738647, 1.1114697694778441, 1.1147069454193115, 1.089422345161438, 1.0917766571044922, 1.0932021141052246, 1.0660604953765869, 1.064348077774048, 1.0601846694946289, 1.0383883476257325, 1.048927664756775, 1.0277849555015564, 1.0347136497497558, 1.0132267713546752, 1.0080028295516967, 1.0197642922401429, 1.0111903190612792, 1.0099531173706056, 0.9977423667907714, 0.9967349410057068, 0.9855175971984863, 0.9862547039985656, 0.9868069410324096, 0.9908281564712524, 0.9815831899642944, 0.9817623019218444, 0.9791454315185547, 0.9769851446151734, 0.9588761806488038, 0.9713640451431275, 0.9887264013290405, 0.9739426493644714, 0.9665456295013428, 0.9708432078361511, 0.9651522397994995, 0.9651434779167175, 0.9606016039848327, 0.9591085553169251, 0.955375874042511, 0.9707395195960998, 0.9611698627471924, 0.9476556658744812, 0.9598041653633118, 0.9506770133972168, 0.9720410823822021, 0.9632133841514587, 0.9683423519134522, 0.9579769492149353, 0.9502542614936829, 0.9533649444580078, 0.9580393314361573, 0.9560713529586792, 0.9389177799224854, 0.9454631686210633, 0.9625616550445557, 0.948673141002655, 0.9376654028892517, 0.9492045283317566, 0.9616067290306092, 0.9457815647125244, 0.9478355288505554, 0.9479162693023682, 0.947406816482544, 0.937212073802948, 0.9404988050460815, 0.9450741767883301, 0.9306532263755798, 0.9437416672706604, 0.9364248156547547, 0.9466853022575379, 0.9349019050598144, 0.9403001308441162, 0.9507237911224365, 0.9489526271820068, 0.9430305004119873], "valid": [0, 0, 0, 0, 0, 0, 0, 0, 0, 0, 0, 0, 0, 0, 0, 0, 0, 0, 0, 0, 0, 0, 0, 0, 0, 0, 0, 0, 0, 0, 0, 0, 0, 0, 0, 0, 0, 0, 0, 0, 0, 0, 0, 0, 0, 0, 0, 0, 0, 0, 0, 0, 0, 0, 0, 0, 0, 0, 0, 0, 0, 0, 0, 0, 0, 0, 0, 0, 0, 0, 0, 0, 0, 0, 0, 0, 0, 0, 0, 0, 0, 0, 0, 0, 0, 0, 0, 0, 0, 0, 0, 0, 0, 0, 0, 0, 0, 0, 0, 0]}