{"0": {"train": [5.276272064762335, 5.079679027192191, 5.133379733062762, 5.084348691455754, 5.106141968130438, 5.0787993783815075, 5.072299297271033, 5.073337649387978, 5.112376865826519, 5.124840879003354, 5.169383142463504, 5.215185687295129, 5.125497315738326, 5.1506547314634, 5.289774901296549, 5.085782891487513, 5.181444891239612, 5.104554833917735, 5.139683078431925, 5.164730747495857], "valid": [5.123811999039582, 5.073971220648296, 5.197935364949874, 5.012792581330964, 5.040455611735229, 5.195394957429977, 5.12171550995844, 5.048238772120389, 5.251811993099791, 5.122129034564708, 5.283354068501473, 5.190351211347955, 4.983139761521976, 5.235784396185253, 5.1404628503791105, 5.209694146663787, 5.134456529813637, 5.248312780578956, 5.278910755293115, 5.1052720134732725]}, "1": {"train": [5.2997351081358754, 5.095006874398336, 5.0815724545971745, 5.093269032496741, 5.1908592255358625, 5.159043712024685, 5.1475173126119556, 5.267494122822583, 5.138884525815979, 5.194571472037069, 5.212592482125231, 5.219989927592717, 5.19492548784333, 5.155854460295471, 5.118071942135102, 5.1127267999290185, 5.168339261601464, 5.084286322308275, 5.221070385518467, 5.202503863457561], "valid": [5.184777729227181, 5.12889609095906, 5.184446909542167, 5.256459060640388, 5.201879428761197, 5.282313034524043, 5.194790464747495, 5.138421285323478, 5.416486308192433, 5.401648437538076, 5.26033712757132, 5.292093794567467, 5.091321594181168, 5.250370710995223, 5.243475182831324, 5.136788628209924, 5.068223614136428, 5.363793526005165, 5.296112136698037, 5.290641594290064]}, "2": {"train": [5.284070963719366, 5.078489302250168, 5.173034320501979, 5.147386754534318, 5.1854468307489165, 5.040812289111469, 5.099045232948197, 5.11488913939392, 5.11784745244408, 5.0886759950991385, 5.216002549301822, 5.114620182263742, 5.09182749015441, 5.172271085940089, 5.110044436383004, 5.18277006811948, 5.17398992076006, 5.090588079751639, 5.214417227398705, 5.190529939993155], "valid": [5.12154260021609, 5.245699663389828, 5.2880037861408855, 5.053660284318152, 5.24601036813177, 5.1254802389089855, 5.2430811352299145, 5.291453645783827, 5.0332754037250425, 5.22518067634379, 5.151115570996597, 5.184905601243225, 5.209408631694426, 5.064965676078743, 5.355775296715971, 5.181186262483884, 5.210451068083817, 5.376111011686609, 5.310092310175809, 5.246189927258965]}, "3": {"train": [5.269278425085631, 5.0533274127216785, 5.088279107129584, 5.07484399741538, 5.17151762566607, 5.0782439026531, 5.124398125674752, 5.140882156349461, 5.1037321919947924, 5.154791760498561, 5.172959034448294, 5.181051274947924, 5.120260143897318, 5.167317894759569, 5.187406450521646, 4.547070226942258, 4.46209906356658, 4.4530852400437535, 4.4699095489732805, 4.438676000096948], "valid": [5.066841336126689, 5.082552469384742, 5.155865150538534, 4.988688424752592, 5.149495861605054, 5.061243462164639, 5.207869331432456, 5.004998294709533, 5.145479041911607, 5.084048880334764, 5.218523819571891, 5.288098214030024, 5.2864215442048765, 5.2573978517491, 5.171671409053562, 4.4612561923407705, 4.4848866775838765, 4.533991956316612, 4.465046108057227, 4.469376624272034]}, "4": {"train": [5.307729383568436, 5.111813104125719, 5.1112146104617615, 5.151743948575832, 5.129370744055634, 5.124971038882617, 5.103682756516916, 5.200384742577957, 5.238625189745416, 5.198856080367674, 5.086453667838293, 5.176436717504831, 5.0962962531582345, 5.135398134708888, 5.143581991010492, 5.20135893111834, 5.143746779506611, 5.18428728772541, 5.168653117934525, 5.194439681320232], "valid": [5.034648401988982, 5.2037585384480165, 5.176631798370081, 5.110793596124002, 5.229581626710012, 5.213337930534433, 5.2127972062711425, 5.317509086060275, 5.239342586723807, 5.305488175859393, 4.983080052191485, 5.151516557502181, 5.0721566880517255, 5.046195128242565, 5.205829425788561, 5.319659506655431, 5.29767759183587, 5.104100952243641, 5.116382785119387, 5.0979287137555325]}}