{"0": {"train": [15.29459480139663, 13.985855399821414, 14.808589378128499, 15.888360267444485, 15.874913426796166, 16.136737289943277, 16.016729147164835, 16.313005816202974, 16.246414009638166, 16.096313584590774, 16.307071942613913, 16.113284039093614, 9.126586621076727, 8.651842571647231, 8.930719352516238, 9.044381242593843, 9.156138506637571, 9.195413932001845, 9.150630931439679, 9.20618361760788], "valid": [12.848235830285013, 14.85940210491251, 15.002589625601283, 16.059658802837557, 15.783162912832696, 16.035010243561864, 16.22622483433268, 16.401066715795956, 16.530913224735603, 16.142694158904447, 16.397100920100478, 15.871163430575807, 8.379210293136355, 8.966624009164866, 9.065803506144828, 9.175066924254995, 9.25433513613737, 9.197550174204713, 9.358993007325397, 9.117662215699584]}, "1": {"train": [15.243767343120949, 13.713950925780045, 15.201760401577626, 15.625119273034928, 15.78370662023188, 16.264591941986435, 16.17296562562591, 16.031971705797606, 16.180478726902116, 16.10889621869092, 16.18019796796591, 16.217587051081633, 9.154534934942625, 8.591080974085314, 8.86054755852435, 8.986512201086422, 9.113098629840085, 9.19443034439047, 9.236484938678437, 9.173605553201922], "valid": [12.847344288170001, 14.337660246337824, 15.769449967997872, 15.535096684663282, 15.60105621427913, 16.325529351084825, 16.32531595554899, 15.784372446638677, 16.053246886994252, 16.47546365768093, 16.281042837284627, 15.949919844095685, 8.407713383751089, 8.816326244678534, 8.848444472640537, 9.18062061280148, 9.11826526072045, 9.3200406357634, 9.225233707852516, 9.253075386225362]}, "2": {"train": [15.264514714865067, 13.710467205457572, 15.059875461274181, 15.674251054054782, 15.750405156766965, 15.979685579388237, 16.2112905740447, 16.200769075213554, 16.29393431489438, 16.151544136175545, 16.07817450150124, 16.298453201418546, 9.160771438282936, 8.613625912570479, 8.912376652498683, 9.039338792130765, 9.100357112337987, 9.144662082878611, 9.160015675753646, 9.191111277161843], "valid": [12.94003720312919, 14.475732310574635, 15.685375891450455, 15.587086479860133, 15.776123839071719, 15.792019495372, 16.19969666067478, 16.327692905793274, 16.190522034067865, 16.04965425523557, 16.095135538966126, 15.97094022751366, 8.515372236870224, 8.801816297568466, 9.073729323010944, 9.074559859431567, 9.209572492677745, 9.250164708173061, 9.295280759754625, 9.157685133099523]}, "3": {"train": [15.23797748431508, 13.782437612100612, 14.971793577125954, 15.54482434183676, 15.943922897942638, 16.04691141207541, 16.102932236312544, 16.185234280458893, 16.212637760273502, 16.06257436109853, 15.934358514885432, 16.253817948343787, 9.261856526968781, 8.62438677259391, 8.892932740902788, 8.97448202112284, 9.087140313806552, 9.121426550738667, 9.203127700706842, 9.217193119434384], "valid": [12.808813856293158, 14.26727771221968, 15.554925368522056, 15.85191505372796, 16.53308598463898, 16.66787878656937, 15.874486139307203, 16.72652302110569, 15.712818017879291, 15.747444471593004, 15.866696691576998, 16.519637077006234, 8.469265445086233, 8.751923997039672, 9.166419661694029, 9.042727162736323, 9.182127852170069, 9.316739899033546, 9.249469437705317, 9.294248651825221]}, "4": {"train": [15.29985476120703, 13.742869517540413, 14.98127936201845, 15.708774660560074, 16.006366220496236, 16.011103920234564, 16.06995124029199, 16.158780608582543, 16.001905084161407, 16.33332977335841, 16.09347668558511, 16.197451349300877, 9.188981546170272, 8.618529639189095, 8.876565621320541, 9.013162532611007, 9.07207279711698, 9.117737932683443, 9.20411104758261, 9.161867687893348], "valid": [12.968568197470114, 14.657171550980712, 15.87291794297931, 16.350915751265905, 15.980505801914742, 15.746981640635475, 16.380378917930617, 15.829727922532467, 16.07821581942205, 15.834400313679586, 16.052464928552332, 16.315118069046175, 8.327673852507635, 8.77447824042336, 8.998315152731148, 9.161413435413202, 9.299717416785812, 9.300303916055434, 9.268843913738166, 9.285769056849304]}}