{"0": {"train": [47.939130604856835, 48.16342468373546, 49.736599551403906, 50.20824434889153, 50.91651750440867, 51.760497398278616, 53.01726691056276, 53.43612687672482, 53.43952644993945, 53.380145382208454, 53.48793344578056, 53.929957204268675, 53.81121580152557, 53.72836289173432, 53.832103378390954, 53.96613506066926, 53.94182088201236, 53.77418651699627, 54.04039339741406, 53.89575168474029], "valid": [47.92305768195768, 49.50003524785865, 51.001051173449525, 50.675338236304505, 51.619217651411915, 52.600148112575575, 53.33925231955959, 53.59883311695562, 53.429187588745876, 53.48100274611236, 53.674768992333505, 54.16105721747321, 54.44489265685118, 53.98161135317424, 53.95898267523017, 53.97899397601571, 54.15398957450646, 54.044913555073975, 54.38541216376763, 54.03342561592502]}, "1": {"train": [47.644116975833924, 48.326633239500076, 49.54702145977307, 50.39475876195564, 51.14507728987624, 51.85397674348076, 52.842937577115876, 52.940812079799, 53.42234102768442, 54.2163970712429, 54.5286490390396, 54.7434279964974, 54.41288022061939, 54.798720100154014, 54.47818726748938, 54.61038571445442, 54.75350890643608, 54.90963298927606, 54.74036621898904, 54.90733418476892], "valid": [47.457245420998994, 49.15543648121164, 50.29221020534651, 51.53389305262917, 51.45491172647948, 52.773279689790215, 52.936410268613734, 53.094506934345226, 54.28988384667575, 54.65041120116114, 54.699014688158435, 54.523567934969314, 54.385017548781605, 54.87365154575279, 55.03278703923713, 55.175777045306205, 55.43195767680469, 54.92881694946065, 55.071492319187435, 54.718227902276475]}, "2": {"train": [48.12292010795507, 48.79547918703408, 49.23136330978824, 50.017084520786575, 50.67952559692338, 51.22958387442673, 52.22146439823138, 52.070089338113206, 52.55720761006636, 53.62228620563422, 54.22156687646001, 54.58416001042764, 54.94082993856495, 54.43924919735079, 54.67251639472735, 54.54636806601262, 54.482411642832915, 54.86306450698086, 55.072550090427754, 55.116543354329366], "valid": [48.25762973001214, 48.63320693606289, 49.98911494237243, 50.386741831085104, 51.149743728386085, 51.828907878200575, 52.024706243988184, 52.167156796789115, 53.856720227905136, 53.071877898554874, 54.258276895010766, 55.07835437946592, 54.615982810496064, 54.51502721778811, 54.75514502436217, 54.2138953678946, 54.8098366395944, 55.06280246956875, 55.65082057730625, 55.258724918554186]}, "3": {"train": [48.12148437276346, 48.773242809257916, 49.3795669907919, 49.864556312211576, 49.909700432117276, 50.88479174777849, 51.126824647002536, 51.63973040666367, 52.56585120805326, 52.73103276046915, 52.75411427051604, 53.33395784964444, 53.70044439587675, 53.49066712298031, 53.745926099017495, 53.86190571126242, 53.844568483905505, 54.417354126647524, 54.944719861828396, 54.88626245126134], "valid": [48.08593087984381, 49.02700442226433, 49.28518192547064, 50.548073427194026, 49.87499127749691, 50.854509543044614, 51.309723202323426, 51.69222231844311, 53.01074335050041, 52.452358493266765, 54.02054556528261, 53.89407258052973, 53.31674924566004, 54.03936157002909, 53.530498075502706, 53.51746513503687, 54.42404274330684, 54.67231237761657, 54.79372470026796, 55.16805355956852]}, "4": {"train": [47.366174459544766, 48.38627176644733, 49.1152874704419, 49.85389091628687, 50.390817297645086, 51.208284081011385, 51.66576962804742, 53.071654043340914, 54.328226359959004, 53.980393624646446, 54.82745685626317, 55.56245030409777, 55.28797124776704, 55.56825696386755, 55.38830557460093, 55.29140268048335, 55.32201511023813, 55.316352751981036, 55.37561466808326, 55.02832254903925], "valid": [48.03469784891444, 48.676127555738134, 50.25984837695241, 50.31255331909582, 50.91538232654475, 51.52200199964501, 52.674979137561834, 54.2042419277036, 53.652786763695495, 54.740672199924425, 55.196562367596876, 55.50782457731197, 55.53437757649322, 55.93074663552927, 55.71069532752954, 55.36992430835471, 55.41662217444577, 55.83169192226433, 55.58876860084967, 54.87013060673553]}}