{"0": {"train": [125.97676595052083, 98.64004516601562, 133.72557576497397, 104.10007731119792, 105.13932291666667, 132.4713338216146, 77.97230529785156, 74.56594848632812, 70.88564046223958, 75.53539530436198, 44.08675638834635, 59.5445302327474, 18.799442291259766, 23.31798553466797, 17.587657928466797, 41.86400349934896, 5.845819473266602, 7.545263290405273, 11.748257954915365, 2.9380811055501304], "valid": [89.7976303100586, 83.33602905273438, 82.87186431884766, 37.266536712646484, 71.30935668945312, 61.155296325683594, 78.17668914794922, 58.626129150390625, 32.42499923706055, 50.513267517089844, 27.087696075439453, 25.679161071777344, 27.499509811401367, 34.41999816894531, 26.092960357666016, 42.084354400634766, 21.921321868896484, 16.9704532623291, 24.18251609802246, 13.856979370117188]}, "1": {"train": [99.85115559895833, 65.86590067545573, 82.49406433105469, 89.69298299153645, 102.80494181315105, 36.9032948811849, 56.171417236328125, 49.44718933105469, 32.765480041503906, 45.85875956217448, 17.258533477783203, 18.577691396077473, 6.847901026407878, 24.55377451578776, 16.196126302083332, 11.200520833333334, 15.76418940226237, 7.520427703857422, 12.719108581542969, 12.138655344645182], "valid": [106.47399139404297, 124.18347930908203, 110.63593292236328, 45.58937072753906, 80.29747772216797, 36.46616744995117, 66.23939514160156, 64.84269714355469, 98.24156188964844, 30.5380859375, 15.693485260009766, 42.49284362792969, 37.155357360839844, 41.562843322753906, 78.8995590209961, 20.058000564575195, 22.535234451293945, 29.287752151489258, 55.5568962097168, 56.873531341552734]}, "2": {"train": [91.4161376953125, 104.61685180664062, 59.15804672241211, 62.46660614013672, 70.67387390136719, 107.73685455322266, 83.00180053710938, 53.98118209838867, 62.10325622558594, 40.704322814941406, 41.56089401245117, 34.92312240600586, 66.1755142211914, 14.113691329956055, 10.806373596191406, 43.15156173706055, 16.240673065185547, 19.34869384765625, 12.288253784179688, 20.92734146118164], "valid": [126.45501708984375, 97.59049224853516, 135.38682556152344, 86.8341064453125, 69.49320220947266, 105.03506469726562, 63.58625030517578, 46.857364654541016, 39.60039520263672, 40.56706619262695, 76.32825469970703, 19.149072647094727, 78.15191650390625, 34.86477279663086, 69.28587341308594, 72.38477325439453, 6.616855621337891, 6.596154689788818, 0.4516817331314087, 0.5628103613853455]}}