{"0": {"train": [3.838970365763367, 3.27874121969526, 2.9848714970694163, 2.8018261981771837, 2.687183448885666, 2.613330450980129, 2.55425189537581, 2.505089183478483, 2.467835009177439, 2.4494405048654992, 2.418562124370135, 2.3943506537162036, 2.3826398955335075, 2.379298976284333, 2.356280353008831, 2.3437129746185663, 2.3268973528095125, 2.315945275330101, 2.323508403171893, 2.329995648867353], "valid": [3.330970031658799, 2.9899777412075847, 2.7730008316446484, 2.6782081037692747, 2.599547971335052, 2.5909240874395127, 2.547254867436294, 2.5566178858456587, 2.538337043661951, 2.5439034181190436, 2.5618019000135033, 2.5818250874478363, 2.5758286705662883, 2.5657230926799084, 2.61290083341349, 2.6282074852527155, 2.638069124832596, 2.6523601811525173, 2.7037820365565253, 2.701589561544594]}, "1": {"train": [3.843547256410565, 3.26770095764227, 2.9920537273835905, 2.820442695808484, 2.6901513323587842, 2.621384071189548, 2.5675316510649435, 2.52019513445445, 2.5053596913198866, 2.4509033759517345, 2.438717776645788, 2.438695564307278, 2.4212431839770105, 2.3878902087896234, 2.39012606058497, 2.3884039106664545, 2.367154925757318, 2.375837782352495, 2.351179167352643, 2.35376809705841], "valid": [3.3399277844343778, 2.997193842395969, 2.8202646950285604, 2.68900971510318, 2.5991636673430656, 2.5663612847132304, 2.5624200986435643, 2.5616096035042952, 2.5296166104876363, 2.5501923152959263, 2.5570015106255366, 2.5395428330231886, 2.571510630160856, 2.6161618824892527, 2.629068596145451, 2.6025158103237467, 2.644815211241325, 2.69645796231974, 2.68304698425199, 2.650653711307454]}, "2": {"train": [3.841733518531536, 3.264249388575395, 2.982477904431623, 2.823002512465501, 2.707123452159854, 2.6101845364086964, 2.568913845261306, 2.51250788776471, 2.4768303920747994, 2.4377541845906894, 2.4251951015044617, 2.398152843896136, 2.3796766727495045, 2.3695273176790446, 2.364734734675134, 2.3235992757708215, 2.350797525559942, 2.3146282946519743, 2.3347864398543634, 2.329296711695234], "valid": [3.284433756182853, 3.000455592360823, 2.8108442253906714, 2.7073284052978313, 2.6216758203263733, 2.6009987467235964, 2.577315581484181, 2.578292115081538, 2.5599799279815505, 2.5699563327309254, 2.5851228428801463, 2.5949359476968525, 2.5944222032184134, 2.6576757384740883, 2.630761539553614, 2.6130157792245026, 2.6222391617401146, 2.675009679495124, 2.68041570931479, 2.691895239364752]}, "3": {"train": [3.8275228912319643, 3.225134225860155, 2.9490876239941732, 2.775811106871994, 2.6721463564789123, 2.593326512208657, 2.525563660458287, 2.480464992600814, 2.4761002893197372, 2.4383251682158713, 2.400149970807899, 2.40203867808916, 2.3752980340131336, 2.360713696298095, 2.340268791331391, 2.3226948500508695, 2.325052198945616, 2.326427183048927, 2.3080703731964483, 2.1896363993710692], "valid": [3.2652393942410503, 2.9944050492553314, 2.7945910646699077, 2.7066342486995354, 2.6386494018648627, 2.597503830115932, 2.595277941954508, 2.5870696040542867, 2.6023835859805096, 2.608085938078087, 2.5929867155011506, 2.593929864568072, 2.6302611993965694, 2.6760846156460887, 2.6460431500381074, 2.6579098614255905, 2.6599603651937933, 2.7284593482230064, 2.6843063218099767, 2.5948585542319673]}, "4": {"train": [3.8321793204310026, 3.2460237178597855, 2.977958012509249, 2.7787282504393267, 2.6644183546059934, 2.5966980192725675, 2.5429137546822975, 2.495981230345912, 2.4503979591541807, 2.4261683199223087, 2.4190224114409915, 2.413836962113855, 2.3760064771781355, 2.3569178343507216, 2.3517030339553275, 2.370302210506844, 2.3353563676354976, 2.3518997482542545, 2.315163591379948, 2.325136299655475], "valid": [3.2953634395880504, 2.971263341960705, 2.7584750745038624, 2.6620360880107516, 2.596834744906359, 2.5504301921700185, 2.5600189297503957, 2.5450477823654767, 2.534187722910377, 2.565458967610475, 2.553535986672087, 2.559899959429849, 2.5555068083627464, 2.5885642409670426, 2.5953712741131683, 2.599823469549148, 2.6280759290784275, 2.641989408346375, 2.6697064725288397, 2.6609674362393076]}}