{"0": {"train": [33.50452423095703, 32.01200866699219, 18.60814666748047, 24.559468587239582, 34.9544932047526, 21.001548767089844, 16.474445343017578, 33.77028147379557, 16.222867329915363, 41.91162109375, 11.251911163330078, 12.441477457682291, 18.628238677978516, 11.870793660481771, 21.170831044514973, 8.228331883748373, 10.290393829345703, 9.802157719930014, 6.664154052734375, 7.634043375651042], "valid": [24.31507682800293, 14.86899471282959, 23.237869262695312, 21.57571792602539, 33.693885803222656, 38.47361373901367, 43.63908004760742, 22.385847091674805, 35.64265060424805, 21.19114112854004, 25.169666290283203, 39.689918518066406, 32.26633071899414, 12.735673904418945, 21.428510665893555, 10.79093074798584, 54.10386657714844, 36.953922271728516, 20.51308822631836, 14.86143684387207]}, "1": {"train": [24.906954447428387, 16.78217315673828, 41.03800964355469, 17.976917266845703, 29.377403259277344, 14.110595703125, 27.883211771647137, 21.913299560546875, 23.096171061197918, 31.939544677734375, 17.179431915283203, 15.766798655192057, 13.041737874348959, 13.457893371582031, 19.25874201456706, 16.742712656656902, 13.399078369140625, 15.167475382486979, 17.458629608154297, 18.216758728027344], "valid": [34.7213249206543, 52.638729095458984, 34.85891342163086, 56.05072021484375, 47.606143951416016, 33.96156692504883, 46.4925651550293, 46.25619888305664, 34.266761779785156, 41.591121673583984, 41.6286506652832, 41.26161193847656, 28.47901153564453, 46.25271224975586, 38.37667465209961, 52.60911178588867, 46.45168685913086, 33.98879623413086, 63.14137649536133, 34.766178131103516]}, "2": {"train": [40.93223190307617, 39.13892364501953, 65.65640258789062, 19.291505813598633, 51.13920974731445, 58.39923858642578, 21.883636474609375, 42.200069427490234, 44.21978759765625, 15.855120658874512, 8.007567405700684, 23.89988899230957, 11.014212608337402, 4.222408294677734, 8.352189064025879, 10.161173820495605, 4.053269386291504, 35.00748062133789, 10.289843559265137, 26.922067642211914], "valid": [28.582054138183594, 0.283400297164917, 14.043896675109863, 40.022735595703125, 52.12690353393555, 7.6596221923828125, 63.25575637817383, 83.15228271484375, 83.15516662597656, 52.38922119140625, 91.1472396850586, 62.22565460205078, 48.963069915771484, 83.99585723876953, 57.30007553100586, 69.21562194824219, 88.71312713623047, 75.24650573730469, 80.0158462524414, 87.27578735351562]}}