{"0": {"train": [79.40443657293632, 57.97977869642669, 53.204993039075354, 50.744478938268784, 48.821406229215384, 47.2625282277773, 45.84848991609094, 44.787779259637354, 43.61537563614894, 42.64065547609623, 41.76586842233317, 40.911455528574756, 40.28011123672509, 39.591600656884644, 38.966521365326315, 38.3872829736908, 37.96807591040804, 37.634295879609084, 37.189801123200574, 36.769957646806446], "valid": [62.76692321751145, 54.97968786853392, 51.93320371535292, 49.915489582122355, 48.18491858579107, 46.79194892406259, 45.52786533903165, 44.277943290069665, 43.17106317740378, 42.22583753613379, 41.53503314045677, 40.85067783518912, 40.2587574663925, 39.59211432942336, 39.04292768728649, 38.63206414907578, 38.07403364466707, 37.79478209409988, 37.27660755545545, 36.869024266090015]}, "1": {"train": [79.43289181950404, 57.850577745916574, 53.06667859831633, 50.739505669029846, 48.81743031582414, 47.286375534007405, 45.90250649658937, 44.709434449237754, 43.61385342511586, 42.656468177322736, 41.718213896670214, 41.02541931300805, 40.253252279129065, 39.58872797424692, 38.98968954955513, 38.45606504050869, 38.05581915240411, 37.616512144118495, 37.098688561989015, 36.80097106025359], "valid": [63.02952681571599, 54.94684951352125, 51.87586750440424, 50.0372884021431, 48.373192803954204, 46.77190921951012, 45.397494035688894, 44.35377703956105, 43.43858333254154, 42.306666195315856, 41.579686134153896, 40.98376377513436, 40.201645973807054, 39.72014249931812, 38.9528663276108, 38.551943040095374, 37.896923131229094, 37.5622991752106, 37.25735906354517, 36.96535960143004]}, "2": {"train": [79.37894185020238, 58.0301212731614, 53.15444614870522, 50.80998843257597, 48.84684982005065, 47.188158693257655, 45.83762249473782, 44.611765667337735, 43.50107039673882, 42.50616010566828, 41.67059413283863, 40.88139235190456, 40.14321939804333, 39.64734440829591, 38.94151617048261, 38.499463573548056, 38.029870554380516, 37.68912575640278, 37.281233167082036, 36.81293730872915], "valid": [62.89656115581181, 54.657124333634776, 51.78738209883667, 49.737101120538746, 48.04097696387012, 46.61911222518198, 45.54449881202828, 44.13944270474697, 43.29415655579583, 42.2211627619071, 41.573673677847, 40.72925106850386, 40.16300992519495, 39.68032198966121, 39.023372858101794, 38.61417888336247, 38.2052599641792, 37.77222825461216, 37.425434312862734, 36.905051234249804]}, "3": {"train": [79.41841017417018, 57.93376090895347, 53.25081656463226, 50.762456547055805, 48.892217555600766, 47.36577888387248, 45.96287229873367, 44.70236139465323, 43.57834158354451, 42.624741716230695, 41.831120547656084, 40.90879079469677, 40.29256459840771, 39.69293454140617, 39.03200942222474, 38.44885757365508, 38.00521726576892, 37.57763716631786, 37.32582375672024, 36.872250518602335], "valid": [62.880910777622645, 54.949476112434496, 51.96132330785989, 50.06957097830631, 48.288638860648206, 46.71153576504708, 45.49192116874229, 44.35488140124213, 43.24930664970735, 42.305588102593134, 41.56662214800155, 40.69621135598686, 39.89549645082619, 39.684006927180214, 39.08970779416762, 38.43548749038668, 37.98189848696389, 37.76785401892706, 37.37591174594117, 36.8774522352089]}, "4": {"train": [79.49615071119712, 57.94748838279769, 53.29019979830889, 50.87399589788557, 49.06910130714616, 47.40063620220866, 46.037211835290556, 44.81338786765014, 43.74425875016558, 42.76006526403936, 41.93577155843111, 41.00801407801336, 40.42414526285097, 39.71737780497981, 39.19603687438659, 38.548094369154455, 38.13727350708479, 37.58444076758595, 37.26652266392808, 36.98208387612034], "valid": [62.880809561789064, 54.65950755169675, 51.959631344163036, 49.8658063099575, 48.488495348997084, 46.842712376144654, 45.506326932766555, 44.250494769892306, 43.57906200186789, 42.35547691538433, 41.652980815905465, 40.82267623466899, 40.281768209348506, 39.66406356542983, 39.039215493976585, 38.825888785055085, 37.92328061633124, 37.76026592290117, 37.34353616299386, 37.032952268673874]}}