{"0": {"train": [14.069766879081726, 14.744682908058167, 14.3401042483747, 18.581713617779315, 16.50483688339591, 14.742877990938723, 9.830746814608574, 12.401762859371047, 20.328415189869702, 11.711255755137245, 12.134167945044283, 7.646117404103279, 7.7318444792188075, 6.265226033109798, 6.161668798223218, 5.8018055549785, 3.849030070939307, 4.679192153769691, 5.194693059471319, 3.3612654708188074, 6.086734836455435, 4.235000317451295, 3.6693167238111073, 3.996585246127893, 3.947945090883877, 3.92040886842733, 3.2526845007569136, 3.2318284968132502, 3.1235025450234843, 3.1487736776476822, 4.100492480560206, 3.1430558731087217, 3.8255771106238967, 3.0148548171291623, 3.0563578104483895, 3.5919242126365134, 2.7637485465508576, 2.3357542551721053, 2.6486989363917246, 2.4499740746832686, 2.442256113631288, 2.519753535743803, 2.685089506255281, 2.0919393080330337, 2.4632167171518518, 3.2996714812476284, 3.656397410755744, 2.3699629309478496, 2.1669210236577783, 2.441449951100992, 2.7069431286508916, 2.6273672551324125, 2.4913857508745423, 2.6627772312640445, 2.1967085564107265, 2.4786802562309163, 2.468295289902642, 3.491889238357544, 2.691506557368257, 2.5960481831115203, 2.8907148695877254, 3.657056897878647, 2.0215407140797765, 2.148505152996222, 2.450601447665349, 1.8078948350163841, 2.79322343689455, 3.0078421274672564, 2.3033134697985815, 2.6965537068905974, 3.6186477930762635, 2.9139323299762623, 1.97432944277665, 2.0203718616655237, 2.191110695014345, 2.1748216645937646, 3.3061240171100508, 2.597329600969829, 2.6548796962021584, 2.2104178269082695, 2.8802896176354693, 3.465364151882568, 1.7235211869707427, 1.9762745435469924, 3.0458304935942806, 2.016723790281276, 2.285166789921277, 2.9126626527395274, 1.8459580137866283, 2.1235313768271453, 1.9981299015647096, 2.450541673374289, 2.463586292433888, 2.4154321841785418, 1.852126399245492, 2.7484937114203944, 2.5885343416845217, 2.0889132878548935, 1.7233114202984439, 2.1102111319851247], "valid": [8.864037328296238, 9.097143120235867, 11.645868354373508, 9.208712630801731, 16.796039356125725, 20.770456752843327, 21.093854672378963, 21.461632953749763, 27.191007720099556, 26.44365119934082, 26.277771015884355, 25.92858295970493, 25.937435256110298, 21.714916494157578, 20.823922793070476, 21.777527544233536, 21.963799079259235, 21.007133033540512, 22.122953176498413, 22.406385766135323, 22.15164868036906, 21.6997901863522, 20.877822346157497, 21.598451402452255, 20.74423270755344, 21.36725420422024, 22.126970052719116, 22.819072723388672, 23.222910934024387, 23.352095286051433, 23.640698538886177, 23.877267784542507, 24.427728282080757, 24.549061881171333, 24.53522316614787, 24.562773121727837, 24.472896258036297, 24.580978287590874, 24.692862298753525, 24.68474663628472, 24.645608372158474, 24.678492281172012, 24.886472278171116, 24.953521304660374, 25.47390259636773, 25.66460927327474, 25.512275218963623, 25.206777890523274, 25.205389393700493, 25.1478689511617, 25.424780951605904, 25.609514289432102, 25.751165231068928, 25.88043212890625, 26.052089797125923, 26.29797230826484, 26.323458777533638, 26.255451838175457, 26.269536813100178, 26.24429013994005, 26.21540297402276, 26.27737373775906, 26.28545633951823, 26.36108250088162, 26.351120948791504, 26.375151210361057, 26.395985179477268, 26.39516650305854, 26.392092016008164, 26.389176845550537, 26.449170695410835, 26.477058145735, 26.43948480818007, 26.383958710564507, 26.367039574517143, 26.344448460472954, 26.292961491478813, 26.25262673695882, 26.250618934631348, 26.26045650906033, 26.2341021961636, 26.228124618530273, 26.222119013468426, 26.210279994540745, 26.19165298673842, 26.161637994978165, 26.1615997950236, 26.164947562747532, 26.17316590415107, 26.176745626661514, 26.1792344517178, 26.18388557434082, 26.190155665079754, 26.171472390492756, 26.15713135401408, 26.15448013941447, 26.153148280249702, 26.149896144866943, 26.15675555335151, 26.164376576741535]}, "1": {"train": [18.19965415842393, 17.578541545306933, 12.342448066262637, 7.088779835140004, 9.71863504543024, 5.839255403070424, 6.895042289969484, 6.888711139121476, 8.78299918858444, 10.099938083508546, 6.059508050024948, 8.861540006802363, 7.642839051399599, 7.883281558314432, 2.6023933462617124, 4.456284182038015, 3.0118244498979254, 4.97880210842499, 3.520169957979841, 2.6720835169182786, 3.054582740441059, 3.260370519176564, 2.2460424474803027, 2.112134713501505, 2.444310594282583, 1.6076989200459246, 1.875743797774382, 3.5175205308620634, 2.022754539656168, 1.9740692481179447, 2.730142742540599, 1.5990769653891381, 2.144358793854575, 1.3957007337749554, 2.918423440766192, 2.018943348675427, 1.1692815241627506, 2.6646271204845107, 2.931042063762695, 1.5250774830403637, 1.1381251375373456, 1.560958444590249, 2.126260247106342, 1.8712295094829268, 1.8636536909000236, 2.256510113378788, 1.8286090191821345, 1.966073103758069, 1.7455995530245298, 1.6494796857296024, 1.5954124675981267, 1.619810521180304, 1.510215266491661, 2.3490403824492687, 1.2976037218715433, 1.8579702985160325, 2.2319380956323585, 2.180882746312658, 2.0282226160769663, 1.145682374786167, 1.3229133222174128, 1.6930436244898266, 1.4114990519872876, 1.4109033666385693, 2.5188839635406217, 2.0783447108252027, 1.9170871849067173, 1.2509698104596978, 1.8445300821023172, 1.1915529706920471, 1.3917888053444638, 1.2139106727902746, 1.9700712089275196, 1.6733436370122945, 1.603978091121248, 1.3335070643260063, 1.1331111301592234, 1.6302593899360063, 2.1213067420903826, 2.0112254958552085, 1.3006308521671064, 2.227099596947322, 1.3641359218300375, 1.4057165731174952, 1.1586675230361887, 2.4223907976228314, 1.2490085266814703, 2.414893793394132, 1.5043244293661058, 1.3557640626189396, 1.9026768301435582, 1.6776854974575732, 1.6003812053047166, 1.734768155937619, 2.383898245664515, 1.5508214333839372, 1.3086356716955432, 1.5128806049749661, 1.8774474752729957, 1.1034972892552213], "valid": [11.310779839754105, 8.904039449989796, 13.259018331766129, 14.447959959506989, 17.570247620344162, 13.29374186694622, 13.817553326487541, 16.598318204283714, 20.247408360242844, 19.403401128947735, 23.21063143014908, 23.371084613725543, 23.283012880943716, 23.58479376602918, 22.433852205052972, 22.386191099882126, 22.57527604699135, 23.871634036302567, 24.919054210186005, 25.28199688345194, 27.166056536138058, 28.754996098577976, 29.04146909713745, 29.381400525569916, 29.3532492518425, 29.33313676714897, 28.586052298545837, 27.55416104197502, 27.414307445287704, 27.429846942424774, 27.739814817905426, 28.100325509905815, 28.241328582167625, 28.4089837372303, 28.594725236296654, 28.86754719913006, 29.01675234735012, 29.201718613505363, 29.447755441069603, 29.456575646996498, 29.472089409828186, 29.558015510439873, 29.789814054965973, 30.008847042918205, 29.926527321338654, 29.959318980574608, 29.903367280960083, 29.974579006433487, 30.024973556399345, 30.047617480158806, 30.006933987140656, 30.02534744143486, 30.017171755433083, 30.046882569789886, 30.08493861556053, 30.156197637319565, 30.15869888663292, 30.155713587999344, 30.246873155236244, 30.30783961713314, 30.340490594506264, 30.349629342556, 30.343728870153427, 30.347219973802567, 30.522199779748917, 30.50003319978714, 30.45677700638771, 30.453179970383644, 30.48143534362316, 30.487838432192802, 30.493903890252113, 30.507112309336662, 30.51405395567417, 30.54441985487938, 30.553874999284744, 30.510321095585823, 30.522259086370468, 30.503530591726303, 30.458782523870468, 30.449293196201324, 30.455859169363976, 30.463717848062515, 30.47456333041191, 30.474141269922256, 30.490664914250374, 30.50971609354019, 30.515538156032562, 30.514499470591545, 30.516921311616898, 30.52745734155178, 30.526517271995544, 30.526952102780342, 30.52855323255062, 30.52872109413147, 30.529232546687126, 30.533352330327034, 30.533666372299194, 30.530180379748344, 30.524143919348717, 30.516209676861763]},