{"0": {"train": [27.085969120427237, 9.723683942788647, 7.115539133486992, 5.880044325248987, 5.267984074634845, 4.871112277142466, 4.561864730008953, 4.328256814404393, 4.177647996895071, 4.0550933629243495, 3.961165967703, 3.872957707707476, 3.81878369280807, 3.7636240252584203, 3.72662888410992, 3.6774099476823556, 3.645303522573401, 3.6000275508146626, 3.5522468307892088, 3.516278334677539], "valid": [12.552732727549351, 8.1488950288379, 6.33494457860409, 5.610419888347934, 5.205552128344382, 4.891870010247721, 4.650818008381304, 4.457195330304028, 4.34924228253189, 4.213013114400823, 4.136234457314727, 4.075322657544838, 4.0214135635247725, 3.9601918985198146, 3.9292052304997336, 3.9148544324168344, 3.878422318597764, 3.842959570520599, 3.8131874204599265, 3.776171747828371]}, "1": {"train": [29.921191634587636, 10.110829409587081, 7.012378067701705, 5.797135854072942, 5.221440626664841, 4.83212442042705, 4.548344656182482, 4.332570632635148, 4.176005064239759, 4.0304991738224025, 3.942989395768898, 3.8652012804943467, 3.8057628546574866, 3.7553966877978215, 3.7189187675270814, 3.682772471545084, 3.6386150651739206, 3.6045599445260934, 3.566864269287189, 3.517718444258794], "valid": [13.388509904588908, 8.087515844428864, 6.25693224110631, 5.57949864146017, 5.1710502052781315, 4.8375598776054, 4.575371011666494, 4.398836009640997, 4.278015476324804, 4.155143895854297, 4.0859803770708165, 4.0204696754626275, 3.9583312330746123, 3.9324356644509515, 3.9169876064310922, 3.8676952038260626, 3.8543790192015286, 3.8209566532034303, 3.790221004637371, 3.774229750345907]}, "2": {"train": [28.59519225566601, 9.859837369263696, 7.077922039634327, 5.870834326650228, 5.173059942271621, 4.757304015204627, 4.524088666915159, 4.286805411359214, 4.1247794518555585, 4.019141558582998, 3.9177633617404624, 3.8624290158983117, 3.7959174704536878, 3.745405514348159, 3.7196988874002943, 3.6759559788736236, 3.629193897615947, 3.575262296357512, 3.5238507983493097, 3.4601845349635214], "valid": [12.635377262730112, 8.266499536170386, 6.2317886469956045, 5.490286110730881, 5.107988612474288, 4.758653884838922, 4.593277701911552, 4.373180087281357, 4.244213286244377, 4.147673516438898, 4.09072548292848, 4.0167138781705045, 3.964107252852344, 3.9743905530902244, 3.9222355604708032, 3.875875605568175, 3.8698200105251863, 3.7983563182564817, 3.7583271404603704, 3.701377199375518]}, "3": {"train": [31.07429207709027, 10.56554074754902, 7.117484132214207, 5.8692129260312615, 5.221827570061043, 4.808182314789123, 4.529280443604328, 4.324778457963374, 4.147134173834628, 4.01177985109138, 3.9155407692263227, 3.8443784539169443, 3.796829759468646, 3.74782385890677, 3.7251588946309657, 3.665056823436922, 3.638648882607288, 3.60489633913707, 3.5552154218114134, 3.507090472391787], "valid": [15.315803016134641, 8.200564912472991, 6.6060872164598505, 5.750127323678817, 5.230219738991372, 4.831712333811527, 4.638631683495937, 4.435969962479836, 4.269134595551781, 4.173730630614382, 4.101326784994154, 4.053856962295773, 4.006719655284363, 3.997416557755061, 3.9443447244235776, 3.912591933187933, 3.897150230148027, 3.852386302989774, 3.8171137418697834, 3.775957439379477]}, "4": {"train": [26.257837992508325, 9.168882809609693, 6.734257494566223, 5.6428485132260455, 5.085230140700148, 4.701293137832963, 4.468524498242694, 4.283123049042731, 4.154511104559749, 4.029724062384387, 3.9450174719062154, 3.858482285307991, 3.8045513520856455, 3.745986700252035, 3.711165140584536, 3.663870424643914, 3.6075916588628374, 3.5614638393682947, 3.5112296450124862, 3.4655151683314833], "valid": [11.924580736566181, 7.610008352202096, 5.994333532657758, 5.383207940465356, 5.037341997239981, 4.79102095785329, 4.5433261523356565, 4.35831666708289, 4.235158756007481, 4.157991545129639, 4.091774127273501, 4.0320489452454416, 3.971655089894853, 3.9271608548104244, 3.888762735836404, 3.8637730864855264, 3.825675486078738, 3.7752942578841826, 3.7479664197309908, 3.712795211727861]}}