metrics,mean
P_2,0.3
P_5,0.24
P_10,0.18
recall_2,0.3
recall_5,0.5666666666666667
recall_10,0.8
ndcg_cut_2,0.36788831565927504
ndcg_cut_5,0.5374456268146424
ndcg_cut_10,0.6334559698511819
map_cut_2,0.3
map_cut_5,0.42222222222222217
map_cut_10,0.4844444444444444
success_2,0.6
success_5,1.0
success_10,1.0
aucroc,0.601010101010101
skill_coverage_2,1.0
skill_coverage_5,1.0
skill_coverage_10,1.0
