metrics,mean
P_2,0.3
P_5,0.2
P_10,0.16
recall_2,0.3
recall_5,0.4666666666666666
recall_10,0.7333333333333333
ndcg_cut_2,0.3226294385530917
ndcg_cut_5,0.4117514215750804
ndcg_cut_10,0.5287225873989325
map_cut_2,0.3
map_cut_5,0.3383333333333333
map_cut_10,0.40499999999999997
success_2,0.4
success_5,0.8
success_10,1.0
aucroc,0.5757575757575758
skill_coverage_2,0.8666666666666668
skill_coverage_5,1.0
skill_coverage_10,1.0
