metrics,mean
P_2,0.2
P_5,0.24
P_10,0.18000000000000002
recall_2,0.2
recall_5,0.5333333333333333
recall_10,0.8333333333333333
ndcg_cut_2,0.2
ndcg_cut_5,0.3822284270101036
ndcg_cut_10,0.4972380446080645
map_cut_2,0.2
map_cut_5,0.29555555555555557
map_cut_10,0.3566269841269841
success_2,0.2
success_5,0.8
success_10,1.0
aucroc,0.5824915824915825
skill_coverage_2,0.7333333333333333
skill_coverage_5,1.0
skill_coverage_10,1.0
