metrics,mean
P_2,0.1
P_5,0.24000000000000005
P_10,0.2
recall_2,0.1
recall_5,0.5666666666666667
recall_10,0.9
ndcg_cut_2,0.07737056144690832
ndcg_cut_5,0.3386799449086254
ndcg_cut_10,0.48795525118471306
map_cut_2,0.05
map_cut_5,0.20055555555555554
map_cut_10,0.31325396825396823
success_2,0.2
success_5,1.0
success_10,1.0
aucroc,0.6414141414141414
skill_coverage_2,1.0
skill_coverage_5,1.0
skill_coverage_10,1.0
