metrics,mean
P_2,0.3
P_5,0.28
P_10,0.2
recall_2,0.26666666666666666
recall_5,0.6666666666666666
recall_10,0.9
ndcg_cut_2,0.232111684340725
ndcg_cut_5,0.41446383922374447
ndcg_cut_10,0.5159028044211718
map_cut_2,0.13333333333333333
map_cut_5,0.2683333333333333
map_cut_10,0.3391269841269841
success_2,0.6
success_5,1.0
success_10,1.0
aucroc,0.632996632996633
skill_coverage_2,0.9
skill_coverage_5,1.0
skill_coverage_10,1.0
