metrics,mean
P_2,0.5
P_5,0.36
P_10,0.21999999999999997
recall_2,0.4333333333333333
recall_5,0.8
recall_10,1.0
ndcg_cut_2,0.5226294385530916
ndcg_cut_5,0.684197324898015
ndcg_cut_10,0.7715602996252805
map_cut_2,0.4333333333333333
map_cut_5,0.5983333333333334
map_cut_10,0.665
success_2,0.6
success_5,1.0
success_10,1.0
aucroc,0.898989898989899
skill_coverage_2,0.8666666666666666
skill_coverage_5,1.0
skill_coverage_10,1.0
