{"0": {"train": [37.17894071691177, 36.07650577320772, 50.6763916015625, 35.213978486902576, 39.42836985868566, 32.27752326516544, 41.201803768382355, 37.666909610523895, 33.11482149011948, 23.19371301987592, 22.33123779296875, 22.195244284237134, 23.360455681295957, 38.89209343405331, 24.591509650735293, 19.379276051240808, 14.5611572265625, 32.23099293428309, 12.529798619887409, 17.628728529986212], "valid": [39.012908935546875, 27.410276624891495, 33.48841688368056, 62.8370361328125, 46.18677096896701, 43.81395128038194, 32.077860514322914, 46.327236599392364, 40.082363552517364, 26.116978963216145, 20.38408915201823, 27.782399495442707, 27.674786037868923, 19.662438286675346, 24.291663275824654, 24.276170518663193, 22.67788526746962, 19.45065646701389, 17.495364718967014, 14.17088402642144]}, "1": {"train": [35.74688720703125, 33.10232364430147, 32.28700525620405, 37.49169921875, 34.94407384535845, 31.25738525390625, 24.034290986902572, 23.86439603917739, 20.228984159581803, 30.433769674862134, 21.711151123046875, 31.436534208409928, 36.376396627987134, 24.81324498793658, 26.31931260052849, 16.015081069048712, 11.927680520450368, 14.848646276137409, 11.959185431985293, 12.306959264418659], "valid": [35.45280626085069, 37.40832180447049, 45.702290852864586, 33.80597601996528, 25.25486077202691, 21.960344102647568, 32.32249281141493, 25.71755811903212, 31.67888726128472, 23.281529744466145, 26.721364339192707, 44.11841159396701, 18.705481635199654, 27.32616509331597, 28.381805419921875, 27.62210930718316, 26.65119086371528, 23.329630533854168, 20.652584499782986, 17.879575941297745]}, "2": {"train": [32.70764499240451, 43.15141126844618, 34.42137993706597, 40.95521714952257, 36.36298963758681, 24.24472384982639, 25.64425489637587, 25.003304375542534, 30.509056939019096, 25.284006754557293, 25.90013970269097, 32.985148111979164, 24.956922743055557, 30.79983859592014, 17.572102864583332, 18.156239827473957, 23.822492811414932, 18.189103868272568, 15.240039401584202, 16.494552612304688], "valid": [34.14216232299805, 43.95465087890625, 34.279640197753906, 46.375511169433594, 55.33466720581055, 24.39525604248047, 38.159950256347656, 42.5230598449707, 60.56443786621094, 31.753799438476562, 32.95993423461914, 45.497840881347656, 38.720664978027344, 44.154598236083984, 42.822715759277344, 20.947412490844727, 36.3390007019043, 25.314064025878906, 39.58122634887695, 35.93888473510742]}}