{"0": {"train": [81.16057739257812, 90.45384521484375, 80.80027465820312, 88.34617919921875, 83.468359375, 105.38603515625, 84.9431640625, 83.07440795898438, 77.026904296875, 78.39249267578126, 77.64135131835937, 79.28170166015624, 65.63840942382812, 67.3634033203125, 72.6149658203125, 72.06176147460937, 67.7685302734375, 80.80897216796875, 72.01249389648437, 62.518670654296876], "valid": [93.14088948567708, 98.91152954101562, 115.5879618326823, 80.35232035319011, 104.51048787434895, 92.4946797688802, 110.90757242838542, 97.9252217610677, 101.44903564453125, 89.86979166666667, 102.75482177734375, 96.31419881184895, 99.09844970703125, 87.63475545247395, 96.3599344889323, 87.64009602864583, 100.26167805989583, 107.57957967122395, 98.43552652994792, 71.2109375]}, "1": {"train": [100.2275390625, 97.51885695684524, 83.6744384765625, 85.23533993675595, 85.43123953683036, 82.5680919828869, 82.06290690104167, 81.71965680803571, 79.52267020089286, 74.14192708333333, 92.1323474702381, 74.56119791666667, 85.84415108816964, 85.87318057105655, 84.76831635974702, 87.77958170572917, 84.67512439546131, 71.53759184337798, 75.69220261346726, 79.74690173921131], "valid": [97.98621215820313, 84.13935546875, 93.8400634765625, 92.64840698242188, 95.60226440429688, 96.74964599609375, 88.32507934570313, 55.937103271484375, 90.847216796875, 60.80701904296875, 100.9397216796875, 89.04959716796876, 81.40328369140624, 58.178985595703125, 62.32725830078125, 65.23561401367188, 82.95065307617188, 69.25892333984375, 72.025732421875, 77.54366455078124]}, "2": {"train": [102.29910714285714, 83.6045910063244, 99.62639508928571, 81.17412458147321, 78.719482421875, 83.17805989583333, 69.44652157738095, 81.61378696986607, 85.90626743861607, 76.3017578125, 81.50740559895833, 71.41264415922619, 75.65841820126488, 77.72007533482143, 82.16883486793155, 75.7454833984375, 72.07694498697917, 67.80389694940476, 80.13037690662202, 73.7149658203125], "valid": [112.44310302734375, 76.13031005859375, 74.19287719726563, 77.77632446289063, 73.31119384765626, 68.04385375976562, 64.95662231445313, 56.17881469726562, 69.1812255859375, 79.60579833984374, 80.66336059570312, 73.33237915039062, 85.70418701171874, 76.14357299804688, 67.08505859375, 84.4234375, 69.22620239257813, 69.235546875, 65.10345458984375, 81.46199951171874]}, "3": {"train": [81.22148786272321, 87.07289341517857, 79.01189313616071, 93.65843563988095, 87.90566871279762, 73.81535993303571, 75.06914992559524, 86.89957101004464, 66.06464494977679, 81.6496814546131, 88.38677687872024, 93.48327055431548, 87.56698172433036, 84.92819359188988, 72.73006184895833, 83.05042085193452, 87.51577613467262, 88.45771135602679, 82.98876371837798, 81.00393531436012], "valid": [75.27258911132813, 63.322210693359374, 81.41732177734374, 126.69942626953124, 101.78314208984375, 107.5762939453125, 95.21737670898438, 90.99215698242188, 91.59255981445312, 84.45419311523438, 95.85109252929688, 77.30978393554688, 117.56058349609376, 98.44010009765626, 77.1895751953125, 112.27401123046874, 83.82987060546876, 94.09026489257812, 91.33699951171874, 81.50609130859375]}, "4": {"train": [102.3584216889881, 86.93742443266369, 85.20111955915179, 73.0715564546131, 81.83592006138393, 72.10208565848214, 74.02977353050595, 83.67064848400298, 76.44049362909226, 86.96257091703869, 80.03056989397321, 71.06697591145833, 70.84337797619048, 68.70867047991071, 79.6207042875744, 80.76525297619048, 67.4303211030506, 80.12693568638393, 70.16215587797619, 76.31138392857143], "valid": [67.33958740234375, 104.002099609375, 88.821484375, 102.84990234375, 103.73748779296875, 95.519677734375, 103.68499755859375, 100.96328735351562, 94.86627807617188, 106.9678466796875, 99.29706420898438, 110.80550537109374, 100.03465576171875, 104.78482666015626, 88.54933471679688, 97.47608642578125, 91.25026245117188, 100.06022338867187, 95.47513427734376, 102.3688232421875]}}