{"0": {"train": [20.137069002593453, 7.365578630117538, 5.753712625464305, 4.81772612825384, 4.329886885002923, 4.1107878752599, 3.9141194109883237, 3.8129520290371484, 3.7633174024957823, 3.6849175952589937, 3.635102242368089, 3.6033554418119396, 3.5459415037125965, 3.508889552738017, 3.454776748222319, 3.4313695824438764, 3.3918697580615325, 3.3711586094503803, 3.3483260596716193, 3.3203436290677626], "valid": [9.14698098021117, 6.465347465261336, 5.2856605866681585, 4.669255741336606, 4.442534797047953, 4.160821111947104, 4.049297821850583, 3.98817514839773, 3.906635373389776, 3.8718811591532125, 3.8711573069118472, 3.794678312427859, 3.708515472972098, 3.698397098440552, 3.6578784471604195, 3.6148585683850407, 3.5922009773024075, 3.553618875356543, 3.5533403694890753, 3.5425475734612695]}, "1": {"train": [18.901018553502457, 7.638175038314477, 5.947591988852036, 4.951091176432503, 4.368831617698745, 4.0842772830526535, 4.0470586022476285, 3.9380848478381107, 3.798840112725956, 3.711304921271495, 3.6570949720977186, 3.60022012759854, 3.542245447178741, 3.5043368904483416, 3.4589157725465784, 3.432156913739937, 3.40425682197711, 3.3781907511233054, 3.3482093834745057, 3.3169734739299694], "valid": [8.940077913432654, 6.754075258204651, 5.3977807163416, 4.68053180400586, 4.392895461568271, 4.246357746740706, 4.169144769638999, 4.042492203223038, 3.9179604549414733, 3.8829906125371805, 3.816388359264014, 3.776543869356354, 3.7093404122071814, 3.680539463206242, 3.6349262369868742, 3.6172023631841372, 3.573719066657356, 3.5775819410159486, 3.551834216636639, 3.5162215216478483]}, "2": {"train": [19.393264698700683, 7.824636318841196, 6.034423705285132, 4.950790406628289, 4.551998419672322, 4.199925917443284, 3.9644593334714537, 3.8633407550773042, 3.782548771474143, 3.6876190462839813, 3.625336277751983, 3.585035985433562, 3.545306949083135, 3.4992119172129814, 3.4595182226152073, 3.415860499924157, 3.4044779481915195, 3.387018580440517, 3.3578554057981806, 3.345361254421079], "valid": [9.155196758788254, 6.735536842892632, 5.3275664708763095, 4.765134999042744, 4.534308752252094, 4.22275686010011, 4.08133968201081, 4.028872540847527, 3.880611823863132, 3.8323277044087396, 3.8011086591393393, 3.7698067355412794, 3.710692651260248, 3.6777172068300876, 3.633186948190741, 3.616533736667789, 3.589522771698717, 3.5582197787028678, 3.553785658057687, 3.5744708316261504]}, "3": {"train": [20.412799724842767, 7.135160094108398, 5.677504205396781, 4.868050531238438, 4.338734435696448, 4.075640679915835, 3.9526597328200146, 3.8229652816315207, 3.7380724903463745, 3.6608698379115796, 3.6082219264474658, 3.563702505029134, 3.5326803479351647, 3.481357895162782, 3.458913331252312, 3.4335151408735665, 3.394808661672216, 3.3763858588836477, 3.3446629323899373, 3.331171701581576], "valid": [9.100952647037605, 6.308263821252701, 5.622116978579331, 4.794839381974042, 4.4081168455036845, 4.207025931598887, 4.1519918105872256, 3.9821335251657493, 3.8945963137005712, 3.8849670449899736, 3.8111553550055866, 3.7759185630235157, 3.726791733204489, 3.6934917063581256, 3.6610293060087757, 3.641958271131164, 3.6268808713414025, 3.6060926793827326, 3.580568733050487, 3.5544955750902743]}, "4": {"train": [19.713768266740658, 7.608763916828524, 5.722851620306141, 4.853279067818165, 4.408011714414539, 4.056406011549667, 3.976581966218091, 3.85637885711478, 3.7814216625624306, 3.715021214853866, 3.6666796152423236, 3.6141262746254164, 3.5612759549574546, 3.5344766593252865, 3.4781157871462263, 3.4536092854004807, 3.424815988600629, 3.3960976735918424, 3.3665231412435257, 3.3419203127890307], "valid": [9.371710626720388, 6.542706009423282, 5.27666087018754, 4.696494485742985, 4.573681374704944, 4.138682164949979, 4.039191153279095, 3.9403514000575313, 3.906261272698011, 3.8542467606312525, 3.813849125169264, 3.7765879589548925, 3.729497867205536, 3.7049491971295434, 3.6669862404291904, 3.629465932230158, 3.595840384550461, 3.57782706837244, 3.5547280311302205, 3.5455461295567137]}}