{"0": {"train": [71.32464425223215, 76.028564453125, 68.536572265625, 66.90034877232142, 69.86946149553572, 69.150537109375, 62.57564174107143, 64.71830357142858, 62.591399274553574, 63.819977678571426, 61.288706752232144, 63.01282087053571, 55.16297084263393, 55.850735909598214, 55.53959612165178, 52.304310825892856, 54.106026785714285, 48.91650739397321, 50.278553989955356, 45.031832449776786], "valid": [155.35572645399304, 169.69856770833334, 184.43446180555554, 192.37217881944446, 193.31751844618054, 198.87565104166666, 202.51878526475696, 202.92800564236111, 197.87345377604166, 201.47941080729166, 186.09327528211804, 190.313720703125, 187.11204698350696, 181.43751356336804, 174.46900770399304, 171.55889214409723, 175.41258409288196, 162.24778917100696, 153.28927951388889, 153.61748589409723]}, "1": {"train": [63.41013532366071, 65.89140625, 73.35811941964286, 74.69765625, 69.92142159598214, 70.59802594866072, 61.82694614955357, 69.22106584821428, 59.80648018973214, 60.408091517857144, 58.023653738839286, 60.38360770089286, 53.25986328125, 51.84491489955357, 52.62519880022322, 52.9177734375, 49.30733119419643, 47.19346400669643, 48.10345982142857, 45.64943498883929], "valid": [180.77045355902777, 178.49325900607639, 193.78980848524304, 202.24580891927084, 194.49721950954861, 195.07961697048611, 209.45841471354166, 205.13605414496527, 205.76915147569446, 204.18254937065973, 200.59952799479166, 193.74222819010416, 189.25330946180554, 191.71241590711804, 188.75651041666666, 178.56940375434027, 183.09703233506946, 168.7652587890625, 160.96659342447916, 158.76044379340277]}, "2": {"train": [81.64956752232143, 73.11439732142857, 70.10315290178572, 72.55446428571429, 68.43547712053571, 71.63902064732143, 64.67497907366071, 64.66530412946429, 63.01951032366071, 57.85194266183036, 59.92779017857143, 59.712374441964286, 55.42576032366071, 60.109221540178574, 52.12557198660714, 53.952057756696426, 51.57889578683036, 48.49583565848214, 46.46211635044643, 46.08428431919643], "valid": [157.54633246527777, 168.31808810763889, 178.17100694444446, 183.08383517795139, 187.38370768229166, 189.14873589409723, 195.87228732638889, 186.08950466579861, 199.02328830295139, 197.58565266927084, 192.505126953125, 185.35921223958334, 188.46127658420139, 186.1165771484375, 183.10502115885416, 166.55255805121527, 165.66034613715277, 158.25105794270834, 153.21476236979166, 151.44365776909723]}, "3": {"train": [74.10158342633929, 74.37080078125, 67.80053013392858, 66.96888950892857, 65.26109095982143, 64.79469168526786, 67.39959542410715, 63.624176897321426, 61.20385044642857, 62.71813616071429, 59.29674944196429, 58.89863978794643, 57.169831194196426, 53.520640345982144, 58.21209891183036, 53.07242954799107, 53.211516462053574, 48.84187360491072, 48.97057756696429, 47.154105050223215], "valid": [172.28838433159723, 187.75401475694446, 203.43706597222223, 199.876708984375, 200.71541341145834, 204.27155219184027, 215.6319580078125, 203.92344835069446, 201.95681423611111, 211.69675021701389, 212.35259331597223, 207.52427842881946, 190.29165310329861, 200.11265733506946, 198.57558865017361, 191.67000325520834, 181.01930067274304, 169.70199924045139, 164.10518391927084, 169.05183919270834]}, "4": {"train": [72.37456597222223, 68.88699679904514, 71.73425971137152, 69.03263346354167, 69.93465847439236, 64.47901068793402, 62.90367296006944, 64.08582899305556, 59.41632080078125, 58.803507486979164, 55.19795396592882, 53.347981770833336, 54.72401258680556, 55.90575493706597, 54.656158447265625, 51.04334174262153, 48.921905517578125, 45.35475328233507, 45.51476372612847, 45.674831814236114], "valid": [178.35484313964844, 192.75729370117188, 203.4515380859375, 219.8670654296875, 222.88072204589844, 223.80758666992188, 239.0259552001953, 232.93235778808594, 233.4173583984375, 216.7890625, 215.2669677734375, 221.85842895507812, 213.2040557861328, 204.6269073486328, 205.59951782226562, 194.40200805664062, 195.10987854003906, 195.78338623046875, 190.45431518554688, 181.78407287597656]}}