{"train": [2.1849252382914224, 2.1954147020975747, 1.9711679617563884, 2.0025529066721597, 1.8771882851918538, 1.7794126272201538, 1.7366536060969036, 1.7292158603668213, 1.6817189852396648, 1.5825886726379395, 1.4894272883733113, 1.5118972063064575, 1.5043641328811646, 1.419952392578125, 1.472758690516154, 1.3907078107198079, 1.3235174020131428, 1.30155344804128, 1.327935020128886, 1.2444326480229695, 1.2351903120676677, 1.30598251024882, 1.251796285311381, 1.2581536769866943, 1.2395052909851074, 1.19504980246226, 1.2384126981099446, 1.1582740545272827, 1.1849546432495117, 1.1994142929712932, 1.1662209431330364, 1.1654249429702759, 1.1687772671381633, 1.1439239978790283, 1.1143457094828289, 1.119028131167094, 1.0923490126927693, 1.1056179602940877, 1.0927892923355103, 1.1015833616256714, 1.1029112736384075, 1.1216167608896892, 1.11234712600708, 1.0656846563021343, 1.08596670627594, 1.0695799986521404, 1.039456049601237, 1.076940695444743, 1.0736099481582642, 1.070504864056905, 1.0641754468282063, 1.0558327237764995, 1.0413842002550762, 1.0482480923334758, 1.0441097021102905, 1.0392218033472698, 1.0412706931432087, 1.0401773850123088, 1.0239690939585369, 1.0321501890818279, 1.029619534810384, 1.0362089077631633, 1.0336932142575581, 1.033505121866862, 1.0111032525698345, 0.9843087593714396, 0.9992790023485819, 1.0013156930605571, 0.991015632947286, 1.0190122922261555, 1.017431418100993, 1.0263263781865437, 1.033413012822469, 1.0231003562609355, 1.0085128943125408, 1.0154201984405518, 0.9902209639549255, 0.9956152637799581, 1.000751217206319, 0.9872735142707825, 0.9948546687761942, 1.0253662665685017, 0.9939387639363607, 1.0033903121948242, 1.0264406204223633, 0.9718765815099081, 1.0023893117904663, 0.9990334113438925, 0.9884011546770731, 0.9866063793500265, 0.9884568254152933, 0.9881123900413513, 0.9982662200927734, 0.9966728488604227, 1.0018985271453857, 0.9841142694155375, 0.9829495747884115, 0.980660875638326, 1.0103035966555278, 0.9915048082669576], "valid": [0, 0, 0, 0, 0, 0, 0, 0, 0, 0, 0, 0, 0, 0, 0, 0, 0, 0, 0, 0, 0, 0, 0, 0, 0, 0, 0, 0, 0, 0, 0, 0, 0, 0, 0, 0, 0, 0, 0, 0, 0, 0, 0, 0, 0, 0, 0, 0, 0, 0, 0, 0, 0, 0, 0, 0, 0, 0, 0, 0, 0, 0, 0, 0, 0, 0, 0, 0, 0, 0, 0, 0, 0, 0, 0, 0, 0, 0, 0, 0, 0, 0, 0, 0, 0, 0, 0, 0, 0, 0, 0, 0, 0, 0, 0, 0, 0, 0, 0, 0]}