{"0": {"train": [720.6817373361056, 113.75244084263178, 113.75253472119454, 113.75244176754373, 113.75244153631574, 113.7524406114038, 113.75244014894783, 113.75244130508776, 113.75243991771983, 113.75244014894783, 113.75244084263178, 113.75243968649184, 113.75244038017581, 113.75243991771983, 113.75243853035191, 113.75244084263178, 113.7524406114038, 113.75244153631574, 113.75244107385977, 113.75244038017581], "valid": [113.67496573302653, 113.67496272715165, 113.67496365203623, 113.67496735157452, 113.67496503936309, 113.67496272715165, 113.67496596424766, 113.67496480814195, 113.67496688913224, 113.6749666579111, 113.67496758279567, 113.67496365203623, 113.67496596424766, 113.67496688913224, 113.67496203348821, 113.67496295837279, 113.6749645769208, 113.67496480814195, 113.67496480814195, 113.6749645769208]}, "1": {"train": [732.6094499178678, 113.7468178404416, 113.74681830289757, 113.74681876535354, 113.74682015272145, 113.74681969026548, 113.7468194590375, 113.7468178404416, 113.74681922780951, 113.74681691552964, 113.74681760921361, 113.74681876535354, 113.74681969026548, 113.74681876535354, 113.74681830289757, 113.74681853412555, 113.74681853412555, 113.74681807166958, 113.74682061517744, 113.74681922780951], "valid": [113.6974517580206, 113.69745314534747, 113.69745360778975, 113.69745037069374, 113.69745407023204, 113.69745476389546, 113.69745268290518, 113.69745430145318, 113.69745360778975, 113.6974554575589, 113.69745499511662, 113.6974533765686, 113.69745383901089, 113.69745268290518, 113.6974517580206, 113.69745453267433, 113.69745360778975, 113.6974554575589, 113.69745453267433, 113.69745360778975]}, "2": {"train": [716.0824306963477, 113.64745686210672, 113.64671323290023, 113.64714771028798, 113.64699417490455, 113.64714840397194, 113.64714794151597, 113.64714932888388, 113.6471241250333, 113.64641148037707, 113.65005355240181, 113.64714886642791, 113.64714979133987, 113.64714840397194, 113.64715048502383, 113.64714932888388, 113.64714979133987, 113.64714794151597, 113.6471490976559, 113.64714979133987], "valid": [114.09612834068308, 114.09528530839351, 114.09612094160649, 114.09611585474133, 114.09611909183734, 114.09611793573163, 114.09612186649106, 114.09611978550078, 114.096062211436, 114.09467257236297, 114.09611909183734, 114.09611932305849, 114.09612094160649, 114.09611955427962, 114.09611955427962, 114.09612001672191, 114.09611862939505, 114.09611955427962, 114.09612071038535, 114.09612279137563]}, "3": {"train": [717.4016435442102, 113.71344709581946, 113.71347900480947, 113.7134461709212, 113.71344570847207, 113.71344570847207, 113.7134454772475, 113.7134468645949, 113.71344524602294, 113.7134461709212, 113.7134461709212, 113.71344432112468, 113.71344755826858, 113.71344570847207, 113.71344524602294, 113.7134447835738, 113.71344755826858, 113.71344732704402, 113.71344709581946, 113.71344732704402], "valid": [113.83094375258983, 113.83094375258983, 113.83094907099094, 113.83094537123365, 113.83094675864264, 113.83094467752916, 113.8309472211123, 113.83094490876398, 113.83094560246847, 113.83094745234713, 113.83094606493815, 113.8309472211123, 113.83094375258983, 113.83094560246847, 113.83094745234713, 113.83094745234713, 113.83094606493815, 113.83094329012017, 113.8309465274078, 113.83094629617297]}, "4": {"train": [724.5795343137255, 113.82444136145024, 113.82431002589715, 113.82486912689605, 113.82486820199777, 113.82486935812061, 113.82486958934517, 113.82487028301887, 113.82486958934517, 113.82487143914169, 113.82486958934517, 113.82486935812061, 113.82486912689605, 113.82486866444691, 113.8248700517943, 113.8248700517943, 113.82486958934517, 113.8248700517943, 113.82486912689605, 113.82487028301887], "valid": [113.38190050982655, 113.38146486340496, 113.38291031233351, 113.38448224671461, 113.38523191003671, 113.38523283497602, 113.38523214127153, 113.38523214127153, 113.38523399115019, 113.38523121633222, 113.38523029139289, 113.38523283497602, 113.38523584102883, 113.38523537855917, 113.38523214127153, 113.38523352868052, 113.3852326037412, 113.38523306621086, 113.38523537855917, 113.38523445361984]}}