{"0": {"train": [468.2088653956422, 128.91083572247706, 130.29745412844036, 131.90238532110092, 131.1806206995413, 129.81993836009175, 128.1867373853211, 126.50052178899082, 124.81034403669724, 122.98269782110091, 120.83990108944954, 119.03102494266055, 117.59758027522936, 116.85428827408256, 116.46211080848624, 116.10558629587156, 115.62117115825689, 115.13490538990825, 114.66290424311927, 114.15933342889909], "valid": [127.73602350917432, 130.26463302752293, 133.51008027522937, 132.3588847477064, 130.75389048165138, 129.88893348623853, 127.9519868119266, 126.45117259174312, 124.24418004587156, 121.95947821100917, 120.05022935779816, 118.46657683486238, 117.41281823394496, 117.26022935779817, 117.06508887614679, 116.49367832568808, 116.11886467889909, 115.45060206422018, 114.9881880733945, 114.49255160550459]}, "1": {"train": [461.8404106938073, 131.95992402522936, 133.7077078555046, 133.4646875, 132.93934776376148, 132.16332855504587, 131.48582855504588, 130.41853211009175, 129.99562930045872, 129.81163417431193, 129.56262543004587, 129.22866399082568, 129.02616542431193, 128.88959647362384, 128.7605984805046, 128.60629300458714, 128.42819882454128, 128.3116255733945, 128.29682339449542, 128.2489772075688], "valid": [129.8418004587156, 134.01809633027523, 133.2797878440367, 133.2199254587156, 132.42400802752294, 131.41448394495413, 130.50063073394494, 129.6977494266055, 129.69611811926606, 129.52977064220184, 128.97391055045873, 128.72875, 128.64462155963304, 128.44731077981652, 128.35477064220183, 128.19359518348625, 128.0146846330275, 127.84172018348625, 127.95295871559632, 127.76688933486238]}, "2": {"train": [448.50524799311927, 130.144158543578, 130.7741843463303, 131.80061568233944, 131.48889621559633, 130.10141198394496, 128.68353139334863, 127.6331658543578, 126.53861525229358, 125.32339879587155, 124.02357224770643, 122.65405819954128, 121.69043721330276, 121.1724369266055, 120.9320204988532, 120.88810278096331, 120.53336439220183, 120.11030533256881, 119.8552866972477, 119.46138618119267], "valid": [130.213125, 131.07981651376147, 133.41710435779817, 133.09035550458717, 131.0801978211009, 129.67794438073395, 128.64352064220182, 127.59573107798165, 126.19532970183486, 124.67464162844037, 123.61638188073394, 122.32276949541284, 121.84654816513762, 121.52565940366972, 121.5798623853211, 121.35370986238532, 120.78412844036697, 120.83111811926605, 120.20452981651376, 119.77340309633027]}, "3": {"train": [477.00756163990826, 130.39067230504588, 131.49779099770643, 132.23720971903668, 131.34926605504586, 129.81378081995413, 128.24440295298166, 127.05317947247707, 126.03623853211009, 124.71760177752293, 123.44521000573394, 122.2218226777523, 121.25972907110092, 120.87563790137615, 120.49381450688074, 120.19576978211009, 119.53569165711009, 119.28017273509174, 118.95848767201835, 118.55085722477064], "valid": [128.89410550458715, 132.28758027522935, 133.09420298165136, 132.2052350917431, 130.50256880733946, 128.74379013761467, 127.37366399082569, 126.44250860091744, 125.226748853211, 123.48351490825688, 121.91176605504587, 120.9043119266055, 120.79260321100918, 120.54640194954129, 119.87921158256881, 119.44589449541284, 118.85254300458716, 118.75449541284404, 118.1811869266055, 117.93362672018348]}, "4": {"train": [461.09781321674313, 130.74844323394495, 131.50370054472478, 132.1687241972477, 132.35446387614678, 131.17515625, 129.9913137901376, 128.53730432912843, 127.44051175458715, 126.66040711009174, 125.66425745412845, 124.855703125, 123.8260235091743, 122.83154816513762, 122.05137973050459, 121.38571100917432, 120.99749856651376, 120.60501290137614, 120.25545083142202, 119.95846903669725], "valid": [129.62112958715596, 132.26703555045873, 133.68502866972477, 132.9318233944954, 132.00940940366974, 130.74575974770642, 129.30315940366972, 127.88037270642202, 127.22327981651377, 126.36543577981651, 125.24952694954129, 124.35296444954129, 123.38059059633028, 122.19902236238532, 121.70423165137615, 121.46998279816513, 121.09741972477065, 120.48540137614678, 120.28604071100918, 120.24930619266055]}}