{"0": {"train": [12.611635977967788, 10.706581865632954, 11.64774670819502, 12.181766808641614, 12.259653515555632, 12.59283375187526, 12.648538624308513, 12.539968902870603, 12.650259753572241, 12.679591753548657, 12.576703041815732, 12.746436769492982, 7.9772436371332835, 7.585836884212412, 7.755085088214055, 7.8378328270355695, 7.903144392260302, 7.925716466421303, 7.943467740538093, 7.9443512924835185], "valid": [10.383217238160553, 11.170576274190356, 11.874728279027964, 12.40116654535264, 12.366998158786034, 12.678546192435183, 12.744628082524676, 12.37634188468123, 12.596063548183249, 12.684103939453356, 12.736496576828774, 12.813160454294055, 7.4764942138932, 7.651444563488008, 7.8322845997296096, 7.93807919812623, 7.943950322050589, 7.993019328902597, 7.977300066545445, 7.95546207132178]}, "1": {"train": [12.539289829627752, 10.732530685832614, 11.623262585421399, 12.203622738113378, 12.354352368633021, 12.640998772815266, 12.568227365496993, 12.72311991088878, 12.714313287707041, 12.610161847162463, 12.530025503290837, 12.704657667615434, 8.005042857493208, 7.624755194594537, 7.742460169281142, 7.83781473163911, 7.885109403209815, 7.912969618080445, 7.987860368095301, 7.968027694349435], "valid": [10.389764972956375, 11.240580534728954, 11.928208176025882, 12.168659537617831, 12.562659087372458, 12.139854404959324, 13.03811552658072, 12.63627395277632, 12.527067419056415, 12.636446711098893, 12.417985954298215, 12.829660416778424, 7.531954743981545, 7.7456078351538915, 7.768214109593966, 7.842367113306915, 7.956101863838955, 7.91636606232011, 7.999507473674317, 8.005660477849709]}, "2": {"train": [12.531969630270495, 10.755341265339665, 11.646835406181442, 12.140086437501619, 12.417855088799062, 12.595087079448318, 12.563812527732907, 12.611927140971726, 12.58744612713065, 12.730483850271439, 12.64080767914215, 12.610065526254088, 7.914396194501815, 7.605116951069383, 7.749029886593077, 7.8567649120301795, 7.905723903941767, 7.934079989037192, 7.925584856147867, 7.950652990364614], "valid": [10.259973471131115, 11.190776923852404, 12.205341854391259, 12.400974740188362, 12.527064817818548, 12.810088833140187, 12.429173719393257, 12.745372961438788, 12.720167269999704, 12.61717153851543, 12.755754371698162, 12.313879660435566, 7.519452071209638, 7.711426984322513, 7.812270729784798, 7.858062834461384, 7.9031401117468665, 7.965519652756711, 7.961072330829363, 7.953163563351357]}, "3": {"train": [12.542839260630549, 10.749662618069044, 11.62926324085796, 12.052674917770764, 12.44288390322963, 12.470958870207872, 12.76895254188055, 12.53943849462692, 12.681497094157534, 12.644796666897891, 12.60448909487144, 12.740551542845912, 7.9476270308020025, 7.584526434025851, 7.712538363406979, 7.825531918564153, 7.864033689961096, 7.919860544490497, 7.95637414410782, 7.9562437497109695], "valid": [10.1956594100552, 11.326603771081679, 11.822584454475411, 12.555566936644894, 12.398294278926553, 12.909295521698152, 12.458862319139676, 12.90212735032863, 12.6392676876725, 12.632043311786871, 12.677801599301024, 12.554612962897446, 7.508276830379771, 7.688282148202797, 7.883033882059368, 7.9050814150380795, 7.934791737915899, 7.976465764353671, 7.9665807065634615, 8.035105837193798]}, "4": {"train": [12.572526050698876, 10.711118957090502, 11.607097887835854, 12.112289706677187, 12.505843722180794, 12.531608999621369, 12.502318738005226, 12.582100162146226, 12.659200288163614, 12.827663314994336, 12.69810978614618, 12.722932005164978, 7.948078323347322, 7.563578414211351, 7.752427733291134, 7.860390882417973, 7.905371906648862, 7.89460707539944, 7.899379629910632, 7.980123819851496], "valid": [10.200070286717317, 11.122284862292721, 11.962596530425417, 12.360953871426034, 12.375724241942853, 12.565937009493116, 12.575449800883687, 12.640912526060166, 12.917317643298537, 13.022654184783915, 12.629292441072115, 12.77942870775802, 7.471645587588517, 7.669662490941375, 7.72234102272969, 7.911989118435706, 7.878500902567354, 7.895264838888288, 7.9846213084515405, 7.942763605684029]}}