{"0": {"train": [67.91685485839844, 62.55587259928385, 39.080701192220054, 35.266136169433594, 19.98623784383138, 14.423817952473959, 28.844581604003906, 7.187458038330078, 10.611579895019531, 5.709022521972656, 8.751043319702148, 4.575340906778972, 2.470221519470215, 2.1799426078796387, 1.8529752095540364, 3.2528082529703775, 3.269346555074056, 5.07390562693278, 3.994007110595703, 2.6186787287394204], "valid": [42.88355255126953, 36.61003112792969, 28.10485076904297, 33.153846740722656, 19.52532958984375, 11.07562255859375, 26.54233169555664, 24.047990798950195, 30.829376220703125, 5.533804416656494, 2.7303216457366943, 30.799503326416016, 4.337375640869141, 8.739275932312012, 6.283557891845703, 13.253124237060547, 6.872303485870361, 15.57852554321289, 9.927815437316895, 11.749349594116211]}, "1": {"train": [52.78463236490885, 32.76080576578776, 32.64271545410156, 49.5597178141276, 26.074081420898438, 33.80958048502604, 12.7649777730306, 8.852201461791992, 11.948570251464844, 9.954032897949219, 11.325220743815104, 15.73032251993815, 11.781028747558594, 4.697814305623372, 4.8855743408203125, 6.359306335449219, 3.976447423299154, 16.5068359375, 5.9906056722005205, 3.95847225189209], "valid": [50.94771194458008, 36.7822265625, 29.075769424438477, 22.676002502441406, 27.04246711730957, 13.14197063446045, 21.993511199951172, 16.109838485717773, 19.07587432861328, 11.072234153747559, 8.718610763549805, 3.4234671592712402, 34.4884147644043, 5.075610160827637, 2.1754848957061768, 6.172123432159424, 5.846869468688965, 7.227044105529785, 5.418186187744141, 5.185178756713867]}, "2": {"train": [63.889984130859375, 44.272193908691406, 35.6324577331543, 19.26834487915039, 39.42095947265625, 20.320510864257812, 17.154109954833984, 14.212409019470215, 8.400956153869629, 8.825262069702148, 7.3609113693237305, 7.181480884552002, 4.52249813079834, 5.670670032501221, 4.911541938781738, 4.107007026672363, 8.21748161315918, 6.199645042419434, 5.924931049346924, 7.998215675354004], "valid": [114.32611083984375, 99.44932556152344, 45.31055450439453, 27.82267189025879, 25.563207626342773, 17.132551193237305, 33.537452697753906, 31.705350875854492, 4.860627174377441, 12.479504585266113, 5.101953506469727, 2.0590314865112305, 5.77680778503418, 8.040116310119629, 5.833578586578369, 2.7922825813293457, 2.1079845428466797, 6.041271209716797, 2.8945908546447754, 2.3248322010040283]}}