{"0": {"train": [57.45310974121094, 54.022623697916664, 43.384908040364586, 55.322662353515625, 41.915934244791664, 34.3909912109375, 50.39827982584635, 33.0481923421224, 40.34725697835287, 48.57286580403646, 35.76846567789713, 35.91980234781901, 66.19619242350261, 35.26687876383463, 45.569051106770836, 29.66600290934245, 24.69445037841797, 20.75393549601237, 25.637046813964844, 29.477554321289062], "valid": [39.082366943359375, 58.73794937133789, 32.80402374267578, 44.22649383544922, 45.84575653076172, 45.40916442871094, 24.714519500732422, 46.784385681152344, 17.748563766479492, 43.3657341003418, 38.659217834472656, 0.21389523148536682, 9.51632022857666, 9.098105430603027, 11.621916770935059, 3.931537389755249, 7.096768856048584, 13.553359031677246, 15.165003776550293, 7.77940034866333]}, "1": {"train": [77.74733988444011, 60.11406453450521, 76.25211588541667, 74.53957112630208, 48.07452392578125, 58.424702962239586, 52.333536783854164, 41.380218505859375, 38.74172719319662, 45.333099365234375, 57.69049580891927, 35.82799530029297, 36.34190368652344, 42.10737609863281, 30.24109395345052, 26.186248779296875, 30.137779235839844, 15.25851821899414, 31.661847432454426, 16.98356755574544], "valid": [80.91336822509766, 43.92202377319336, 50.38628005981445, 34.82246780395508, 29.733379364013672, 13.931778907775879, 49.24856185913086, 22.349735260009766, 29.405574798583984, 17.725414276123047, 15.947972297668457, 43.21735382080078, 23.059232711791992, 36.67173385620117, 16.569040298461914, 32.442283630371094, 7.151632308959961, 17.622047424316406, 11.512863159179688, 23.98661994934082]}, "2": {"train": [83.51734924316406, 65.3282470703125, 51.57370376586914, 50.60736083984375, 31.754453659057617, 51.772117614746094, 35.82594299316406, 49.466941833496094, 16.438934326171875, 33.00613021850586, 21.298633575439453, 13.915711402893066, 3.4884841442108154, 2.749964475631714, 11.470514297485352, 31.71014404296875, 23.4217586517334, 20.864591598510742, 0.9308347702026367, 18.924684524536133], "valid": [39.47119140625, 72.49617004394531, 70.17318725585938, 83.28901672363281, 86.55197143554688, 84.67160034179688, 50.85243606567383, 76.71527862548828, 58.239715576171875, 60.594303131103516, 46.74201583862305, 56.59848403930664, 57.74494171142578, 59.2217903137207, 83.13018798828125, 74.6528091430664, 67.5507583618164, 62.42208480834961, 88.9708251953125, 48.608604431152344]}}