metrics,mean
P_2,0.0
P_5,0.1
P_10,0.05
recall_2,0.0
recall_5,0.16666666666666666
recall_10,0.16666666666666666
ndcg_cut_2,0.0
ndcg_cut_5,0.11731968150568911
ndcg_cut_10,0.11731968150568911
map_cut_2,0.0
map_cut_5,0.05555555555555555
map_cut_10,0.05555555555555555
success_2,0.0
success_5,0.5
success_10,0.5
aucroc,0.5627906976744186
skill_coverage_2,0.0
skill_coverage_5,0.0
skill_coverage_10,0.0
