{"0": {"train": [44.796905517578125, 33.13775126139323, 36.35145060221354, 22.782315572102863, 43.44829305013021, 30.790913899739582, 25.89368184407552, 30.272921244303387, 10.33344586690267, 43.269989013671875, 24.299769083658855, 16.96445592244466, 15.028395334879557, 11.751754760742188, 7.609250386555989, 3.86940860748291, 5.148872057596843, 0.034789033234119415, 15.519574483235678, 6.205146789550781], "valid": [40.309749603271484, 33.949710845947266, 22.531904220581055, 15.286137580871582, 13.986076354980469, 12.986254692077637, 11.490104675292969, 11.100502967834473, 9.20993709564209, 7.036037445068359, 4.7254133224487305, 3.2220458984375, 1.9795500040054321, 1.0683096647262573, 0.34089601039886475, 0.09609515964984894, 0.033845316618680954, 0.01562819816172123, 0.008787077851593494, 0.0055291494354605675]}, "1": {"train": [33.312825520833336, 22.373736063639324, 18.93075942993164, 37.26449839274088, 20.533304850260418, 11.912213643391928, 17.29672114054362, 18.937360127766926, 26.91016896565755, 3.752166430155436, 4.104674021402995, 16.598854064941406, 6.4862925211588545, 5.621565500895183, 22.28040313720703, 16.768169403076172, 9.203512191772461, 9.925872802734375, 7.139975865681966, 2.316026051839193], "valid": [49.80499267578125, 49.17039489746094, 45.13255310058594, 39.45392990112305, 34.00517654418945, 28.453245162963867, 19.87835121154785, 13.268733978271484, 14.028587341308594, 17.511960983276367, 17.128597259521484, 13.871898651123047, 11.192498207092285, 9.414860725402832, 7.82504940032959, 7.139703750610352, 7.047203540802002, 7.013203144073486, 6.983158111572266, 6.959155559539795]}, "2": {"train": [38.2995491027832, 38.77731704711914, 18.561952590942383, 33.05021667480469, 21.060482025146484, 6.430261135101318, 6.739642143249512, 2.946004867553711, 4.077516555786133, 2.217982053756714, 2.585683584213257, 2.7364654541015625, 0.014710789546370506, 3.5003557205200195, 0.2075347751379013, 1.0815757513046265, 0.04423307999968529, 0.0014122187858447433, 0.46674734354019165, 0.005644700955599546], "valid": [69.94819641113281, 69.51210021972656, 69.37358093261719, 69.41824340820312, 68.59870147705078, 63.19864273071289, 64.8360366821289, 68.84684753417969, 70.69728088378906, 70.75032806396484, 71.0206298828125, 72.13194274902344, 72.02934265136719, 72.68505859375, 73.39227294921875, 73.831787109375, 74.15185546875, 74.27149200439453, 74.34321594238281, 74.40685272216797]}}