metric,mean.before,mean.after
ndkl,0.16066281642072808,0.11372118223811467
