metric,mean.before,mean.after
P_2,0.6,
P_5,0.4,
P_10,0.2199999999999999,
recall_2,0.5333333333333333,
recall_5,0.9,
recall_10,1.0,
ndcg_cut_2,0.6452588771061833,
ndcg_cut_5,0.8122008454117655,
ndcg_cut_10,0.8558823327753984,
map_cut_2,0.5333333333333333,0.1
map_cut_5,0.7416666666666666,0.16666666666666666
map_cut_10,0.7749999999999999,0.2603174603174603
aucroc,0.9427609427609428,0.44528619528619534
