reranked_idx,reranked_probs
"[0, 1, 2, 3, 4, 5, 6, 7, 8, 9, 10, 11, 12]","[0.998433530330658, 0.6968504786491394, 0.13708925247192383, 0.011644061654806137, 0.004835112951695919, 0.003623411525040865, 0.00011824630928458646, 3.133045174763538e-05, 1.5191403690550942e-05, 8.152122063620482e-06, 4.378865469334414e-06, 1.7196764474647352e-06, 9.999999974752427e-07]"
"[0, 1, 2, 3, 4, 5, 6, 9, 7, 8, 11, 10, 12]","[0.994729220867157, 0.8223716616630554, 0.10927193611860275, 0.03299618512392044, 0.015044346451759338, 0.009478547610342503, 0.009082023985683918, 7.645064215466846e-06, 0.00015041329606901854, 4.144532431382686e-05, 9.999999974752427e-07, 3.0796722967352252e-06, 9.999999974752427e-07]"
"[0, 1, 4, 2, 3, 5, 6, 7, 8, 10, 9, 11, 12]","[0.9998282194137573, 0.9950496554374695, 0.0005266419611871243, 0.9900308847427368, 0.0022835417184978724, 0.00027950204093940556, 4.0200971852755174e-05, 2.082598439301364e-05, 1.7057787772500888e-05, 9.999999974752427e-07, 1.0152244612982031e-05, 9.999999974752427e-07, 9.999999974752427e-07]"
"[0, 1, 2, 3, 4, 5, 6, 9, 7, 8, 10, 11, 12]","[0.9686325788497925, 0.8666258454322815, 0.32936036586761475, 0.3137209713459015, 0.02239203453063965, 0.022135984152555466, 0.013880718499422073, 0.0001736879930831492, 0.003242159727960825, 0.002548790071159601, 4.996491770725697e-05, 3.6560450098477304e-05, 3.0808780138613656e-05]"
"[0, 1, 3, 2, 4, 5, 6, 7, 8, 9, 10, 11, 12]","[0.9578632116317749, 0.9117704033851624, 0.8546562790870667, 0.8683395981788635, 0.46685534715652466, 0.03291771560907364, 0.00011729298421414569, 9.98822069959715e-05, 7.151292084017769e-05, 3.500241655274294e-05, 2.8436877983040176e-05, 9.992248124035541e-06, 5.680403774022125e-06]"
