metric,mean.before,mean.after
ndkl,0.17044423600366004,0.12047703853069396
