reranked_idx,reranked_probs
"[0, 1, 2, 3, 4, 5, 6, 10, 7, 8, 11, 9, 12]","[0.9939914345741272, 0.9727596044540405, 0.926415205001831, 0.1904110610485077, 0.008045687340199947, 0.001541038858704269, 0.0010503808734938502, 7.935139365145005e-06, 0.0006107398658059537, 0.00013126565318088979, 1.4679663991046255e-06, 8.68870411068201e-05, 9.999999974752427e-07]"
"[0, 1, 2, 3, 4, 5, 6, 8, 7, 9, 10, 11, 12]","[0.7415921688079834, 0.7396639585494995, 0.38126617670059204, 0.25926461815834045, 0.005793360061943531, 0.0023766953963786364, 0.0013085197424516082, 0.00011230828386032954, 0.0009557191515341401, 8.320647793880198e-06, 9.999999974752427e-07, 9.999999974752427e-07, 9.999999974752427e-07]"
"[0, 1, 2, 3, 4, 5, 6, 8, 7, 9, 10, 11, 12]","[0.9907406568527222, 0.9676685929298401, 0.4318532645702362, 0.17001651227474213, 0.029724467545747757, 0.0006963384803384542, 0.0002471673651598394, 4.148993320995942e-05, 8.92906537046656e-05, 2.3516438886872493e-05, 2.252343801956158e-05, 2.6074137622345006e-06, 9.999999974752427e-07]"
"[0, 1, 3, 2, 4, 5, 6, 7, 8, 10, 9, 11, 12]","[0.9990297555923462, 0.9977874755859375, 0.04253139719367027, 0.9907214641571045, 0.02408345229923725, 0.0010898743057623506, 0.0002020928222918883, 9.082335600396618e-05, 4.352297037257813e-05, 9.999999974752427e-07, 1.7493531458967482e-06, 9.999999974752427e-07, 9.999999974752427e-07]"
"[0, 1, 2, 3, 4, 5, 6, 10, 7, 8, 11, 9, 12]","[0.9442871809005737, 0.9294967651367188, 0.27502283453941345, 0.029976515099406242, 0.008900899440050125, 0.008735212497413158, 0.0018494019750505686, 8.01406531536486e-06, 0.0007106256671249866, 0.0004251185746397823, 4.322335826145718e-06, 6.867951015010476e-05, 9.999999974752427e-07]"
