metric,mean.before,mean.after
P_2,0.3,
P_5,0.24,
P_10,0.16,
recall_2,0.3,
recall_5,0.5333333333333333,
recall_10,0.7,
ndcg_cut_2,0.2773705614469083,
ndcg_cut_5,0.4260346226258393,
ndcg_cut_10,0.4910906710792354,
map_cut_2,0.25,0.1
map_cut_5,0.3722222222222222,0.19999999999999998
map_cut_10,0.4072222222222222,0.257037037037037
aucroc,0.5858585858585859,0.4478114478114479
