reranked_idx,reranked_probs
"[0, 1, 3, 2, 4, 5, 8, 6, 9, 10, 7, 11, 12]","[0.9986667633056641, 0.9907124638557434, 0.015497121028602123, 0.8593662977218628, 0.014141160994768143, 0.012517289258539677, 0.0008399635553359985, 0.0036714221350848675, 0.0006761556142009795, 0.000418479205109179, 0.0035294003318995237, 7.714626917731948e-06, 1.6104673932204605e-06]"
"[0, 2, 1, 3, 4, 5, 6, 9, 7, 8, 10, 11, 12]","[0.7038441896438599, 0.45009109377861023, 0.4756162762641907, 0.409431517124176, 0.386991024017334, 0.33731308579444885, 0.10492172837257385, 0.03938597813248634, 0.0719713568687439, 0.04350965842604637, 0.029353110119700432, 0.022438224405050278, 0.011401095427572727]"
"[0, 1, 2, 3, 4, 5, 6, 7, 8, 10, 9, 11, 12]","[0.8638647794723511, 0.8469426035881042, 0.6987972855567932, 0.6658690571784973, 0.6020397543907166, 0.0732695683836937, 0.020139968022704124, 0.016139859333634377, 0.011528486385941505, 0.0057467445731163025, 0.011097528040409088, 0.0040444801561534405, 0.0037417071871459484]"
"[0, 1, 2, 3, 4, 5, 6, 9, 7, 8, 11, 10, 12]","[0.9865108132362366, 0.9798389673233032, 0.944507360458374, 0.5495820045471191, 0.015774007886648178, 0.0058157178573310375, 0.0019378499127924442, 0.0001836806914070621, 0.0018649500561878085, 0.0011534172808751464, 5.5483728829131e-06, 0.0001668890763539821, 1.7948574395632022e-06]"
"[0, 1, 2, 3, 4, 5, 6, 7, 8, 9, 10, 11, 12]","[0.8773384690284729, 0.1720312088727951, 0.1357613503932953, 0.0728016197681427, 0.06396693736314774, 0.002927736844867468, 0.00046690081944689155, 0.0001696032559266314, 9.987829980673268e-05, 4.772204192704521e-05, 9.999999974752427e-07, 9.999999974752427e-07, 9.999999974752427e-07]"
