metric,mean.before,mean.after
ndkl,0.2070989002499016,0.11603295085702534
