metric,mean.before,mean.after
P_2,0.2,
P_5,0.2,
P_10,0.1399999999999999,
recall_2,0.1666666666666666,
recall_5,0.4,
recall_10,0.6,
ndcg_cut_2,0.2,
ndcg_cut_5,0.306015191107704,
ndcg_cut_10,0.388381959194791,
map_cut_2,0.1333333333333333,0.1
map_cut_5,0.2266666666666666,0.19999999999999998
map_cut_10,0.285,0.2672222222222222
aucroc,0.4898989898989899,0.5336700336700336
