metric,mean.before,mean.after
ndkl,0.1734944997558756,0.11236316479268282
