metric,mean.before,mean.after
P_2,0.6,
P_5,0.36,
P_10,0.2,
recall_2,0.5333333333333333,
recall_5,0.8,
recall_10,0.9,
ndcg_cut_2,0.6,
ndcg_cut_5,0.7226294385530917,
ndcg_cut_10,0.7663109259167245,
map_cut_2,0.4833333333333333,0.1
map_cut_5,0.6833333333333332,0.16666666666666666
map_cut_10,0.6999999999999998,0.2515873015873016
aucroc,0.936026936026936,0.36111111111111116
