reranked_idx,reranked_probs
"[0, 1, 2, 4, 5, 3, 6, 7, 8, 9, 10, 11, 12]","[0.7345744967460632, 0.7220291495323181, 0.14927878975868225, 0.009447719901800156, 0.002193310996517539, 0.02436492033302784, 0.0007828387897461653, 0.0005692141130566597, 2.3291961497307057e-06, 1.996665332626435e-06, 9.999999974752427e-07, 9.999999974752427e-07, 9.999999974752427e-07]"
"[0, 1, 3, 2, 4, 5, 6, 7, 8, 9, 11, 10, 12]","[0.9695610404014587, 0.9572594165802002, 0.07273304462432861, 0.20110520720481873, 0.014179776422679424, 0.008629100397229195, 0.0027222305070608854, 2.820205372700002e-05, 2.3806709577911533e-05, 2.234345447504893e-05, 2.313829099875875e-06, 1.7899064914672635e-05, 9.999999974752427e-07]"
"[0, 1, 3, 2, 4, 5, 6, 7, 9, 10, 8, 11, 12]","[0.9999989867210388, 0.9999989867210388, 0.0011896578362211585, 0.9931661486625671, 3.5034529446420493e-06, 1.4461423916145577e-06, 9.999999974752427e-07, 9.999999974752427e-07, 9.999999974752427e-07, 9.999999974752427e-07, 9.999999974752427e-07, 9.999999974752427e-07, 9.999999974752427e-07]"
"[0, 1, 3, 2, 4, 5, 6, 7, 8, 9, 10, 11, 12]","[0.9999989867210388, 0.9999986886978149, 0.0005868560401722789, 0.9999934434890747, 9.999999974752427e-07, 9.999999974752427e-07, 9.999999974752427e-07, 9.999999974752427e-07, 9.999999974752427e-07, 9.999999974752427e-07, 9.999999974752427e-07, 9.999999974752427e-07, 9.999999974752427e-07]"
"[0, 1, 2, 3, 4, 5, 6, 7, 8, 10, 9, 11, 12]","[0.9999768733978271, 0.9998537302017212, 0.9040602445602417, 0.0011867982102558017, 0.0007007892709225416, 0.0005273931892588735, 0.00045614305417984724, 0.0002981550933327526, 2.406150542810792e-06, 9.999999974752427e-07, 9.999999974752427e-07, 9.999999974752427e-07, 9.999999974752427e-07]"
