reranked_idx,reranked_probs
"[0, 1, 2, 3, 4, 5, 6, 8, 7, 9, 10, 11, 12]","[0.9791262149810791, 0.28663915395736694, 0.2566365897655487, 0.021473897621035576, 0.005645805038511753, 0.004134773276746273, 0.003897059941664338, 0.0004261755384504795, 0.0007631090702489018, 0.00042194113484583795, 0.0001686620817054063, 4.833047933061607e-05, 2.3871776647865772e-05]"
"[0, 1, 3, 2, 4, 5, 6, 7, 8, 9, 10, 11, 12]","[0.9991990923881531, 0.996729850769043, 0.020518464967608452, 0.961931586265564, 0.0005646093632094562, 4.4544209231389686e-05, 1.3355424016481265e-05, 3.938138434023131e-06, 2.9345776511036092e-06, 9.999999974752427e-07, 9.999999974752427e-07, 9.999999974752427e-07, 9.999999974752427e-07]"
"[0, 1, 2, 3, 4, 5, 6, 8, 7, 9, 10, 11, 12]","[0.9564676880836487, 0.9036513566970825, 0.8943524956703186, 0.8378482460975647, 0.7600266337394714, 0.0001499847712693736, 9.141454938799143e-05, 1.2294597581785638e-05, 1.6392581528634764e-05, 1.3383526038523996e-06, 1.2805212463717908e-06, 9.999999974752427e-07, 9.999999974752427e-07]"
"[0, 1, 2, 3, 4, 7, 5, 8, 6, 9, 10, 11, 12]","[0.5591153502464294, 0.4610432982444763, 0.44950082898139954, 0.27525222301483154, 0.27497297525405884, 0.006867396645247936, 0.05645282566547394, 0.0007706536562182009, 0.05188591778278351, 0.0006369887269102037, 0.0005815986078232527, 0.00014823187666479498, 0.00010221726552117616]"
"[0, 1, 6, 2, 3, 8, 4, 10, 5, 7, 11, 9, 12]","[0.9994284510612488, 0.8198408484458923, 0.00016225577564910054, 0.004103238228708506, 0.0037927834782749414, 4.545045885606669e-05, 0.0033158687874674797, 9.171517376671545e-06, 0.00022526421525981277, 0.00014754723815713078, 1.1152515071444213e-06, 2.9181624995544553e-05, 9.999999974752427e-07]"
