metric,mean.before,mean.after
P_2,0.1,
P_5,0.24,
P_10,0.1599999999999999,
recall_2,0.0666666666666666,
recall_5,0.5,
recall_10,0.7,
ndcg_cut_2,0.1226294385530916,
ndcg_cut_5,0.3386598626592207,
ndcg_cut_10,0.4095555773728397,
map_cut_2,0.0666666666666666,0.1
map_cut_5,0.2494444444444444,0.19999999999999998
map_cut_10,0.2694444444444445,0.2633862433862434
aucroc,0.6717171717171717,0.4562289562289562
