metric,mean.before,mean.after
ndkl,0.17339780038912164,0.11618144389620197
