{"0": {"train": [43.214421632810975, 28.011628033836395, 7.732842259547426, 6.327561012070229, 5.964221717386735, 5.77690132425226, 5.644978263201967, 5.500808934185514, 5.421739765895368, 5.335438543250161, 5.376679486627815, 5.22845336414262, 5.208971601528228, 5.133427442586731, 5.093572078176027, 5.089510083212493, 5.017293204227417, 5.004017291382335, 4.992262573599188, 4.977562224681346], "valid": [39.69457295799136, 10.736220573382457, 6.638499606793475, 5.975120044691594, 5.780234471902354, 5.856385659963283, 5.589313457105878, 5.469802482828674, 5.428080774736791, 5.415070060782335, 5.263317377063087, 5.223837118928163, 5.1919887445155934, 5.123430296100086, 5.076832134130219, 5.054418469843683, 5.052632365759209, 4.996371336453272, 4.9745995860061125, 4.994995490804138]}, "1": {"train": [43.22956398740617, 34.92849651834239, 9.755959799192551, 6.357499561841596, 6.025341464864694, 5.763765311506111, 5.629266678722171, 5.5457606056229745, 5.446222248698424, 5.349928397634011, 5.328524770158428, 5.21926766475708, 5.196141283403807, 5.110860800859314, 5.063717713842245, 5.04844478042671, 4.998396004661758, 4.964802312971812, 4.917910270371105, 4.920207551423279], "valid": [40.28813756798776, 21.94402558819919, 7.078956708711754, 6.090565099020117, 5.957168640974381, 5.715922469283667, 5.607939779051973, 5.531518290062213, 5.472668700714968, 5.356964377857191, 5.295642843264308, 5.257718610376845, 5.180577466730319, 5.124145462597748, 5.078842332046328, 5.0398268768063055, 4.993399526651993, 4.96875288660498, 4.959633353049504, 4.923649689739225]}, "2": {"train": [42.875412062271835, 30.621341044004943, 8.070824635081829, 6.272588303110895, 5.980608110354228, 5.831632358146738, 5.622918200438939, 5.4920341576780976, 5.423023578780941, 5.347431983998327, 5.27156848099789, 5.2172985408604164, 5.160053192783628, 5.118738815377824, 5.04516564316918, 5.021182949955951, 4.975212555895504, 4.964364025714216, 4.9210517798219024, 4.925272979891022], "valid": [39.66814379170688, 13.591375679107747, 7.024765021788722, 6.0183525650721785, 5.782506823446761, 5.724641027883441, 5.610657661758111, 5.51399507286061, 5.452675895113745, 5.342134243946257, 5.258884575712459, 5.211394787652875, 5.152999094878432, 5.137084066021779, 5.067409671872106, 5.043018584429167, 5.03719010425235, 4.9777314051174555, 4.969075579145661, 4.955043182825265]}, "3": {"train": [43.041551052255045, 29.06013363467302, 8.334127183842936, 6.209475945284779, 5.8755677535643045, 5.693541070372436, 5.574736617093598, 5.489267686744064, 5.389449721015597, 5.339486881396816, 5.27329308352827, 5.188724487180933, 5.122965783157355, 5.125704268736856, 5.0512370907050865, 5.013593778273323, 5.02681445339155, 4.960371412372269, 4.922056543058234, 4.9184122627744395], "valid": [39.121572030090796, 10.496030872650218, 6.56180681399112, 6.095401029061684, 6.02863006044375, 5.618436630979713, 5.571834080454675, 5.5206694733127755, 5.367879122286463, 5.35431370655584, 5.230805640547161, 5.184736690661071, 5.106305374814315, 5.133436765597886, 5.060403548059031, 5.010588605919711, 5.042542291717696, 4.979321122931869, 4.941316652513669, 4.926707085535207]}, "4": {"train": [43.10457806415047, 27.36814883464976, 7.336528912243564, 6.362990398893376, 5.929151534885436, 5.65593964196605, 5.5632441369789785, 5.467672291350868, 5.3781251494583096, 5.320260350235462, 5.243950448820448, 5.183347141408961, 5.115948200263016, 5.06414497671192, 5.165245612456164, 4.999069460187809, 4.982161843719994, 4.941079712152053, 4.919455788784983, 4.886612465626492], "valid": [39.27003947644612, 9.810733336402704, 6.3508165806062395, 5.906552238744017, 5.818066380544974, 5.631572951282768, 5.571505713027719, 5.423237544886688, 5.561221800920019, 5.303578340027303, 5.223201817756621, 5.1689940259044205, 5.50936037812436, 5.085187960481741, 5.057681326300133, 5.026065781789234, 4.97101272061767, 4.951565025042789, 4.9202764401326515, 4.926426437823007]}}