{"0": {"train": [15.330763882153654, 13.496352992645681, 13.16356923351549, 12.909886597933834, 12.760077949419413, 12.619825384061631, 12.52992674945152, 12.570227703982837, 12.586288253575155, 12.54602349686296, 12.854632777383882, 12.929895092689828, 12.888992508143595, 12.828885838756822, 12.698429672032187, 12.897815829760408, 12.847978356766374, 13.150401379310921, 12.918314277962462, 12.986750563530073], "valid": [13.948568154099624, 13.600769523560531, 13.25960916103218, 13.126312642422329, 13.048511059795981, 12.88335272695299, 12.813205926641134, 13.019175444919334, 12.736900781450595, 12.997973616096264, 13.182830361298036, 13.26459227094745, 13.204026966297393, 12.96801206176716, 13.192658630391989, 13.232023777842562, 13.347906826375812, 13.257677934301181, 13.348181306968932, 13.4758110216161]}, "1": {"train": [15.360233912677371, 13.543459340773078, 13.208358118034228, 12.809711747275223, 12.87801437697971, 12.732752241303318, 12.677545077710331, 12.600339529153246, 12.825437927376722, 12.759615662754955, 12.553890996697362, 12.576419547836764, 12.6241340228991, 12.61600985223734, 12.677943663772231, 12.530787024225706, 12.875850771869784, 12.689117664160483, 12.80194979552465, 12.911044559457533], "valid": [13.995819886090004, 13.575432889755458, 13.235879056747645, 13.214820213840433, 13.137255274106378, 13.033543207874036, 12.848654300219392, 12.950652490903254, 12.94417996341235, 12.887908475692958, 12.957839213332084, 12.861761892658391, 12.912859354933648, 12.978264293931934, 12.78452854940336, 12.960713801971854, 12.974307919854986, 12.9723443018247, 13.202899880605202, 13.083161278293558]}, "2": {"train": [15.616717966643213, 13.714112352257406, 13.199588221440667, 12.988076319015656, 12.83934213412807, 12.72177207887341, 12.561682449731402, 12.71704652294926, 12.442993843333992, 12.461714983700828, 12.568152489803822, 12.87557874976257, 12.744138545384198, 12.583339662750273, 12.712841853306786, 12.795014423128372, 12.75136633893315, 12.699919058008867, 12.91398975524824, 12.96502035013791], "valid": [14.154907017537992, 13.668465810279324, 13.32840517645013, 13.144821208797088, 13.023502004963078, 12.95440945559985, 12.692636024788634, 12.99165013979559, 12.685921655942316, 12.734793174430116, 12.923396991050407, 13.301835736836473, 13.070523990996897, 12.955811173948524, 13.11849720576038, 13.069288405326947, 12.932849831777077, 13.199500138792272, 13.273535783323522, 13.407684284366974]}, "3": {"train": [15.244398570511809, 13.54674523824413, 13.134227088109832, 12.903128235422374, 12.82461497428717, 12.699656117239, 12.74791899430365, 12.678835620395166, 12.740014395539498, 12.670659020424461, 12.604657250472856, 12.657338015276544, 12.670984151112116, 12.646480069463767, 12.556975652150795, 12.933778114733595, 12.815900485346797, 12.80475127836805, 12.81964497467843, 12.998066772429587], "valid": [14.293172925139126, 13.812493060386345, 13.436539825021404, 13.3086751441433, 13.164612568894478, 13.128423152557792, 13.27887723739833, 13.213118545323201, 13.030522678322988, 13.131944504829303, 13.119471385380994, 13.122569379414598, 13.193637084960937, 12.935233171018835, 13.18464953278842, 13.215868262722068, 13.157245416510595, 13.23533718161387, 13.360060600385275, 13.429977709626499]}, "4": {"train": [15.326208461607658, 13.641967271821628, 13.18089124223833, 13.025427284759973, 12.969285150983033, 12.914707139097413, 12.674095778868997, 12.602174116052511, 12.528976185702877, 12.531489448426532, 12.467835434086671, 12.680993895836455, 12.816015647990728, 12.683178568813004, 12.695689694235028, 12.729244775921503, 12.719450935028705, 12.88854055614486, 12.979958564856926, 12.921264042318322], "valid": [14.27523490174176, 13.784978620973352, 13.500520805463399, 13.301017029644692, 13.488267370772688, 13.137148253558433, 13.007084342224957, 12.949884618471746, 13.065208163326734, 12.929428184195741, 12.814868373087007, 13.327817315924657, 13.131277005966396, 13.293599669574059, 12.762314386237158, 13.101378976482234, 13.305984747899721, 13.367893710201734, 13.411592582807149, 13.387622990020335]}}