metrics,mean
P_2,0.4
P_5,0.24
P_10,0.15999999999999998
recall_2,0.36666666666666664
recall_5,0.5333333333333333
recall_10,0.7
ndcg_cut_2,0.44525887710618334
ndcg_cut_5,0.5247277756364644
ndcg_cut_10,0.5929281633938952
map_cut_2,0.31666666666666665
map_cut_5,0.4277777777777777
map_cut_10,0.4674603174603174
success_2,0.8
success_5,0.8
success_10,1.0
aucroc,0.6447811447811447
skill_coverage_2,0.9
skill_coverage_5,1.0
skill_coverage_10,1.0
