metrics,mean
P_2,0.1
P_5,0.16
P_10,0.18000000000000002
recall_2,0.1
recall_5,0.4
recall_10,0.8333333333333333
ndcg_cut_2,0.12262943855309168
ndcg_cut_5,0.3065735963827292
ndcg_cut_10,0.4847359815450004
map_cut_2,0.1
map_cut_5,0.2333333333333333
map_cut_10,0.32394179894179886
success_2,0.2
success_5,0.6
success_10,1.0
aucroc,0.5370370370370371
skill_coverage_2,0.7
skill_coverage_5,1.0
skill_coverage_10,1.0
