metrics,mean
P_2,0.1
P_5,0.27999999999999997
P_10,0.18000000000000002
recall_2,0.1
recall_5,0.7
recall_10,0.8333333333333333
ndcg_cut_2,0.12262943855309168
ndcg_cut_5,0.4265159525595926
ndcg_cut_10,0.484377538228145
map_cut_2,0.1
map_cut_5,0.29833333333333334
map_cut_10,0.3214814814814815
success_2,0.2
success_5,0.8
success_10,1.0
aucroc,0.5538720538720538
skill_coverage_2,0.7666666666666666
skill_coverage_5,1.0
skill_coverage_10,1.0
