metrics,mean
P_2,0.1
P_5,0.2
P_10,0.18000000000000002
recall_2,0.1
recall_5,0.5
recall_10,0.8333333333333333
ndcg_cut_2,0.12262943855309168
ndcg_cut_5,0.33163686745187415
ndcg_cut_10,0.4820401242689668
map_cut_2,0.1
map_cut_5,0.22333333333333333
map_cut_10,0.31777777777777777
success_2,0.2
success_5,0.8
success_10,1.0
aucroc,0.5909090909090908
skill_coverage_2,0.7666666666666666
skill_coverage_5,1.0
skill_coverage_10,1.0
