P_2,P_5,P_10,recall_2,recall_5,recall_10,ndcg_cut_2,ndcg_cut_5,ndcg_cut_10,map_cut_2,map_cut_5,map_cut_10,success_2,success_5,success_10,skill_coverage_2,skill_coverage_5,skill_coverage_10
0.50000,0.40000,0.20000,0.50000,1.00000,1.00000,0.61315,0.85034,0.85034,0.50000,0.70000,0.70000,1.00000,1.00000,1.00000,1.00000,1.00000,1.00000
0.00000,0.40000,0.20000,0.00000,1.00000,1.00000,0.00000,0.50127,0.50127,0.00000,0.32500,0.32500,0.00000,1.00000,1.00000,0.33333,1.00000,1.00000
0.00000,0.00000,0.20000,0.00000,0.00000,0.66667,0.00000,0.00000,0.28931,0.00000,0.00000,0.11574,0.00000,0.00000,1.00000,1.00000,1.00000,1.00000
0.00000,0.20000,0.10000,0.00000,0.50000,0.50000,0.00000,0.23720,0.23720,0.00000,0.10000,0.10000,0.00000,1.00000,1.00000,1.00000,1.00000,1.00000
0.00000,0.40000,0.20000,0.00000,1.00000,1.00000,0.00000,0.54377,0.54377,0.00000,0.36667,0.36667,0.00000,1.00000,1.00000,0.50000,1.00000,1.00000
