metrics,mean
P_2,0.2
P_5,0.2
P_10,0.14
recall_2,0.2
recall_5,0.4666666666666666
recall_10,0.6333333333333333
ndcg_cut_2,0.2
ndcg_cut_5,0.3491757311305146
ndcg_cut_10,0.419987613180637
map_cut_2,0.15
map_cut_5,0.22000000000000003
map_cut_10,0.26666666666666666
success_2,0.4
success_5,1.0
success_10,1.0
aucroc,0.505050505050505
skill_coverage_2,1.0
skill_coverage_5,1.0
skill_coverage_10,1.0
