{"0": {"train": [92.08143107096355, 92.08143107096355, 92.0814208984375, 92.08143107096355, 92.08143107096355, 92.0814208984375, 92.08143107096355, 92.08143107096355, 92.0814208984375, 92.0814208984375, 92.0814208984375, 92.0814208984375, 92.0814208984375, 92.0814208984375, 92.0814208984375, 92.0814208984375, 92.0814208984375, 92.0814208984375, 92.08143107096355, 92.08143107096355], "valid": [41.43994140625, 41.43994140625, 41.43994140625, 41.43994140625, 41.43994140625, 41.43994140625, 41.43994140625, 41.43994140625, 41.43994140625, 41.43994140625, 41.43994140625, 41.43994140625, 41.43994140625, 41.43994140625, 41.43994140625, 41.43994140625, 41.43994140625, 41.43994140625, 41.43994140625, 41.43994140625]}, "1": {"train": [41.742777506510414, 24.983245849609375, 41.05267079671224, 36.823822021484375, 21.75147247314453, 19.546956380208332, 11.118231455485025, 7.939512252807617, 10.167656580607096, 5.731844584147136, 6.337522506713867, 16.774415334065754, 11.52645746866862, 4.782894770304362, 4.578478813171387, 6.229782740275065, 8.367544809977213, 5.781232198079427, 6.333457946777344, 6.5341370900472], "valid": [78.7126235961914, 77.39938354492188, 71.49930572509766, 61.445133209228516, 50.6876220703125, 39.800235748291016, 29.571760177612305, 20.930831909179688, 15.226850509643555, 12.753555297851562, 12.196731567382812, 12.642375946044922, 13.21282958984375, 13.954913139343262, 14.732939720153809, 15.64273738861084, 16.30670928955078, 16.960647583007812, 17.521642684936523, 17.673686981201172]}, "2": {"train": [49.325931549072266, 49.5649528503418, 47.76295471191406, 50.38192367553711, 47.062889099121094, 46.47504425048828, 40.38304901123047, 33.152000427246094, 22.754379272460938, 18.941389083862305, 16.621828079223633, 9.328899383544922, 7.446758270263672, 9.997335433959961, 13.102789878845215, 6.6033782958984375, 7.257309913635254, 7.97983455657959, 8.641379356384277, 5.699212551116943], "valid": [84.46971130371094, 83.67245483398438, 83.28915405273438, 83.41938781738281, 81.77469635009766, 74.61972045898438, 63.21409225463867, 51.72726058959961, 40.32059860229492, 29.834775924682617, 20.40408706665039, 13.046036720275879, 9.411205291748047, 8.903363227844238, 8.869208335876465, 9.114127159118652, 9.743388175964355, 10.767755508422852, 11.939388275146484, 12.955306053161621]}}