{"0": {"train": [42.244366779946894, 38.731168479772066, 38.17647558275868, 38.14467498914659, 38.42122978399301, 38.83131186435758, 39.136911022968434, 39.69052994924991, 40.30167299511607, 40.7957792054227, 41.47044431069904, 42.132032111950195, 42.23479807170475, 42.70551805582181, 42.93519312609827, 43.02943430453142, 43.007292369384594, 43.127608303212526, 43.201992378229406, 43.41745868420325], "valid": [39.370725268474345, 38.40032219296618, 38.170155239064286, 38.42086364510302, 38.754025560674584, 39.27363909329616, 39.326440834900154, 40.25237157693116, 40.516832376519126, 41.09158988469045, 41.664329992750886, 42.17328789967941, 42.529523732955916, 42.99631303641772, 43.09931851265716, 43.02370788338427, 43.15917579256801, 43.25064691676485, 43.2892136338409, 43.48333780406319]}, "1": {"train": [42.05638267963566, 37.98714475076348, 37.533498578734076, 37.433452709360104, 37.42962184507015, 37.925894489034526, 38.352130302050405, 39.18003848053079, 40.162920071035174, 40.87452508683777, 41.615655152100764, 41.92056446018129, 42.503020873447056, 42.95765782753479, 43.15347726908957, 43.06883026223477, 43.08078975571056, 43.178472851049, 43.02946686563889, 43.234383636968026], "valid": [38.97508680982504, 37.78239011471151, 37.464029569485305, 37.50737047761717, 37.80591793172195, 38.3028757365788, 38.88032596144387, 39.692166862100265, 40.61095909329337, 41.43552365386959, 41.85094882988558, 42.35667919181314, 42.9648379600002, 43.47636779706559, 43.328591151748505, 43.40193540218613, 43.328735072105495, 43.42988394954068, 43.44384781344456, 43.415221486792305]}, "2": {"train": [42.31660586089804, 38.310452892299644, 37.75557300361855, 37.63275731597477, 37.708493720548724, 38.04329779970576, 38.70176245061296, 39.26383621536759, 40.12788521017123, 40.686547617080606, 41.38730452244571, 41.715712662605554, 42.166441537123205, 42.44809237671335, 42.89935686114452, 43.081539281227506, 43.05156147648872, 43.27018456152707, 43.43832652902105, 43.57840706818024], "valid": [39.20193276655727, 38.18743869411978, 38.25818590695535, 37.780055705561864, 38.290842221929104, 38.6579297811181, 39.19217886128537, 40.055661276662995, 40.531494489946255, 41.40820375377826, 41.75825432152311, 42.06164924554993, 42.56272758279752, 42.6886278360694, 43.338565941582864, 43.09990811453713, 43.23220891129699, 43.37106843294205, 43.56582737228256, 43.61675297929112]}, "3": {"train": [42.45238896919979, 38.73291413414579, 38.04794565872976, 37.71053889169937, 37.81948726565085, 38.09025274405818, 38.482369972411306, 39.016469992832626, 39.67803530216149, 40.55095667695092, 40.97223954467511, 41.53934890413032, 42.01493395304438, 42.344571795718046, 42.35739993107542, 42.41683810844427, 42.59432071233311, 42.605953424508044, 42.77389568067412, 42.91563586694759], "valid": [39.63490717870549, 38.05392115029812, 37.8137000757049, 37.909013873433366, 38.01401501326862, 38.37135179361094, 38.75736096734601, 39.62381368755254, 40.11302056028055, 40.96493284438604, 41.33709018154365, 41.59913780877204, 42.030251866912515, 42.37609087788064, 42.495394173055985, 42.625738762055775, 42.60698144202888, 42.90597620200047, 43.17757551242634, 43.01643235128416]}, "4": {"train": [42.374157476431996, 38.46272983460966, 37.620571905527186, 37.55843327399879, 37.68591875367486, 37.971758184352474, 38.59579994811881, 39.508755197987604, 40.00989142868341, 40.43558002777034, 41.133390349402994, 41.89341957877166, 42.45537271634723, 42.58668491867312, 42.802476392520276, 42.87427935898432, 42.836648287973034, 42.910885193945255, 43.10472155183592, 43.11263445549759], "valid": [39.653189203500034, 38.13243541643844, 37.95942988186235, 37.90329909123377, 37.94107108062251, 38.20239701450494, 39.03869779987693, 39.89118001907573, 40.313662829326105, 41.00636487778786, 41.719993496336876, 42.391278580067784, 42.62097312937071, 42.731521150144424, 42.96076141588847, 42.79722568797424, 42.835772672765906, 42.89100706138944, 43.192071410067385, 42.98653183168975]}}