{"0": {"train": [9.267542982256808, 9.31195834787241, 9.45057314957126, 9.7806055131398, 9.50001067188401, 9.780411126082011, 9.73721288147206, 9.582574169004618, 9.782035871318605, 9.749848298841455, 9.509522432077583, 9.873043617783868, 9.77837813708869, 6.2463825431298625, 5.837784595249354, 6.006571508837839, 6.106196678880889, 6.062955664895299, 5.990506848494968, 6.051248406812114], "valid": [9.44251398325414, 9.208908330662124, 9.918651394423355, 9.820713770552594, 9.513912598049075, 9.585198092390302, 9.402893730934903, 9.805419764745073, 10.73918002009168, 9.497940759922232, 10.254151091162594, 9.646609830153023, 10.051623636635995, 5.83209103793745, 5.9442144433305675, 6.067503894203372, 6.068563499870106, 5.994714964347219, 6.052413915059751, 6.08805718272325]}, "1": {"train": [9.493530320904469, 9.207301425438963, 9.372809081854477, 9.549074080827356, 9.727616823215566, 9.724582937535198, 9.81376673953752, 9.866907816436157, 9.609353932849835, 9.695018505963475, 9.622418286300748, 9.728575713272063, 9.6131583792962, 6.217327252085719, 5.9325192762378025, 6.033316263338414, 6.008800576513506, 6.114133105315546, 6.121270289477538, 6.160324940241378], "valid": [9.498809171202485, 9.10735566110322, 9.943725651408304, 9.750394245535414, 9.750270322399185, 9.957892066667085, 10.094718365555444, 9.757990770449936, 9.469791385142212, 9.960900803614827, 9.84291932609069, 9.69847868113519, 9.689797259182672, 5.845907361170472, 6.039509112357326, 6.1303678071156815, 6.085631646595937, 6.190528843031393, 6.317714818216387, 6.138415766312182]}, "2": {"train": [9.424943665874128, 9.213098533596714, 9.674452286176823, 9.675549490069884, 9.601700072369777, 9.814892755880614, 9.652794479148946, 9.627099753740056, 9.691097601764467, 9.850076716769612, 9.935454697420269, 9.674071807323232, 9.590991386728964, 9.95980183967829, 9.798683056122744, 9.821253224938593, 9.714822839981869, 9.6180655153441, 9.5524164216018, 9.560059178084753], "valid": [9.60768506762872, 9.48925885348577, 9.82550398769568, 9.825163604990028, 9.784746717032046, 10.118385386550097, 9.343801027943986, 9.37086429447615, 9.655764907178114, 10.16308720763358, 9.859575884065348, 9.53293499587272, 10.394208197415946, 10.234366842337925, 10.074473896267012, 9.918263767986138, 9.467309740536589, 9.22369570375352, 10.00545030687475, 9.913690036600798]}, "3": {"train": [9.384572957392235, 9.253502579440195, 9.527268825845015, 9.57234624028086, 9.597828119709888, 9.68557553195479, 9.671470529048895, 9.74860732895759, 9.800178079044118, 9.456441183201077, 9.67212024054924, 9.919199141297002, 9.678806385390198, 6.265003416770618, 5.920485970001452, 6.048927012608641, 6.026819977370106, 6.05974886932371, 6.147992773785809, 6.054074421541985], "valid": [9.456803391963748, 9.109527347285423, 9.346574534843038, 9.771299871729603, 9.773110892351335, 9.503205371957964, 10.164031538857184, 9.977861381811058, 9.685454960539438, 9.518573608562114, 9.642755288993364, 10.170513953661336, 10.118910154678701, 5.816417108332705, 6.076174605132492, 6.140964750912401, 6.1072340065303194, 6.167129820222412, 6.069980605583979, 6.0793066661586135]}, "4": {"train": [9.434273414683425, 9.202220705809303, 9.513679800240723, 9.405182963397108, 9.707293553862568, 9.71216834946272, 9.574141811985662, 9.760078077861023, 9.650031315503538, 9.742502501312035, 9.82805918220158, 9.723627159096146, 9.833208745668452, 9.871818019123236, 6.307138268574852, 5.944946847201097, 6.005486542509145, 6.118184850298389, 6.024591364800434, 6.020327239932947], "valid": [9.655728254827709, 9.653955904410852, 9.43920809392432, 9.67737476387343, 9.866708214920852, 9.520931005733665, 9.841814566159858, 9.488106872257411, 9.549275497898117, 9.821219109742076, 9.52065199021489, 9.99140696759849, 9.872470151045578, 10.380788721666907, 5.818405121903746, 6.0512092686906644, 6.060181957180217, 6.18549765795757, 5.9864238844591, 6.2205249202837125]}}