{"0": {"train": [8.077393870613642, 8.321633455050248, 8.476981893461105, 8.426375715632622, 8.412812847967635, 8.34319494599214, 8.380340920034985, 8.385929149147914, 8.460319717173618, 8.55199873991527, 8.364296064269032, 8.349401291969901, 8.354321307729355, 8.392259254188117, 8.365213605122328, 8.469739550155092, 8.351056516349598, 8.413151675939458, 8.255321730290177, 8.426997089918155], "valid": [8.177464432633816, 8.915045315350461, 8.440051542875132, 8.241602251536175, 8.493267644985089, 8.038642072220492, 8.657771128137185, 8.607180996162217, 8.395115334787395, 8.625363342136694, 8.25657718433026, 8.412036794776277, 7.957387907001181, 8.527028823789225, 8.448670813412706, 8.030062558808233, 8.959688322826215, 8.541502443467245, 8.611676348076134, 8.141618639942845]}, "1": {"train": [8.014262255757199, 8.32671801749516, 8.26725455090491, 8.453554977895125, 8.280787258500244, 8.515617176295521, 8.393707161315403, 8.437108677776608, 8.343125429424985, 8.422333763058152, 8.436646917105437, 8.226072085161274, 8.346968709356473, 8.290328679294234, 8.239847684012307, 8.34414769569885, 8.380383204827067, 8.411158141565862, 8.41002152879993, 8.351634548054623], "valid": [8.049108110352261, 8.14052790615722, 8.586899423756165, 8.91072719375844, 8.251705716038009, 8.171614253515848, 8.807825596927147, 8.24723257003961, 9.051737281143247, 8.449089188929841, 8.088251976005543, 8.005426116214151, 8.070766611081504, 8.180104388718544, 8.478372643443883, 8.384330547560369, 7.933067495346342, 8.368604604634012, 8.406772898986354, 8.139439285765187]}, "2": {"train": [8.035221295255093, 8.398239874774967, 8.297532593441515, 8.403679785903797, 8.40359354831064, 8.339543160697662, 8.39490158947808, 8.355990509871575, 8.4235766278877, 8.382811940540178, 8.420080167743368, 8.501066756156368, 8.462816988079481, 8.225019045322302, 8.274296637614375, 8.379897783099027, 8.481925937064746, 8.38754844201585, 8.497334286930872, 8.428574299945359], "valid": [8.282442635162175, 8.140836649381786, 8.534353915842361, 8.432898452241357, 8.327947896307059, 8.307854743419346, 8.664007169696493, 8.26579375491495, 8.32773122106572, 8.686543154501578, 8.66741857339016, 8.836853193271345, 8.022795842703294, 8.048593636557923, 7.986235142231738, 8.311665912540297, 8.559946094839882, 8.137707016945294, 8.687293317529807, 8.329636644065115]}, "3": {"train": [8.148521066923001, 8.220813911690154, 8.474478686277166, 8.382786484845361, 8.480235840599157, 8.296216865656355, 8.383433062113616, 8.29614187948249, 8.391294075740323, 8.32771510971447, 8.364579090899468, 8.308590711450897, 8.298022693891111, 8.345596547085151, 8.32770300082066, 5.620894893417544, 5.496177426085893, 5.5648176586496625, 5.597422979269984, 5.64724262372365], "valid": [8.593191834849714, 8.318612318520621, 8.284717035286757, 7.984695954185679, 9.02375589322423, 8.557565684447491, 8.355805598302775, 8.521728301665732, 8.530717992461927, 8.280519200285577, 8.228814565396851, 9.038901727075723, 8.035944017461311, 8.09608407074468, 8.188213322735391, 5.533768833306133, 5.659644629723662, 5.602804595776972, 5.658376549903475, 5.631128581608292]}, "4": {"train": [8.114437319959825, 8.299014493893411, 8.265401778805835, 8.43591512073381, 8.508198812738271, 8.39394263222351, 8.385214978216851, 8.433938048670163, 8.541845041925363, 8.315829169103765, 8.32698247497183, 8.318134355347187, 5.696498331039108, 5.473130199799706, 5.589777905672537, 5.58475333642407, 5.653491232660915, 5.616566372968418, 5.628210322371469, 5.665363940545837], "valid": [8.151816032563588, 8.171135731428405, 8.363739397925256, 8.351510191325348, 8.300304280208882, 8.577740366732824, 8.596700784320534, 8.184051122868722, 8.866496706302286, 8.752736892732944, 8.320041679964163, 8.198066184169011, 5.573473903204618, 5.459625685158709, 5.595932033035032, 5.702730277898333, 5.5964392453137854, 5.5775108430190805, 5.6088540473880135, 5.659156526409176]}}