{"train": [2.2596118450164795, 2.1272691965103148, 2.055839204788208, 1.8905912637710571, 1.8511456489562987, 1.7676551342010498, 1.6687129735946655, 1.6223806858062744, 1.531348991394043, 1.5454607009887695, 1.4621592044830323, 1.4427242755889893, 1.3674003601074218, 1.3776522159576416, 1.3140904188156128, 1.312924337387085, 1.291774845123291, 1.229616355895996, 1.2024841547012328, 1.1902085781097411, 1.1818082571029662, 1.158508014678955, 1.1591160535812377, 1.1424492120742797, 1.1163400411605835, 1.1003043413162232, 1.0866815567016601, 1.0886828660964967, 1.0679414033889771, 1.0635303735733033, 1.044332540035248, 1.038503062725067, 1.032021450996399, 1.034513771533966, 1.0380857467651368, 1.0347713947296142, 1.021313202381134, 1.0223426342010498, 1.0138380765914916, 0.9901493072509766, 1.007634449005127, 1.002532947063446, 0.9928425550460815, 1.0014125466346742, 1.0139072299003602, 0.9831850409507752, 0.9967864632606507, 0.9731509923934937, 0.9799363613128662, 0.9841666102409363, 0.987475311756134, 0.9845000863075256, 0.9766474843025208, 0.9766693711280823, 0.9841773867607116, 0.9667880296707153, 0.9679497838020324, 0.962180244922638, 0.9756416916847229, 0.9663589715957641, 0.96190425157547, 0.9696966290473938, 0.9846099138259887, 0.9465315818786622, 0.9731040716171264, 0.950514268875122, 0.9780220985412598, 0.96501384973526, 0.9580626845359802, 0.9682485938072205, 0.9534104228019714, 0.9433149456977844, 0.9689620852470398, 0.9622634172439575, 0.9386130809783936, 0.9707061886787415, 0.965180242061615, 0.959633183479309, 0.9597284913063049, 0.9514304995536804, 0.961154043674469, 0.940366005897522, 0.9433448672294616, 0.9543314933776855, 0.9577606320381165, 0.9449324131011962, 0.9578964471817016, 0.96855708360672, 0.9297391653060914, 0.9443299651145936, 0.949561870098114, 0.9543009877204895, 0.9400554776191712, 0.960460364818573, 0.937162435054779, 0.947079849243164, 0.9557218194007874, 0.9639054894447326, 0.9477874517440796, 0.9510836124420166], "valid": [0, 0, 0, 0, 0, 0, 0, 0, 0, 0, 0, 0, 0, 0, 0, 0, 0, 0, 0, 0, 0, 0, 0, 0, 0, 0, 0, 0, 0, 0, 0, 0, 0, 0, 0, 0, 0, 0, 0, 0, 0, 0, 0, 0, 0, 0, 0, 0, 0, 0, 0, 0, 0, 0, 0, 0, 0, 0, 0, 0, 0, 0, 0, 0, 0, 0, 0, 0, 0, 0, 0, 0, 0, 0, 0, 0, 0, 0, 0, 0, 0, 0, 0, 0, 0, 0, 0, 0, 0, 0, 0, 0, 0, 0, 0, 0, 0, 0, 0, 0]}