{"0": {"train": [29.779223767201835, 16.852664806120988, 8.39312491040711, 8.408229286123854, 7.161724035980504, 6.109574612958715, 5.914344404028096, 4.886997899046731, 4.811969005339736, 4.902049459754874, 4.981104523545011, 5.222651770355505, 5.062232789205849, 4.683712079809347, 4.615107735450115, 4.577691168828841, 4.598143142560207, 4.529305341528096, 4.63067609034547, 4.474845900229358], "valid": [24.021794724770643, 10.712126218463302, 6.696358944954128, 6.475770140481651, 5.8708228211009175, 5.618636217029817, 5.136401232798165, 5.091147147362386, 4.761105934633028, 4.809744212299312, 4.77507758744266, 4.983546176175459, 4.715051336725917, 4.622532611811927, 4.847350379873853, 4.622958178038991, 4.5368133600917435, 4.629474089736239, 4.489048433916285, 4.438181443520643]}, "1": {"train": [31.93963213159404, 17.883604456350344, 9.817950831422019, 7.16232368119266, 6.983420566943807, 7.028283467424025, 5.59319318018922, 5.788389075043004, 6.626355294043865, 7.103178912521503, 7.0405886476849195, 7.296120807052752, 6.992037297520069, 5.950208549849484, 7.588743594108371, 7.662389890338303, 6.060505348695528, 6.0527366596186924, 6.130319197068521, 5.428602283722764], "valid": [21.863696244266055, 10.084953232511468, 7.75009711869266, 6.24796892918578, 5.358303200258027, 6.463948717029816, 5.8270885894495414, 5.749766700114679, 5.5544103891915135, 6.19558602709289, 5.632349394352064, 7.584209432339449, 6.720766556766055, 5.909955651519495, 6.450539886754587, 6.513599842316514, 6.5367981293004584, 5.842879157110092, 5.721745807052752, 6.076039098337156]}, "2": {"train": [31.66298810206422, 17.680569362815366, 9.195394387901375, 8.114572597118693, 8.646928934919725, 7.8063611623781535, 7.970827211152523, 5.801828859661697, 9.106255756343177, 7.578103587299312, 8.328977789922591, 6.4040608201333145, 8.680358998709863, 9.558100630733945, 7.037979545943234, 9.028421462872707, 8.339675136181192, 7.8703494122706426, 6.7689571387614675, 6.721150663883314], "valid": [19.42469753440367, 13.537618620986239, 6.254633385894495, 7.729016628440367, 15.096244982798165, 5.801511432052752, 14.144155676605505, 8.00812464162844, 5.733789958428899, 6.257839019495413, 6.3996183342889905, 6.144893205275229, 12.35387704271789, 8.609543434633027, 17.12783221043578, 7.99294903956422, 8.169360665137615, 6.560214127006881, 6.355311604071101, 6.66751971043578]}, "3": {"train": [32.087873960722476, 16.629107027666283, 8.352894387901376, 9.20318901411984, 8.927552680619266, 7.888222790639335, 9.316085507454128, 6.712501836654243, 7.303111493871846, 7.496841626648509, 6.843837218678326, 7.030007369015195, 7.3846570832138765, 6.2367064085794155, 5.88557536553899, 6.715186263618119, 5.716162938109232, 5.482424943556479, 6.513585216277236, 5.441678164420871], "valid": [20.068647864105504, 12.979587872706421, 9.823994767775229, 7.73575186353211, 15.650379336295872, 6.695205705275229, 6.605134568520643, 10.7507430834289, 6.638477458428899, 6.5265625, 6.230579307626146, 6.760788059059633, 6.771873476920872, 7.518604859518349, 8.260276304472477, 6.383092388188073, 6.961676820527523, 5.9244932626146785, 5.593932231938074, 5.3876170979071105]}, "4": {"train": [29.98847880232225, 16.39478977028383, 10.130002687786698, 6.882467119409403, 5.954838038453269, 5.792200222190367, 5.56917715650086, 5.720760419653097, 5.03136465650086, 4.9213157835794155, 4.8906605011826265, 4.915376917287844, 4.50810493119266, 4.528448811102351, 4.726276989858085, 4.553288305440081, 4.550788417431193, 4.459732834002294, 4.427858304364966, 4.4181317866614105], "valid": [22.07251971043578, 9.293804293291284, 8.126909582855504, 8.440050351204128, 5.564893922018348, 6.075441961725917, 4.943491793291284, 4.783199989248853, 4.991147505733945, 4.741602906393348, 4.750673021788991, 4.667840721760321, 4.617733568663991, 4.585572677752293, 4.578414743405963, 4.572468284116972, 4.55407208643922, 4.945429956278669, 4.57907172806766, 4.623521448537844]}}