{"train": [2.220653772354126, 2.146355907122294, 2.046457290649414, 1.84427543481191, 1.88092037041982, 1.7044416268666585, 1.6250013907750447, 1.69057035446167, 1.6219473282496135, 1.5763049523035686, 1.5365904172261555, 1.5358930428822835, 1.4643118778864543, 1.404508113861084, 1.4229896465937297, 1.3484874566396077, 1.3910752932230632, 1.3216671546300252, 1.2914004723230998, 1.2657125393549602, 1.2496731281280518, 1.2230140368143718, 1.2922191619873047, 1.1748714447021484, 1.1249975363413494, 1.1607919931411743, 1.1779158512751262, 1.097157597541809, 1.1067204872767131, 1.1130190292994182, 1.0883338848749797, 1.0851178963979085, 1.0526594122250874, 1.076102574666341, 1.0634056727091472, 1.0474324226379395, 1.0320448875427246, 0.985214352607727, 1.0184501608212788, 0.9801909923553467, 1.0079396963119507, 0.9537553588549296, 0.9623166918754578, 0.9655405084292094, 0.9832118550936381, 0.9575048685073853, 0.9512598911921183, 0.9433943033218384, 0.9710415005683899, 0.9610983729362488, 0.946022629737854, 0.9334129095077515, 0.9274616241455078, 0.9370572566986084, 0.9377347230911255, 0.9215696255366007, 0.9192068179448446, 0.9184144536654154, 0.9262111783027649, 0.9340565403302511, 0.9144330819447836, 0.9189739227294922, 0.8863932490348816, 0.911015530427297, 0.9190245072046915, 0.9187144041061401, 0.8957231839497884, 0.9053358832995096, 0.9195539752642313, 0.9135997692743937, 0.909686287244161, 0.9064505100250244, 0.9008277654647827, 0.8891997337341309, 0.8933921853701273, 0.9021089673042297, 0.8959925969441732, 0.9156062602996826, 0.8960039615631104, 0.8848265409469604, 0.86393670241038, 0.8788573543230692, 0.8894189993540446, 0.873794158299764, 0.9101992050806681, 0.8912403583526611, 0.9007209142049154, 0.8802618980407715, 0.8810083071390787, 0.8613251248995463, 0.8814176122347513, 0.8754623730977377, 0.8578758438428243, 0.8845385114351908, 0.8690859079360962, 0.8821624914805094, 0.8963405092557272, 0.8774048288663229, 0.8731484015782675, 0.8624568581581116], "valid": [0, 0, 0, 0, 0, 0, 0, 0, 0, 0, 0, 0, 0, 0, 0, 0, 0, 0, 0, 0, 0, 0, 0, 0, 0, 0, 0, 0, 0, 0, 0, 0, 0, 0, 0, 0, 0, 0, 0, 0, 0, 0, 0, 0, 0, 0, 0, 0, 0, 0, 0, 0, 0, 0, 0, 0, 0, 0, 0, 0, 0, 0, 0, 0, 0, 0, 0, 0, 0, 0, 0, 0, 0, 0, 0, 0, 0, 0, 0, 0, 0, 0, 0, 0, 0, 0, 0, 0, 0, 0, 0, 0, 0, 0, 0, 0, 0, 0, 0, 0]}