{"train": [1.9489539912049199, 1.5890823904897127, 1.3765646135303335, 1.2362436240827535, 1.11960562853746, 1.048789812645442, 1.0089202884217383, 0.9815443880121473, 0.9625245038892182, 0.9480269274241487, 0.9366290115974318, 0.9338245072834929, 0.9286732220313918, 0.9236897062247907, 0.9180062278895311, 0.9170747390935119, 0.9151166660684935, 0.9142216872161543, 0.9158811384523419, 0.9181658197456682, 0.915370267041972, 0.9136912545687715, 0.9140893514727203, 0.9099727810268671, 0.9121888514975427, 0.91328918765968, 0.9122647198153214, 0.9095577723543409, 0.9116224705333441, 0.9096197628639113, 0.9131829604296617, 0.9117038241574462, 0.9126190115028704, 0.9109650170299369, 0.9147057306598609, 0.9101089457391014, 0.9093622800330041, 0.9110361455192029, 0.9090122446207933, 0.9121607374137556, 0.9081663598477001, 0.9135245118342655, 0.9105530162932167, 0.9119109654090773, 0.9114867927322925, 0.9088899845808325, 0.9092991352081299, 0.9117264201943304, 0.9079196595809829, 0.9082571914498235, 0.9071362614631653, 0.9084964277039111, 0.9078909469322419, 0.9078929634161399, 0.9088552543814753, 0.9096342392370734, 0.9114753578750181, 0.907104878358438, 0.9100712336285014, 0.9072720324489433, 0.9067243035410492, 0.9057302122384729, 0.9088849341365653, 0.9065524213750598, 0.9068079842648036, 0.9082973364373328, 0.9083575488815845, 0.9084057975822771, 0.9087189561884168, 0.910576796867478, 0.9065068842659534, 0.90816412425377, 0.9068424080459165, 0.9039714361580324, 0.9079667522873677, 0.90648473316515, 0.907247930345401, 0.9089234362185841, 0.9090145532514008, 0.9051775369845646, 0.9070167994835008, 0.9077625467743672, 0.9041584453112642, 0.9080016705351817, 0.9043626063306567, 0.9070965958313203, 0.906215962389825, 0.9079337094871092, 0.907467331684811, 0.9054626746916435, 0.9076562591002021, 0.9062612887839196, 0.9084364016291121, 0.9059552273280184, 0.9069227601440859, 0.9051014042236436, 0.907542993485088, 0.9049841686033867, 0.9113208173026501, 0.9076666437404256], "valid": [0, 0, 0, 0, 0, 0, 0, 0, 0, 0, 0, 0, 0, 0, 0, 0, 0, 0, 0, 0, 0, 0, 0, 0, 0, 0, 0, 0, 0, 0, 0, 0, 0, 0, 0, 0, 0, 0, 0, 0, 0, 0, 0, 0, 0, 0, 0, 0, 0, 0, 0, 0, 0, 0, 0, 0, 0, 0, 0, 0, 0, 0, 0, 0, 0, 0, 0, 0, 0, 0, 0, 0, 0, 0, 0, 0, 0, 0, 0, 0, 0, 0, 0, 0, 0, 0, 0, 0, 0, 0, 0, 0, 0, 0, 0, 0, 0, 0, 0, 0]}