{"train": [1.4430049115961248, 1.2861552075906233, 1.1886586330153726, 1.128716690973802, 1.063352037559856, 1.0314159799705853, 0.9812570431015708, 0.9735089648853649, 0.9502493657849052, 0.9292326515371149, 0.917781412601471, 0.8975199271332134, 0.8932393626733259, 0.8767793828790839, 0.8721056390892375, 0.862264568155462, 0.8588414192199707, 0.8580209477381273, 0.8482839410955255, 0.8495207212188027, 0.8487558689984408, 0.8467437868768518, 0.8402325104583394, 0.8391217860308561, 0.8394001695242795, 0.8317962505600669, 0.8357706097039309, 0.8383678685535084, 0.8289047452536497, 0.8314245261929252, 0.832481018521569, 0.8298478695479307, 0.8311402499675751, 0.826570372689854, 0.8312629596753554, 0.8216761431910775, 0.8308989757841284, 0.8223453164100647, 0.8246551156044006, 0.8229581659490411, 0.8272514126517556, 0.8251490267840299, 0.8270639235323126, 0.8257105513052507, 0.8219391134652224, 0.8213590952483091, 0.8247887844389136, 0.8200075924396515, 0.8205756870183077, 0.8208393319086595, 0.8248974437063391, 0.8189475834369659, 0.8227293247526343, 0.8207452161745592, 0.8208923908797178, 0.8221204633062537, 0.8217026808045127, 0.8222726095806469, 0.8222884075208143, 0.8185750842094421, 0.8194296793504194, 0.8243992003527555, 0.8242131525819952, 0.8221712518822063, 0.8202668726444244, 0.8231358907439492, 0.8191815181211992, 0.8244731182401831, 0.8193425319411538, 0.8211401890624653, 0.818298423832113, 0.8235706334764307, 0.8219699886712161, 0.8185360946438529, 0.8213684450496327, 0.8187171058221296, 0.8225600611079823, 0.8254124088720842, 0.8214334330775521, 0.8192279393022711, 0.8199630379676819, 0.8178567534143274, 0.8192769234830682, 0.821307282556187, 0.8204122700474479, 0.819496666843241, 0.8231295943260193, 0.8200955174186013, 0.8221142752604051, 0.8214531974358992, 0.8184076087041334, 0.8207512606273998, 0.8210991458459334, 0.8196862394159491, 0.8196534812450409, 0.8229568492282521, 0.82246840542013, 0.8240194320678711, 0.8188778974793174, 0.8216081234541807], "valid": [0, 0, 0, 0, 0, 0, 0, 0, 0, 0, 0, 0, 0, 0, 0, 0, 0, 0, 0, 0, 0, 0, 0, 0, 0, 0, 0, 0, 0, 0, 0, 0, 0, 0, 0, 0, 0, 0, 0, 0, 0, 0, 0, 0, 0, 0, 0, 0, 0, 0, 0, 0, 0, 0, 0, 0, 0, 0, 0, 0, 0, 0, 0, 0, 0, 0, 0, 0, 0, 0, 0, 0, 0, 0, 0, 0, 0, 0, 0, 0, 0, 0, 0, 0, 0, 0, 0, 0, 0, 0, 0, 0, 0, 0, 0, 0, 0, 0, 0, 0]}