{"train": [1.6332391066984697, 1.4230979789387097, 1.279168118130077, 1.1813408055088737, 1.107088939710097, 1.052697479724884, 1.0058771967887878, 0.9864732108332894, 0.9557249952446331, 0.9335633787241849, 0.919260249896483, 0.9063635224645789, 0.9033520817756653, 0.8908714299852197, 0.8807756494392048, 0.8734000298109922, 0.8662525659257715, 0.8618552576411854, 0.8654577108946714, 0.8492096879265525, 0.84583319588141, 0.8447872264818712, 0.8434510366483168, 0.8403608771887693, 0.8442333584482019, 0.8358487649397417, 0.8373963155529716, 0.8366500301794573, 0.8332032019441779, 0.8310405910015106, 0.8271464515816082, 0.8316972120241686, 0.8271274702115492, 0.8294589492407712, 0.8325850123708899, 0.8300886208360846, 0.8219415139068257, 0.8337786089290272, 0.8266437595540826, 0.8258113346316598, 0.826553916389292, 0.8278316178105094, 0.8263220407746055, 0.8244905065406453, 0.8241344040090387, 0.8235845376144756, 0.8260408748279918, 0.8203847543759779, 0.8288379555398767, 0.8232416158372705, 0.8266133882782676, 0.8236833783713254, 0.8213448497382078, 0.8207758285782554, 0.8232543766498566, 0.8218364282087847, 0.822379860011014, 0.8262997567653656, 0.8227247053926642, 0.825863082300533, 0.8238810002803802, 0.8238904259421609, 0.8224175680767406, 0.8258909474719655, 0.8249312178655104, 0.8258434642444957, 0.825992305170406, 0.8193756558678367, 0.8224174515767531, 0.8247094316916033, 0.8278568847612902, 0.8215209137309681, 0.8261645571752028, 0.823121038350192, 0.8183934363451871, 0.8235055885531686, 0.8251869488846172, 0.825538616288792, 0.8235371952707117, 0.8242010203274813, 0.8192170560359955, 0.8205744624137878, 0.8221304389563474, 0.8230658390305259, 0.8213337903672998, 0.8261697915467349, 0.8213523517955433, 0.817912835966457, 0.8213040259751406, 0.8272968205538663, 0.8241560946811329, 0.8249665742570703, 0.8229648768901825, 0.8219110369682312, 0.8228926441886208, 0.824639534408396, 0.8193009766665372, 0.8235674392093312, 0.8183100304820321, 0.821396220814098], "valid": [0, 0, 0, 0, 0, 0, 0, 0, 0, 0, 0, 0, 0, 0, 0, 0, 0, 0, 0, 0, 0, 0, 0, 0, 0, 0, 0, 0, 0, 0, 0, 0, 0, 0, 0, 0, 0, 0, 0, 0, 0, 0, 0, 0, 0, 0, 0, 0, 0, 0, 0, 0, 0, 0, 0, 0, 0, 0, 0, 0, 0, 0, 0, 0, 0, 0, 0, 0, 0, 0, 0, 0, 0, 0, 0, 0, 0, 0, 0, 0, 0, 0, 0, 0, 0, 0, 0, 0, 0, 0, 0, 0, 0, 0, 0, 0, 0, 0, 0, 0]}