{"0": {"train": [10.869850158691406, 5.468832015991211, 0.9920216202735901, 0.236469566822052, 0.005317227449268103, 0.0022450408432632685, 0.000101344077847898, 1.5199191693682224e-05, 1.5199191693682224e-05, 1.5199191693682224e-05, 1.5199191693682224e-05, 1.5199191693682224e-05, 1.5199191693682224e-05, 1.5199191693682224e-05, 1.5199191693682224e-05, 1.5199191693682224e-05, 1.5199191693682224e-05, 1.5199191693682224e-05, 1.5199191693682224e-05, 1.5199191693682224e-05], "valid": [6.950679302215576, 7.773676872253418, 12.639312744140625, 19.176725387573242, 26.07166862487793, 32.91009521484375, 39.50708770751953, 45.70989990234375, 48.34109878540039, 48.34109878540039, 48.34109878540039, 48.34109878540039, 48.34109878540039, 48.34109878540039, 48.34109878540039, 48.34109878540039, 48.34109878540039, 48.34109878540039, 48.34109878540039, 48.34109878540039]}, "1": {"train": [10.762852668762207, 5.691864490509033, 3.153329849243164, 1.1745883226394653, 2.1216585636138916, 1.655287504196167, 0.5520924925804138, 1.20147705078125, 0.06477797031402588, 0.021132932975888252, 0.2706497013568878, 0.0029657920822501183, 0.4063583016395569, 0.1585044264793396, 0.004447636194527149, 0.0169511791318655, 0.10524442046880722, 0.0009640490752644837, 6.735495844623074e-05, 0.0169121865183115], "valid": [7.723813056945801, 3.9120914936065674, 2.657813787460327, 2.360344409942627, 1.3742598295211792, 1.5109184980392456, 2.185682535171509, 4.004136562347412, 5.907894134521484, 7.76580286026001, 8.134498596191406, 8.488799095153809, 7.535269260406494, 6.178139686584473, 4.915521144866943, 3.6634953022003174, 2.9830830097198486, 2.431901693344116, 1.9882899522781372, 1.6082321405410767]}, "2": {"train": [9.786084175109863, 4.827566623687744, 1.8393723964691162, 1.321398138999939, 0.4429416060447693, 0.10163962095975876, 0.5908524990081787, 0.5217785835266113, 0.04973829165101051, 0.622133731842041, 0.0005782783264294267, 0.00012125555076636374, 0.000491282669827342, 0.0004436609451659024, 0.031141098588705063, 0.06109870970249176, 1.8104923583450727e-05, 0.00013177626533433795, 3.524142812239006e-05, 0.00044497306225821376], "valid": [5.117629051208496, 2.160012722015381, 1.2203260660171509, 1.2195321321487427, 1.5521780252456665, 1.873957872390747, 1.6778219938278198, 1.3247512578964233, 1.1305216550827026, 2.060210704803467, 3.441166639328003, 5.199721336364746, 7.133874893188477, 9.064351081848145, 10.218789100646973, 10.077727317810059, 9.830500602722168, 9.481032371520996, 9.098660469055176, 8.663830757141113]}}