{"0": {"train": [50.67886973675919, 46.213615949103755, 45.913881193535715, 45.484413226661566, 44.989767203670084, 44.626073922700236, 44.10560987797021, 43.90502160744088, 43.649692790295745, 43.70394711884021, 43.7797397379371, 43.948045923536235, 44.33471746058538, 44.9374203547539, 45.233050306120695, 45.46166737619635, 45.63720410131798, 45.8987482299892, 46.1781870363983, 46.40363901138033], "valid": [46.58948677860969, 46.17294383570946, 45.718024800341944, 45.375352884331626, 44.85513186458184, 44.409150178587, 44.26746913676849, 43.92031835462423, 43.78704546667643, 43.729824854864006, 44.00043364740574, 44.269876702521934, 44.65414215188321, 45.098384506219034, 45.52958231413035, 45.908511270011914, 45.85343971749133, 45.98850830881564, 46.58149346992819, 46.48889728676592]}, "1": {"train": [50.7873238822663, 46.350804086440384, 45.59001917476766, 45.10612394131207, 44.6303138312633, 44.310767589268345, 43.92735704691356, 43.84281065331319, 44.093289374077095, 44.28742352178772, 44.34677019445387, 44.73265711229952, 45.138641975283846, 45.329505019816295, 45.70714232760926, 45.8925418938361, 45.830586957256074, 45.82246333428046, 45.30870391719074, 45.181849968861506], "valid": [46.93840332729893, 46.02494408763995, 45.71221417312306, 45.003672885935714, 44.73911914942789, 44.38767737485357, 43.95367303265064, 44.172996722947445, 44.44404507515716, 44.50077279467903, 44.76158309982372, 45.02440864802055, 45.676870363808305, 45.64626831980389, 46.161119154038936, 45.99372298524076, 46.03200855983789, 46.18422610006852, 45.467999815139194, 45.207426865054124]}, "2": {"train": [50.8103954769849, 46.43911004131283, 45.80545464004121, 45.30969765538019, 44.760443668471915, 44.49439796560192, 44.401930061937456, 44.45154724033763, 44.378025296727444, 44.39993349665616, 44.4551775483789, 44.50096198052087, 44.74369231046807, 45.1470708832036, 45.423328602155365, 45.529372579465694, 45.76733920672776, 45.86946684957011, 46.14382589178922, 46.4512314058916], "valid": [46.68403305641007, 46.20191771081119, 45.677014799414145, 45.37645149967807, 44.725651636095, 44.675355243996705, 44.76967120556075, 44.72420190048928, 44.425174286853675, 44.73804765014386, 44.5914831670471, 44.58643617355733, 44.88734163346252, 45.31567124314771, 45.57511420010463, 45.740286380201816, 46.036593156782644, 45.9876848450886, 46.32012149113786, 46.53638904837345]}, "3": {"train": [50.64886936150083, 46.147793729309704, 45.487571230533725, 45.244051251156954, 44.94073631296446, 44.34579343764392, 43.936812869808946, 43.8539231890243, 43.95010154375891, 43.96641471973047, 44.35186026798739, 44.51751529302255, 44.861728294329986, 45.172481174990246, 45.49304028487987, 45.68374208053783, 45.81398283816114, 45.92884502009715, 46.046348046703834, 45.576411561779004], "valid": [46.37736514942007, 45.737440189214745, 45.41005685063694, 45.21812962291749, 44.74398875758446, 44.42965655886985, 44.10516441258976, 43.90477024896545, 44.27045087313546, 44.175258726534, 44.69846537758274, 44.785697270026446, 45.18264122953536, 45.23596359080452, 46.037375531597085, 45.93560344757722, 45.785319042437784, 46.10025784624443, 46.38982031229041, 45.39202114972524]}, "4": {"train": [50.77959648347375, 46.37031272007239, 45.756032808636505, 45.30747562506148, 44.79063697822583, 44.46167511584541, 44.22648274559101, 44.281166403057206, 44.4588791463385, 44.53151761937984, 44.810642676354135, 45.10868200557838, 45.279542637785575, 45.68983884334632, 45.9651690117534, 46.00093832928866, 46.323952885959464, 46.42339441209652, 45.54595293379901, 45.43849348056502], "valid": [46.599725506851165, 46.012779621184855, 45.716629611250156, 45.25977485581416, 44.796099821203406, 44.50648607479722, 44.29821149438794, 44.57373415408924, 44.63150716506799, 44.71772821786356, 45.12907310329737, 45.07146100715466, 45.75120189217543, 46.08663406404819, 46.06393744823059, 46.20222488645662, 46.50158532465079, 46.403641705520506, 45.62433886586008, 45.432942667579184]}}