{"0": {"train": [65.10233297074244, 53.050777681793384, 49.601821414309825, 48.036281603442326, 46.97965999796566, 46.211210510362754, 45.518056199214925, 44.88037316920229, 44.234514163331625, 43.56876260526275, 42.904246235928305, 42.475999528656274, 41.82253902819284, 41.40670837051252, 41.088030328472996, 40.5905931879649, 40.2191897569136, 39.7932332948744, 39.4571068894331, 39.06545609222896], "valid": [56.58753223782348, 50.972823121983104, 48.66454454842954, 47.56705160880095, 46.91156311280672, 46.08488229397124, 45.169621521143405, 44.59528078594295, 44.11229561324668, 43.39786224733508, 42.81623848761397, 42.38680999011129, 41.745070061615884, 41.33907039577886, 41.143253967006906, 40.775001466545994, 40.219764797449045, 39.9586397497863, 39.547928412128755, 39.49236546273716]}, "1": {"train": [65.16017014963788, 53.180610002532966, 49.67296919546932, 48.070592005153514, 47.07260717766563, 46.21309316164528, 45.61746307685265, 44.76974430794443, 44.24081182867957, 43.68775011818948, 42.902511275663855, 42.4431828895366, 41.92120189219443, 41.406428410330825, 41.023296562385816, 40.63318204180927, 40.262868625860456, 39.76222298997225, 39.440317341368925, 39.082519727665044], "valid": [56.66695840456557, 50.741279734219965, 48.85850612387704, 47.81827075372084, 46.909863595509854, 45.85329714892984, 45.26984833819389, 44.60334037275409, 43.90883772040091, 43.59214507491955, 42.962847309516626, 42.4489307046544, 41.66913707648247, 41.63469753536471, 41.15408976466127, 40.67367602323009, 40.37311715136012, 39.87730504366117, 39.66416365239089, 39.12272056851703]}, "2": {"train": [65.1273270534119, 53.256785386815075, 49.58112580938711, 48.114037565764995, 46.94512157148376, 46.06524440918984, 45.47455631674969, 44.7267123221213, 44.179577448651344, 43.61972993560101, 43.0351211080752, 42.40310156506649, 41.84299924605431, 41.46849020182248, 40.988842420872494, 40.60748897692589, 40.174375609017574, 39.84704991348834, 39.519190833268034, 39.10821386628399], "valid": [56.65487113250872, 50.75805052565198, 48.83614530432924, 47.541345519282984, 46.78787205748022, 45.97854660578406, 45.55281550641928, 44.51518176266258, 44.035686877765485, 43.646163201427996, 42.7795422464761, 42.38976081158655, 41.805806461496886, 41.55020599733508, 41.346342172415525, 40.541908306306986, 40.51883982594194, 39.81030260343339, 39.56501161713931, 39.11810259850999]}, "3": {"train": [65.12505613541931, 53.25889783060371, 49.69120654173133, 48.245431281342604, 47.09104647787497, 46.263165647962225, 45.51570304224379, 44.87115346672027, 44.19449420546815, 43.625348603965676, 43.02990763412372, 42.43890453123743, 42.0222741271525, 41.349479161647174, 40.9673875015818, 40.6302385135959, 40.189317660818354, 39.68282308611611, 39.45324948458074, 38.97386000905395], "valid": [56.54898043627648, 51.06378403957998, 48.918823117792975, 47.81730749488804, 46.866162593858945, 46.050106246019375, 45.239975372502684, 44.930610389535566, 44.40364225862748, 43.71036965862999, 42.9217517315718, 42.55765337975999, 41.80986305864927, 41.43563499870106, 41.05433348627313, 40.77009702249263, 40.53435359104736, 40.05219794652135, 39.66526586645632, 39.36644401355927]}, "4": {"train": [65.16993746359823, 53.16476352862488, 49.6441339731664, 48.12448379545245, 46.99420590593783, 46.18955474223359, 45.46888335093188, 44.73740659280512, 44.111057629103186, 43.473053346788895, 42.986842227934766, 42.436921195544, 41.91532326470946, 41.5116400704623, 40.90956222685581, 40.502765686411614, 40.07452977559751, 39.72783937707411, 39.433210320241265, 39.045844096733376], "valid": [56.449354962764495, 50.791050928750536, 48.76592447951586, 47.675191640700426, 46.61181038261304, 46.022178009890915, 45.225075722354546, 44.76260762929763, 43.989181495638675, 43.53927873547204, 43.01704460099848, 42.55597750113978, 41.885548737089515, 41.49509352508263, 40.92867288382824, 40.821260895449775, 40.280497202518234, 39.895275300113305, 39.60956712782933, 39.044860250574914]}}