{"0": {"train": [48.959192906514986, 51.65580166338477, 54.11731111303673, 56.54814892169141, 59.42300205579023, 63.01326500767908, 66.63853530597012, 65.55306438069283, 64.2963064176056, 63.86036329732035, 63.689783838828546, 66.7450436859036, 69.65442387697192, 69.34120959926803, 68.9452489556588, 68.43217864194484, 68.52067530827316, 68.91648608724324, 68.50394177239951, 68.08932179617437], "valid": [50.97435014719538, 52.547978300589335, 55.699840937194786, 56.63370674777288, 61.36093490454266, 64.65457740405247, 66.47883274479845, 64.75461277510692, 64.52474580703579, 63.01657500097113, 64.77454981821394, 71.47343800868651, 69.43792862619495, 69.25356600808719, 68.86656620878715, 68.52492014777806, 69.14260725886409, 69.0414563324997, 68.15317793808083, 67.61982596446964]}, "1": {"train": [49.0126715610502, 51.199238953545375, 52.68981814005525, 53.82434521003132, 56.75208282222314, 59.337124638937496, 60.73637944316138, 62.78114979879697, 66.504470879841, 67.93804228743673, 67.77914167766541, 70.68175120978484, 69.42927256137716, 69.27258048236934, 68.90476923042239, 68.88703798913969, 68.45151543643358, 68.32834382116042, 68.78812783312091, 68.8060260210103], "valid": [50.172789710844086, 52.064286963705676, 53.170255122473215, 55.51057021677445, 58.65320738987399, 59.73794540128892, 61.54116140993104, 64.01143348091408, 67.57624277318315, 67.60145636949508, 67.42933511897715, 71.64029978746153, 69.36896333618814, 69.36207890005328, 68.8166071811738, 68.91617320220936, 68.39389423574937, 68.28023164427829, 69.26175921370013, 69.33149302498298]}, "2": {"train": [49.0894373884903, 51.29244093599008, 53.739318307522126, 55.006212257811804, 58.234610317832114, 57.723837326428715, 59.237527519020816, 58.84088913895553, 59.185841257131074, 61.52331823693978, 64.77935473980376, 64.79014659073988, 61.94450943797494, 62.34969062995984, 62.73143109920467, 62.590645937694234, 62.75329640786166, 62.32793199688952, 64.73329792558435, 67.07200035591768], "valid": [50.024458370251644, 53.00444499526459, 54.960379794601636, 57.54974636196653, 57.40681097139702, 58.05426086808741, 58.784677419914246, 59.59939549544217, 60.45361331015264, 61.48400863009796, 65.65911430972164, 64.13254665349014, 61.47466128414674, 62.39128684162092, 62.761909362930254, 63.17990730459964, 62.512187897700365, 63.5284666754839, 65.51573439650356, 67.03232173890324]}, "3": {"train": [49.143650652920364, 51.27029111172771, 53.413127579599056, 56.61962399995375, 56.61533813702368, 56.18070941864364, 59.71384035099889, 60.32543392902562, 62.49265860560026, 67.93217812817934, 70.00792620467999, 69.89059543215872, 69.60303716356826, 70.17206574581483, 70.28023558892897, 69.73573886364687, 70.85645703269515, 71.69400498288938, 72.04470037631798, 71.69630711246762], "valid": [50.80863184593841, 51.19529183338698, 55.0932315137002, 57.36786198309766, 56.085317877365995, 57.825374201546126, 59.51137004787486, 60.41287513804719, 64.63700999026963, 68.59305213328005, 69.58455604531093, 71.26518201187253, 69.4988772392781, 70.53301067981191, 70.11311822944415, 70.22036124430237, 71.67922520376413, 71.9925978262076, 72.16502137303543, 72.45209149592287]}, "4": {"train": [48.92510941979976, 52.501567464102386, 54.905796705917034, 59.24212826315668, 62.009266649613856, 62.09074054725074, 62.404463638491954, 66.02214143573113, 65.90638172574454, 67.69415659394654, 70.14203019503792, 69.53134974449685, 67.53638088032973, 67.62306387723132, 67.65751482727525, 68.08979431129764, 67.38707784897568, 67.05207670007862, 67.14009287279181, 67.19685020839114], "valid": [50.624710407278535, 53.80103179293938, 56.92110342717768, 60.85458352525824, 62.57406333128922, 61.44697230361688, 64.08034392943823, 65.71605729929742, 65.93541469538974, 70.71381989997707, 69.33788079751969, 69.77413663851151, 67.12013629327791, 67.873775784996, 67.54715508318904, 67.76276410486223, 66.92310493806606, 66.98387639989566, 67.54630746301167, 66.58354034631579]}}