metrics,mean
P_2,0.0
P_5,0.08
P_10,0.18000000000000002
recall_2,0.0
recall_5,0.16666666666666666
recall_10,0.8333333333333333
ndcg_cut_2,0.0
ndcg_cut_5,0.09974149711679382
ndcg_cut_10,0.3644776155239643
map_cut_2,0.0
map_cut_5,0.04722222222222222
map_cut_10,0.1776719576719577
success_2,0.0
success_5,0.4
success_10,1.0
aucroc,0.38552188552188554
skill_coverage_2,0.6666666666666667
skill_coverage_5,1.0
skill_coverage_10,1.0
