metrics,mean
P_2,0.2
P_5,0.12000000000000002
P_10,0.16
recall_2,0.2
recall_5,0.3
recall_10,0.7666666666666667
ndcg_cut_2,0.2
ndcg_cut_5,0.25281362451451816
ndcg_cut_10,0.4449368204693524
map_cut_2,0.15
map_cut_5,0.175
map_cut_10,0.283015873015873
success_2,0.4
success_5,0.6
success_10,1.0
aucroc,0.48653198653198654
skill_coverage_2,0.9
skill_coverage_5,1.0
skill_coverage_10,1.0
