metrics,mean
P_2,0.2
P_5,0.2
P_10,0.16
recall_2,0.2
recall_5,0.5
recall_10,0.7666666666666667
ndcg_cut_2,0.2
ndcg_cut_5,0.3700689811069509
ndcg_cut_10,0.48409769881973785
map_cut_2,0.15
map_cut_5,0.30333333333333334
map_cut_10,0.35888888888888887
success_2,0.4
success_5,0.6
success_10,1.0
aucroc,0.5505050505050505
skill_coverage_2,0.9
skill_coverage_5,1.0
skill_coverage_10,1.0
