{"0": {"train": [47.10676246207228, 46.27060407882872, 45.0990739982666, 44.7492293838498, 43.841764573610234, 42.83053029685672, 42.19189961017468, 41.51959999874336, 40.90350389634919, 40.44750975610499, 39.68275056758292, 39.4466431163863, 38.799328201540874, 38.135267243782295, 37.43063121846973, 36.87454808042351, 35.88505779406926, 34.55403767372112, 32.64120331197297, 28.427571935090295], "valid": [46.4279381555092, 45.4981689453125, 44.58017191467476, 43.87204780983166, 43.16765871958218, 42.71440734672903, 41.78614008493596, 41.24590627535834, 40.892202528431795, 40.351344460185736, 39.542653350925264, 39.029059816433055, 38.83042048158604, 38.21976583746174, 37.301924164713135, 36.59695629707665, 35.63696804986622, 33.8137129071498, 31.082688382173135, 25.334893096333655]}, "1": {"train": [47.15044787833276, 46.04300220331083, 45.39590359258475, 44.65177950383999, 43.59160235266073, 42.78090574696274, 42.051571915288676, 41.69220645909747, 40.85938581472997, 40.48177133472046, 39.693702861676556, 39.10452510769034, 38.654321103422326, 38.04354706673298, 37.52941681759054, 36.911448072350545, 35.7146955234634, 34.52534724708002, 32.386854748085334, 27.229845382205504], "valid": [46.64021705822579, 45.43103413810896, 44.87683648045778, 44.43879943390749, 43.331593380819164, 42.92603260594759, 42.06764284016115, 41.38087559519748, 40.94511177505617, 40.06620028966379, 39.95506556005829, 39.212012754405805, 38.64414576329965, 37.87298107087724, 37.29753839084675, 36.49397897512111, 35.639120548126925, 34.28335155313341, 30.032307768195253, 23.335050129548357]}, "2": {"train": [47.170889431922866, 46.09402412748333, 45.34098790571934, 44.502333586834936, 43.592179878578165, 42.989302683311664, 42.22299586782996, 41.788135915597216, 40.94244316700217, 40.31634254458541, 39.92603771855565, 39.27143809052216, 38.59339899192369, 38.3230703199634, 37.61775715511191, 37.05441560487168, 36.13324355870859, 35.282068036735446, 34.17681594416679, 30.967559302772607], "valid": [46.871211383815414, 46.29887414651697, 45.29379170116852, 43.98577898948097, 43.54148632210812, 43.10742362674992, 42.35651243117908, 41.59318110017207, 41.35690254779078, 40.33719352373484, 39.89268580049792, 39.52103550812325, 38.339071980394415, 38.24469992828488, 37.83966061597011, 37.391789989861174, 36.54296180012259, 35.350745937006465, 33.22858060159358, 29.805641856213626]}, "3": {"train": [47.21224845880876, 46.19927864755956, 45.44584607568554, 44.60414578692827, 43.514755400147685, 42.860005809263626, 42.32963811307228, 41.64780126454296, 40.97775022710047, 40.558710951017886, 39.94934692240018, 39.223651589985096, 38.674582841866176, 38.18561701568958, 37.451953979863454, 36.699605494795726, 35.99130410143303, 34.44737591952083, 32.076560057261, 27.170185735554217], "valid": [46.73180298365663, 46.1956957619381, 44.893682355795946, 44.427840317788764, 43.594354677416014, 42.724630595927046, 41.91339969114364, 41.30097858843687, 40.42501656355714, 40.12393560247402, 39.130732968154405, 38.907164099286746, 38.78484450515654, 37.99561702649133, 37.58734743971848, 37.05191486068866, 35.60084328289207, 34.06089430222774, 29.890815064866537, 23.10132699435967]}, "4": {"train": [47.24847527772972, 46.082326368284164, 45.34883426707016, 44.47262792907824, 43.58279620047656, 43.201777214473324, 42.238531321359204, 41.621102879332426, 41.077338449465806, 40.37490901606397, 39.83169021850386, 39.24991836434806, 38.76820950544188, 38.13138498750871, 37.54145833574498, 36.70014697178044, 35.8677775794943, 34.55309790139971, 32.57016696854072, 28.101615100757368], "valid": [47.093518892775236, 45.638064569959106, 45.11810235139677, 44.66823448284686, 43.61581924050521, 42.85212499261218, 42.16952043865646, 40.905137657840285, 40.840842390261244, 40.83982835554552, 39.40814486979471, 39.157211129964004, 38.85573149344754, 38.306975342520424, 37.539640815483764, 36.32641571097284, 35.38650701674856, 34.51486530223627, 30.306133621922708, 25.140039020610327]}}