{"0": {"train": [6.40250301361084, 4.749407768249512, 4.411623001098633, 4.031147003173828, 3.6750199794769287], "valid": [6.8575358390808105, 7.232584476470947, 7.241845607757568, 5.4011664390563965, 5.433455944061279]}, "1": {"train": [6.849296569824219, 5.706706523895264, 5.847031593322754, 5.555930137634277, 4.681963920593262], "valid": [5.785791873931885, 4.045327663421631, 5.473316192626953, 3.6183509826660156, 4.355093955993652]}, "2": {"train": [6.411005973815918, 5.211860656738281, 4.607853889465332, 4.165824890136719, 4.445737838745117], "valid": [5.990591049194336, 6.238368988037109, 5.674707412719727, 4.633481502532959, 3.0595998764038086]}}