before.ndkl,after.ndkl,before.skew.minority,before.skew.majority,after.skew.minority,after.skew.majority
0.07611709626910329,0.07611709626910329,0.0,0.0,0.0,0.0
0.05244035339547753,0.05244035339547753,0.0,0.0,0.0,0.0
0.05450746654510742,0.05450746654510742,0.0,0.0,0.0,0.0
0.6011295199995385,0.13712845523871608,0.0,0.0,0.0,0.0
0.13712845523871608,0.13712845523871608,0.0,0.0,0.0,0.0
