before.ndkl,after.ndkl,before.skew.minority,before.skew.majority,after.skew.minority,after.skew.majority
0.06385708083479431,0.06385708083479431,0.0,0.0,0.0,0.0
0.13712845523871608,0.13712845523871608,0.0,0.0,0.0,0.0
0.049771453607857806,0.049771453607857806,0.0,0.0,0.0,0.0
0.05244035339547753,0.05244035339547753,0.0,0.0,0.0,0.0
0.13712845523871608,0.13712845523871608,0.0,0.0,0.0,0.0
