before.ndkl,after.ndkl,before.skew.minority,before.skew.majority,after.skew.minority,after.skew.majority
0.0724135433441676,0.0724135433441676,0.0,0.0,0.0,0.0
0.055871765755083305,0.055871765755083305,0.0,0.0,0.0,0.0
0.6011295199995385,0.13712845523871608,0.0,0.0,0.0,0.0
0.049771453607857806,0.049771453607857806,0.0,0.0,0.0,0.0
0.06385708083479431,0.06385708083479431,0.0,0.0,0.0,0.0
