{"0": {"train": [51.75064595540365, 43.4010264078776, 41.984456380208336, 52.542867024739586, 43.17476908365885, 21.078283945719402, 18.058190663655598, 27.107889811197918, 14.453346252441406, 19.122577667236328, 17.874176025390625, 19.907085418701172, 11.890337626139322, 16.051092783610027, 22.474517822265625, 8.734655380249023, 6.384179433186849, 20.793999989827473, 9.443489074707031, 14.712080637613932], "valid": [40.27794647216797, 30.61945343017578, 27.511795043945312, 31.992897033691406, 19.157516479492188, 27.10970687866211, 8.729822158813477, 17.33367347717285, 9.303516387939453, 11.337581634521484, 12.367391586303711, 14.43872356414795, 11.792354583740234, 17.01186180114746, 17.727956771850586, 15.52480411529541, 16.29157257080078, 17.913063049316406, 15.038482666015625, 9.729503631591797]}, "1": {"train": [34.62775166829427, 25.456464131673176, 28.81129201253255, 22.807530721028645, 17.80791727701823, 17.312923431396484, 11.386915842692057, 17.236124674479168, 11.70742670694987, 16.594237009684246, 15.926779429117838, 12.128431955973307, 7.459431966145833, 9.425347646077475, 6.6545664469401045, 8.757882436116537, 5.020516713460286, 6.757287343343099, 6.316755930582683, 9.054706573486328], "valid": [20.894914627075195, 24.99259376525879, 16.128223419189453, 14.334311485290527, 18.5340576171875, 16.336700439453125, 9.741341590881348, 9.779687881469727, 18.057600021362305, 12.030460357666016, 16.45428466796875, 10.114616394042969, 9.785299301147461, 8.533220291137695, 14.322206497192383, 6.76411771774292, 6.589460372924805, 7.1251912117004395, 5.763670921325684, 7.360260963439941]}, "2": {"train": [32.4850959777832, 19.22801399230957, 12.645538330078125, 19.81617546081543, 17.746225357055664, 13.995539665222168, 7.680619239807129, 14.41773796081543, 5.003716468811035, 9.098930358886719, 7.393004417419434, 13.04210376739502, 7.016099452972412, 10.436545372009277, 11.028279304504395, 5.043628215789795, 6.986248016357422, 4.907376289367676, 4.538351058959961, 4.1274542808532715], "valid": [52.06931686401367, 22.326404571533203, 29.319957733154297, 42.38829803466797, 47.916107177734375, 32.20337677001953, 26.04492950439453, 31.556930541992188, 21.795364379882812, 32.21875762939453, 13.759159088134766, 27.176105499267578, 20.035444259643555, 21.72675895690918, 25.426916122436523, 21.530153274536133, 25.020124435424805, 23.93467140197754, 27.994029998779297, 33.87574005126953]}}