{"0": {"train": [119.7080586751302, 119.70804850260417, 119.70804850260417, 119.7080586751302, 119.7080586751302, 119.70804850260417, 119.7080586751302, 119.7080586751302, 119.70804850260417, 119.7080586751302, 119.70804850260417, 119.65388997395833, 119.70804850260417, 119.7080586751302, 119.70804850260417, 119.7080586751302, 119.70804850260417, 119.7080586751302, 119.7080586751302, 119.29898071289062], "valid": [79.41280364990234, 79.41280364990234, 79.41280364990234, 79.41280364990234, 79.41280364990234, 79.41280364990234, 79.41280364990234, 79.41280364990234, 79.41280364990234, 79.41280364990234, 79.41280364990234, 79.41280364990234, 79.41280364990234, 79.41280364990234, 79.41280364990234, 79.41280364990234, 79.41280364990234, 79.41280364990234, 79.41280364990234, 79.41280364990234]}, "1": {"train": [61.21277872721354, 54.5733388264974, 41.54687754313151, 32.18749745686849, 22.62572733561198, 12.597127278645834, 10.581852595011393, 20.38086446126302, 8.55525271097819, 8.689301172892252, 11.183698018391928, 3.7329629262288413, 3.2687384287516275, 3.260206858317057, 2.7110633850097656, 6.840681711832683, 2.4629929860432944, 2.868040402730306, 5.45097287495931, 1.417209307352702], "valid": [64.49903869628906, 51.473243713378906, 37.473453521728516, 22.108314514160156, 8.720486640930176, 4.132702350616455, 4.048272609710693, 3.1022231578826904, 2.48917555809021, 2.406585931777954, 3.244260311126709, 4.618751525878906, 5.924725532531738, 6.9913554191589355, 7.857659816741943, 8.409994125366211, 8.377143859863281, 8.328063011169434, 7.749444484710693, 7.295713424682617]}, "2": {"train": [43.26432800292969, 32.917510986328125, 20.957677841186523, 24.72892189025879, 14.205864906311035, 8.7290678024292, 6.778232097625732, 6.6742024421691895, 7.638047695159912, 5.087718963623047, 4.00352668762207, 4.161951065063477, 5.303012847900391, 5.554784297943115, 2.344207286834717, 8.335850715637207, 2.8691344261169434, 1.4403178691864014, 3.441869020462036, 3.303192138671875], "valid": [43.081729888916016, 34.26321792602539, 26.53569793701172, 19.089385986328125, 11.377090454101562, 8.0233154296875, 5.424734592437744, 3.8218414783477783, 3.1122450828552246, 2.875385046005249, 2.717472553253174, 2.398975133895874, 2.1689610481262207, 1.9250253438949585, 1.6343876123428345, 1.4186090230941772, 1.3013585805892944, 1.2008994817733765, 1.0868393182754517, 1.0086209774017334]}}