{"0": {"train": [13.929288284092733, 12.161519669833249, 12.355616744577068, 11.977705560971613, 12.004662908266669, 12.131238012444483, 12.148441675264541, 12.199212782350305, 12.22939290085884, 12.101919780365408, 12.08144880843489, 12.239607196964629, 12.146835708618164, 12.339885429486836, 12.128183244679072, 9.387594290955425, 8.599929098886987, 8.569742448362586, 8.51324517236997, 8.563160162102687], "valid": [12.376888391376562, 12.616470749596136, 12.53955086483118, 12.139694825054562, 12.418693398825317, 12.502329491050796, 12.585805065621255, 12.59775082210448, 12.498380363905769, 12.446546450741934, 12.474242913318962, 12.453515365898344, 12.481327128712342, 12.56607994907566, 12.384785224786567, 8.98147941362119, 8.985169251052454, 8.940404216135581, 8.942742754849046, 8.996468611589567]}, "1": {"train": [14.198703658426679, 12.191988181888256, 12.230273903584747, 12.096593540199162, 11.964135024249783, 11.969321126246347, 12.045534556986238, 12.130471463950874, 12.05882996404919, 11.993603760162738, 12.047170294993606, 12.077144758983605, 12.400374123927879, 12.209460455488948, 12.06674473098508, 11.928816140978807, 12.118170520804352, 12.228427789970759, 12.314704110591586, 12.270280831317953], "valid": [12.47827880023277, 12.500352707954303, 12.588768486127462, 12.259629215606271, 12.227956526246789, 12.172637646818814, 12.520189008320848, 12.349991262775578, 12.326149843816887, 12.262535408751605, 12.346781022581336, 12.43413386932791, 12.683135610084012, 12.311384310787671, 12.002716106258026, 12.365303144063034, 12.321212517725279, 12.552479574125107, 12.534254810908068, 12.437736741157428]}, "2": {"train": [14.235050969188746, 12.221099479916303, 12.213446352684112, 12.121113678780578, 12.025033882062083, 11.994719557643355, 11.957759209583806, 12.079893593061113, 11.854613134401953, 11.90942084978076, 12.135549629707164, 12.168167593666732, 12.457002741497945, 12.453881008271312, 12.411644622669492, 12.398559068696628, 12.183239567393096, 12.258849982702612, 12.12877708391298, 12.213282789333707], "valid": [12.603094733251284, 12.548268148343857, 12.514168935279324, 12.503973221452268, 12.310464477539062, 12.265407907146297, 12.332789298279645, 12.279322626819349, 12.136128130351027, 12.390145121535209, 12.443138185265946, 12.617321275684931, 12.91488526226723, 12.765875327750429, 12.619233682710831, 12.70617378966449, 12.490182327897582, 12.54107615849743, 12.695759979666096, 12.574348554219284]}, "3": {"train": [14.098233484464622, 12.151160302303822, 11.94609660921047, 12.06073736885253, 11.927170757316235, 12.044612440709004, 11.966418478976944, 12.005835443742777, 12.108242549917467, 12.241321909561334, 12.285763090251397, 12.01111358180151, 12.058311753052166, 12.12735893224039, 9.370903151644162, 8.544008500424367, 8.495780699894594, 8.507496189391427, 8.518988475500747, 8.583642100544889], "valid": [12.520314882879388, 12.409313045135915, 12.340024890638377, 12.586189625361195, 12.402605072439533, 12.42168077442744, 12.346304363093964, 12.461354336673267, 12.558855657708156, 12.704652927346425, 12.583793201185253, 12.495908010822452, 12.484110834827161, 12.559528089549444, 9.091984725325075, 8.953153594552655, 8.970885185346212, 9.043752800928404, 9.024357625882919, 9.033909753250748]}, "4": {"train": [14.075735061628526, 12.212147026496353, 12.165748002481996, 12.0258086695776, 12.171176081885113, 12.019584295878456, 11.910099405426347, 12.029343838786009, 12.120952116668494, 12.167174451717132, 12.214168862420477, 12.305789654573934, 12.23409875073403, 12.27485065641453, 11.99883444326992, 12.138133212705863, 11.999273315356534, 11.997444904602693, 9.50926744728686, 8.652939800284985], "valid": [12.433088286935467, 12.596637589964148, 12.42698268106539, 12.524156795135916, 12.590266313944777, 12.255317959720141, 12.23779543523919, 12.54032308500107, 12.519520297115797, 12.516127369501818, 12.747200283938891, 12.668764046446919, 12.568402434048588, 12.468475174577268, 12.36789605127622, 12.407477141079838, 12.24824678603917, 12.614482806480094, 9.123878667125963, 9.107318386966234]}}