{"0": {"train": [19.28339413017444, 19.126078596687456, 15.680013197363069, 13.771366100076825, 12.999695221410656, 12.823302825464344, 12.733123492436054, 12.62508376335977, 12.375340790655505, 12.268932902459554, 12.179207074323255, 12.153505227398545, 12.039664907724376, 12.117148398663458, 12.0988598297406, 12.013387485595173, 12.036971593540988, 11.979483361013196, 11.92914158179117, 11.90181442558636], "valid": [22.230087721278903, 20.60600501264451, 17.900890901598626, 16.684536796084718, 16.47330505723898, 16.41532624525831, 16.357122696893065, 16.287446303174676, 16.471432724440028, 16.422807109149204, 16.185443856123555, 15.835249884280167, 16.372012805387463, 16.150392036217486, 16.50383745314758, 16.306194327470195, 16.00988840092124, 16.262457522353685, 16.094404452108922, 16.11515005475524]}, "1": {"train": [18.773150286119396, 18.830838262043564, 15.619951337812951, 13.68607434585141, 12.993838582621565, 12.65276715657199, 12.427918760309337, 12.231669240470218, 12.160385209067696, 12.138746900137834, 12.086728794541983, 12.019283225720807, 12.052602772081752, 11.95993119223947, 11.870263707180948, 11.97155629321448, 11.828808170078634, 11.34370269003073, 9.881082508586406, 8.888062053026708], "valid": [23.442244513186417, 21.134204666049495, 18.374510307532514, 17.5764258941474, 17.235144819138366, 16.677829984984648, 17.040223226381865, 16.8473023872155, 16.875167582076408, 16.91565717575867, 17.374815483313764, 16.69981569499639, 16.734860458815028, 16.8808420875858, 17.172356225162574, 17.108608003296602, 17.017007287527097, 15.615024456399025, 14.4097850998013, 13.600074371161488]}, "2": {"train": [18.86296596789136, 19.449758401403198, 15.926060255247876, 14.043342022126943, 13.16491655086316, 12.87505631298581, 12.762097318019025, 12.554037605776617, 12.47955882747537, 12.5104102233313, 12.304097978946357, 12.335073916531092, 12.152568384089163, 12.18252848130762, 11.94498733222614, 11.967217898420554, 11.968421036836814, 11.971458142681218, 11.977689377570274, 12.016826461383767], "valid": [22.169787809338874, 20.542873492819727, 17.858869784140172, 16.77882200031611, 16.261825649724532, 16.478006528292088, 16.589872679958454, 16.376644773979407, 16.32859987468389, 16.40271807543804, 16.234090992481033, 16.28245764936326, 16.415833577944365, 16.253149837427745, 16.39306181979317, 16.183753217575866, 16.087466201341222, 15.991907020524748, 16.0235645095737, 16.14133448959086]}, "3": {"train": [18.81711536994984, 19.099595252621114, 15.72484813146805, 13.811637034385168, 13.022152451786198, 12.663426110301428, 12.56903054105658, 12.440266309229257, 12.3968226942392, 12.216132505338258, 12.370151699063404, 12.205548223687183, 12.133124957632864, 12.047844413045688, 12.072352301100416, 11.92199530501514, 12.012804407876898, 11.92493302461813, 11.529195193872017, 10.031199247700878], "valid": [21.727993474530347, 20.737454276553468, 17.953744524476157, 16.584827930251986, 16.798471439780528, 16.338998783530528, 16.137040154782333, 16.193044673500722, 16.25718944748013, 16.497989720691834, 16.536188202786306, 16.65330196667269, 16.461507984668533, 16.68985743880961, 16.3590112586931, 16.582393580089416, 17.006667649814847, 16.79310352126987, 15.155060696464053, 13.961204220104769]}, "4": {"train": [18.780350789858428, 19.122224840814667, 15.728922584842396, 13.775079804348808, 13.06200616208115, 12.879214160015128, 12.472058158389405, 12.39151265579841, 12.302043848644102, 12.282729573332505, 12.258762866775424, 12.34219933658666, 12.241222756446442, 12.16348592945606, 12.18183087475727, 12.201442564153947, 12.133936358325053, 12.142696314464414, 11.402218151643787, 10.09323693424291], "valid": [23.25770352128623, 20.922819010416667, 18.965685858242754, 18.03345363451087, 17.094707455842393, 17.16154891304348, 16.89680564990942, 17.16679015228714, 17.127174974524458, 17.564513983242755, 17.484677875905795, 17.307869466145835, 17.253216995018114, 17.144408472033515, 17.147212550951085, 17.175005661231886, 17.351682447350544, 17.226844853940218, 15.892724609375, 14.770055975430253]}}