{"0": {"train": [105.9905497233073, 107.8781026204427, 102.32296752929688, 92.56613159179688, 109.25618489583333, 72.79965718587239, 92.0452372233073, 46.149943033854164, 21.29116694132487, 68.76442464192708, 62.98872375488281, 65.62506103515625, 57.61997985839844, 41.94238789876302, 71.09174092610677, 44.66246032714844, 31.29901631673177, 49.547515869140625, 21.764231363932293, 20.75408172607422], "valid": [50.031044006347656, 67.0234375, 66.29351806640625, 89.9581298828125, 71.58780670166016, 59.9103889465332, 89.40709686279297, 53.435523986816406, 70.66778564453125, 65.11119842529297, 62.43798828125, 19.361299514770508, 82.66816711425781, 67.31035614013672, 29.576173782348633, 44.14304733276367, 42.10430908203125, 53.30963134765625, 24.81133270263672, 26.6840763092041]}, "1": {"train": [110.04653930664062, 71.14831034342448, 99.20853678385417, 52.87784322102865, 86.7148946126302, 75.53429158528645, 48.73938496907552, 27.674977620442707, 46.23780314127604, 30.410809834798176, 41.072733561197914, 12.74984868367513, 18.508084615071613, 22.851343790690105, 39.545430501302086, 26.763748168945312, 29.900416056315105, 9.403631210327148, 13.879704793294271, 9.398404439290365], "valid": [125.366943359375, 117.24766540527344, 127.86640167236328, 114.54578399658203, 83.7629165649414, 21.10265350341797, 70.80329132080078, 41.6137809753418, 57.54319763183594, 55.135292053222656, 44.385841369628906, 6.0904340744018555, 25.169477462768555, 2.9506421089172363, 39.93951416015625, 17.53812026977539, 60.662322998046875, 4.309810161590576, 7.046199798583984, 7.84739351272583]}, "2": {"train": [108.16917419433594, 107.55227661132812, 66.72537231445312, 94.84357452392578, 106.811279296875, 68.24034118652344, 82.93865966796875, 45.12484359741211, 77.53836059570312, 64.83555603027344, 70.76879119873047, 34.7166633605957, 25.189266204833984, 44.17630386352539, 44.85752868652344, 31.210935592651367, 15.954360008239746, 52.949981689453125, 25.19552993774414, 8.051397323608398], "valid": [120.25064086914062, 69.57182312011719, 133.73814392089844, 139.5569610595703, 107.51296997070312, 67.47869873046875, 86.10843658447266, 117.60274505615234, 62.33864212036133, 46.58888244628906, 44.17730712890625, 104.5678482055664, 113.0238037109375, 33.287261962890625, 14.72607707977295, 38.870784759521484, 4.746312618255615, 106.6813735961914, 36.10127258300781, 34.75364303588867]}}