{"0": {"train": [1698.4638671875, 1705.0765625], "valid": [395.92744140625, 362.8715087890625]}, "1": {"train": [1687.62734375, 1712.1060546875], "valid": [472.012646484375, 394.5529052734375]}, "2": {"train": [2127.987890625, 1980.209765625], "valid": [274.24853515625, 330.4571533203125]}, "3": {"train": [1721.8044921875, 1741.368359375], "valid": [463.298779296875, 504.16435546875]}, "4": {"train": [1593.4453125, 1307.00986328125], "valid": [466.71240234375, 497.53291015625]}}