metrics,mean
P_2,0.1
P_5,0.16
P_10,0.15999999999999998
recall_2,0.1
recall_5,0.4
recall_10,0.7
ndcg_cut_2,0.12262943855309168
ndcg_cut_5,0.2649480662146694
ndcg_cut_10,0.3870649612314514
map_cut_2,0.1
map_cut_5,0.15999999999999998
map_cut_10,0.22433862433862437
success_2,0.2
success_5,0.8
success_10,1.0
aucroc,0.43602693602693604
skill_coverage_2,0.5333333333333333
skill_coverage_5,1.0
skill_coverage_10,1.0
