P_2,P_5,P_10,recall_2,recall_5,recall_10,ndcg_cut_2,ndcg_cut_5,ndcg_cut_10,map_cut_2,map_cut_5,map_cut_10,success_2,success_5,success_10,skill_coverage_2,skill_coverage_5,skill_coverage_10
0.50000,0.20000,0.10000,0.50000,0.50000,0.50000,0.61315,0.61315,0.61315,0.50000,0.50000,0.50000,1.00000,1.00000,1.00000,1.00000,1.00000,1.00000
0.50000,0.20000,0.10000,0.50000,0.50000,0.50000,0.38685,0.38685,0.38685,0.25000,0.25000,0.25000,1.00000,1.00000,1.00000,1.00000,1.00000,1.00000
0.00000,0.20000,0.30000,0.00000,0.33333,1.00000,0.00000,0.18154,0.46523,0.00000,0.06667,0.25000,0.00000,1.00000,1.00000,1.00000,1.00000,1.00000
0.00000,0.20000,0.20000,0.00000,0.50000,1.00000,0.00000,0.23720,0.41444,0.00000,0.10000,0.20000,0.00000,1.00000,1.00000,1.00000,1.00000,1.00000
0.50000,0.20000,0.10000,0.50000,0.50000,0.50000,0.38685,0.38685,0.38685,0.25000,0.25000,0.25000,1.00000,1.00000,1.00000,1.00000,1.00000,1.00000
