metrics,mean
P_2,0.2
P_5,0.16
P_10,0.16
recall_2,0.16666666666666666
recall_5,0.36666666666666664
recall_10,0.7333333333333333
ndcg_cut_2,0.2
ndcg_cut_5,0.2959741645373287
ndcg_cut_10,0.4496620055083218
map_cut_2,0.13333333333333333
map_cut_5,0.19166666666666665
map_cut_10,0.2802910052910053
success_2,0.4
success_5,0.8
success_10,1.0
aucroc,0.4932659932659933
skill_coverage_2,1.0
skill_coverage_5,1.0
skill_coverage_10,1.0
