metrics,mean
P_2,0.0
P_5,0.16
P_10,0.16
recall_2,0.0
recall_5,0.36666666666666664
recall_10,0.7333333333333333
ndcg_cut_2,0.0
ndcg_cut_5,0.2019893556450328
ndcg_cut_10,0.3515216450111554
map_cut_2,0.0
map_cut_5,0.095
map_cut_10,0.17833333333333332
success_2,0.0
success_5,0.8
success_10,1.0
aucroc,0.4436026936026936
skill_coverage_2,0.8666666666666666
skill_coverage_5,1.0
skill_coverage_10,1.0
