P_2,P_5,P_10,recall_2,recall_5,recall_10,ndcg_cut_2,ndcg_cut_5,ndcg_cut_10,map_cut_2,map_cut_5,map_cut_10,success_2,success_5,success_10,skill_coverage_2,skill_coverage_5,skill_coverage_10
0.00000,0.00000,0.10000,0.00000,0.00000,0.50000,0.00000,0.00000,0.21841,0.00000,0.00000,0.08333,0.00000,0.00000,1.00000,1.00000,1.00000,1.00000
0.00000,0.20000,0.20000,0.00000,0.50000,1.00000,0.00000,0.30657,0.51096,0.00000,0.16667,0.30952,0.00000,1.00000,1.00000,1.00000,1.00000,1.00000
0.50000,0.20000,0.20000,0.33333,0.33333,0.66667,0.38685,0.29608,0.43735,0.16667,0.16667,0.24074,1.00000,1.00000,1.00000,1.00000,1.00000,1.00000
0.50000,0.20000,0.10000,0.50000,0.50000,0.50000,0.61315,0.61315,0.61315,0.50000,0.50000,0.50000,1.00000,1.00000,1.00000,1.00000,1.00000,1.00000
0.00000,0.20000,0.20000,0.00000,0.50000,1.00000,0.00000,0.26407,0.46845,0.00000,0.12500,0.26786,0.00000,1.00000,1.00000,1.00000,1.00000,1.00000
