{"0": {"train": [91.16896565755208, 55.27054341634115, 13.197377522786459, 23.951632181803387, 24.53003184000651, 15.550823211669922, 1.0761874516805012, 5.926974614461263, 1.0615408420562744, 18.232760111490887, 1.0767748355865479, 7.063360214233398, 1.4988404909769695, 1.1225882371266682, 0.8811515172322592, 2.44511349995931, 2.2033894856770835, 3.063600540161133, 1.9015566507975261, 1.1298649311065674], "valid": [38.5589714050293, 23.001785278320312, 23.550201416015625, 17.352115631103516, 11.799220085144043, 10.537574768066406, 10.833658218383789, 10.40765380859375, 9.947115898132324, 9.005250930786133, 8.956196784973145, 10.606481552124023, 12.879467964172363, 15.19851303100586, 17.415287017822266, 18.49713897705078, 19.10249900817871, 19.653860092163086, 20.164533615112305, 20.62079620361328]}, "1": {"train": [61.22740681966146, 31.156845092773438, 13.958867390950521, 14.648146311442057, 11.529293060302734, 15.68355941772461, 3.5576019287109375, 5.990193049112956, 3.68058713277181, 1.0273335774739583, 3.144704500834147, 1.722016970316569, 3.055018742879232, 0.47484763463338214, 0.9483612378438314, 1.245348374048869, 4.401998837788899, 1.301883300145467, 1.6195645332336426, 1.1745155652364094], "valid": [44.50716781616211, 23.599376678466797, 10.206685066223145, 4.916820526123047, 4.26797342300415, 4.082023620605469, 4.336911201477051, 5.270680904388428, 6.448605060577393, 7.816293239593506, 8.19289779663086, 8.133161544799805, 7.946990013122559, 8.070756912231445, 8.031776428222656, 8.262494087219238, 8.405435562133789, 8.444774627685547, 8.514015197753906, 8.591821670532227]}, "2": {"train": [50.060882568359375, 63.80373764038086, 14.390606880187988, 18.343029022216797, 11.80262279510498, 9.8937349319458, 9.673852920532227, 15.993762016296387, 10.553220748901367, 13.707435607910156, 6.287701606750488, 5.533575057983398, 7.178380966186523, 5.577404975891113, 6.378827095031738, 5.203813552856445, 7.4641900062561035, 3.83392596244812, 5.981267929077148, 7.76284122467041], "valid": [79.4554443359375, 42.31351852416992, 15.004559516906738, 11.966984748840332, 9.902809143066406, 6.701160907745361, 3.9454803466796875, 1.7284380197525024, 0.9117264151573181, 0.8286997079849243, 0.742136538028717, 0.844463586807251, 1.104875922203064, 1.4830070734024048, 1.6490871906280518, 1.8549100160598755, 2.062276601791382, 2.544874668121338, 3.1217007637023926, 3.727846145629883]}}