{"0": {"train": [15.756861408864419, 13.566485547643946, 13.746632012795276, 14.624342550442913, 14.88091704601378, 15.477344903420276, 15.74208465335876, 15.409325306809793, 15.492720956877461, 14.659644419752707, 13.995280108113928, 13.296668826125739, 13.221683532234252, 12.71116241695374, 11.990524652436024, 11.584542342058317, 11.155481053149606, 10.191991610789863, 9.799132339597687, 9.459571658156989], "valid": [22.11922836303711, 23.885961532592773, 26.676485061645508, 28.898014068603516, 31.17206573486328, 31.840805053710938, 32.558372497558594, 31.597736358642578, 30.69837760925293, 30.3633975982666, 28.59909439086914, 27.909786224365234, 27.384191513061523, 25.773954391479492, 25.469402313232422, 23.551551818847656, 23.0342960357666, 22.024749755859375, 21.19260025024414, 20.297138214111328]}, "1": {"train": [15.23348206046998, 13.721170740803396, 13.996394119863435, 14.864712932917076, 15.21463805671752, 15.893501822404035, 15.845787709153543, 15.68683534156619, 14.985288124384843, 14.484656626783957, 14.24361726054995, 13.35965758796752, 13.027982456477607, 12.585702010027067, 12.29151063453494, 11.621808389979085, 11.219171478992372, 10.478809266578494, 9.651269146776574, 9.341208150067667], "valid": [21.153629302978516, 24.191341400146484, 27.49243927001953, 29.400672912597656, 30.283519744873047, 31.8186092376709, 31.392738342285156, 31.621219635009766, 30.299968719482422, 29.027738571166992, 28.103286743164062, 27.093505859375, 26.468732833862305, 25.146381378173828, 24.43323516845703, 23.38083267211914, 22.795164108276367, 21.71816635131836, 20.184288024902344, 20.37032699584961]}, "2": {"train": [16.139090951033463, 13.74300690898745, 14.00091552734375, 14.299144354392224, 15.130251906988189, 15.519339013287402, 15.570775309885581, 15.639325960414617, 15.132802407572589, 14.761666846087598, 14.141198345995324, 13.6191665769562, 12.975549412524606, 12.51192155973179, 12.200444259042815, 11.468755767101378, 11.046561654158465, 10.562427911232776, 9.800927349901574, 9.498364065575787], "valid": [21.272838592529297, 23.846879959106445, 26.2493896484375, 29.564571380615234, 30.91792869567871, 31.669212341308594, 31.494457244873047, 31.839214324951172, 30.809349060058594, 30.212053298950195, 28.175966262817383, 27.908891677856445, 26.2015380859375, 25.810022354125977, 24.8779239654541, 24.467941284179688, 22.694778442382812, 21.36869239807129, 21.004844665527344, 20.277774810791016]}, "3": {"train": [15.626703718596813, 13.559066233915441, 13.659622012867647, 14.808096373314951, 16.608734489889706, 15.850349934895833, 15.417898380055147, 15.60541082643995, 14.82905512791054, 14.632551125919118, 14.153398820465686, 13.150646733302697, 13.077045036764705, 12.627328431372549, 12.133683746936274, 11.43394847196691, 10.965782015931373, 10.328091490502452, 9.842730353860293, 9.300809972426471], "valid": [23.034195188492063, 25.152206178695437, 27.898441375248016, 30.207786923363095, 32.13121008494544, 33.51025390625, 33.883579799107146, 33.55860925099206, 32.04624333457341, 30.803858196924605, 30.291341145833332, 28.846865699404763, 28.653671022445437, 27.52821955605159, 25.900134858630953, 24.681379045758927, 23.79641384548611, 23.105464874751984, 22.53899468315972, 21.12636408730159]}, "4": {"train": [15.896940104166667, 13.503653492647059, 14.25206179151348, 14.483830710018383, 15.567212871476716, 15.315187940410539, 15.687406652113971, 15.301143631280636, 14.995535098805147, 14.684426221660539, 14.11163449754902, 13.360074869791667, 12.711311370251225, 12.498447074142156, 11.942751416973039, 11.29302858838848, 11.185981541053922, 10.242819393382353, 10.104981426164215, 9.41255122166054], "valid": [21.655215308779763, 24.121343703497026, 28.17409357948909, 30.352500310019842, 32.058006649925595, 32.9619140625, 32.19590153769841, 32.607739645337304, 31.921466161334326, 31.236888098338294, 30.195591517857142, 28.92993939112103, 28.234580388144842, 27.84421890500992, 26.176122271825395, 25.660404265873016, 24.24755084325397, 22.59911915612599, 21.671111576140873, 21.347760881696427]}}