{"0": {"train": [11.332656860351562, 9.982282750746784, 10.139838723575368, 10.233471141142005, 9.373517204733457, 8.801905912511488, 9.735624425551471, 9.277228860294118, 8.652554680319394, 9.088571885052849, 8.844939287971048, 8.953826904296875, 8.368947646197151, 8.23096331428079, 9.202870088465074, 7.258492862477022, 7.982970293830423, 7.4774932861328125, 7.244681414435892, 7.126898372874541], "valid": [10.76760525173611, 11.859474182128906, 12.696363661024305, 12.660201178656685, 12.391089545355904, 12.349120246039497, 11.993623521592882, 11.443066914876303, 11.151980929904514, 11.28584713406033, 11.669612460666233, 11.850669013129341, 11.907099405924479, 11.975026448567709, 11.905511644151476, 11.768890380859375, 11.702813042534721, 11.656543307834202, 11.67635769314236, 11.668529086642796]}, "1": {"train": [11.4422607421875, 10.46567580279182, 10.876274557674632, 10.571131089154411, 9.745944752412683, 10.2224318560432, 9.763692519244026, 9.521424237419577, 9.187604118795957, 9.79447847254136, 9.813327564912683, 8.16090752096737, 9.231707404641543, 8.916474286247702, 8.535887774299173, 8.18764450970818, 7.8601523006663605, 7.611326329848346, 7.016383002786076, 6.647859461167279], "valid": [10.218271891276041, 9.79286617702908, 9.71384006076389, 9.462344699435764, 9.439092000325521, 9.541755676269531, 9.675044589572483, 9.851694742838541, 9.937745836046007, 9.745819091796875, 9.410290188259548, 9.127098083496094, 9.105135599772135, 9.35505591498481, 9.557178921169704, 9.681616041395399, 9.612503899468315, 9.57708994547526, 9.54359605577257, 9.529023064507378]}, "2": {"train": [11.172134399414062, 9.816262139214409, 9.502859327528212, 9.253991868760851, 9.783593919542101, 8.594985961914062, 9.053815205891928, 8.842091030544704, 8.894226921929253, 8.207361857096354, 7.767101711697048, 8.490433586968315, 7.3855175442165795, 8.360516866048178, 7.764334784613715, 8.12371826171875, 7.500709533691406, 7.307545979817708, 7.044358147515191, 7.08621088663737], "valid": [11.09063720703125, 12.256861686706543, 13.672465324401855, 14.455010414123535, 14.343839645385742, 13.961862564086914, 13.609464645385742, 13.22288703918457, 13.004210472106934, 13.012115478515625, 13.138957023620605, 13.369887351989746, 13.543228149414062, 13.668848037719727, 13.69942569732666, 13.727031707763672, 13.682421684265137, 13.65322208404541, 13.581578254699707, 13.487493515014648]}}