{"0": {"train": [50.89596182839912, 47.92763157894737, 47.830159505208336, 50.88459858141447, 46.3527189555921, 43.737159059758774, 42.29971902412281, 39.67656935307018, 41.44760399533991, 40.09242221765351, 39.49859083744518, 38.073923211348685, 37.221516927083336, 35.49023651658443, 34.96583316200658, 32.583547491776315, 32.96973941200658, 30.62427400287829, 30.181927597313596, 29.995549787554825], "valid": [116.93025716145833, 127.1822265625, 129.04806315104167, 138.282666015625, 134.1994873046875, 139.471533203125, 134.35146484375, 136.3938232421875, 131.46531575520834, 132.47547200520833, 122.05235188802084, 125.16748046875, 123.32024739583333, 125.33761393229166, 126.17552897135417, 118.47213541666666, 108.31109212239583, 108.78347981770834, 107.6625244140625, 102.781494140625]}, "1": {"train": [46.93336245888158, 47.892149808114034, 50.21760639391447, 44.20593047560307, 45.57056092379386, 42.137982284813596, 47.759328741776315, 40.74337393777412, 38.49637643914474, 38.82431297971491, 37.13089792351974, 37.102945963541664, 33.768511855811404, 35.44161184210526, 34.76195004111842, 32.26817562705592, 31.715152138157894, 30.41976339775219, 28.610570004111842, 28.73949338678728], "valid": [116.377734375, 107.3574951171875, 123.20297037760416, 124.01849772135417, 123.00575358072916, 120.54249674479166, 122.48331705729167, 126.39457194010417, 120.52216796875, 122.24663899739583, 121.66576334635417, 119.99686686197917, 116.38304036458334, 112.72613932291667, 111.34203287760417, 107.84703776041667, 106.48308919270833, 106.435791015625, 97.26988932291667, 96.0651123046875]}, "2": {"train": [51.101511988146555, 46.40322349811422, 50.65603953394397, 48.48465702451509, 51.88979997306034, 47.96731883081897, 42.70604626885776, 39.827649346713365, 43.620588631465516, 42.226671942349135, 36.8307895002694, 35.878430596713365, 34.187916722790945, 33.7928466796875, 33.226246800915945, 30.28947501346983, 30.713031637257544, 29.393912479795258, 29.04847454202586, 27.80193039466595], "valid": [110.52273995535714, 118.31086948939732, 128.56462751116072, 134.45635986328125, 138.3951416015625, 129.30547223772322, 132.90985107421875, 133.3653826032366, 136.45131138392858, 137.28076171875, 128.3517107282366, 123.81583949497768, 125.87887137276786, 121.98936244419643, 120.32725306919643, 111.23630196707589, 111.88671003069196, 110.03176443917411, 104.51239885602679, 104.68170166015625]}, "3": {"train": [56.83737287850216, 52.54238786368534, 51.88998097386853, 48.83911974676724, 48.486067147090516, 45.49801740975216, 42.9505615234375, 47.749924232219826, 44.29522915544181, 47.21005775188578, 38.51380236395474, 37.52344591864224, 35.8731478987069, 36.89453125, 35.84503384294181, 34.137013402478445, 34.717205179148706, 35.51284684806034, 31.012640591325432, 30.70769211341595], "valid": [126.87031773158482, 136.65057373046875, 142.11622837611608, 141.88409423828125, 151.99680873325892, 142.56160191127233, 144.70017787388392, 152.11516462053572, 152.21864536830358, 146.56410435267858, 143.28748430524553, 141.10402134486608, 130.33450753348214, 130.74986921037947, 128.10716029575892, 127.78043038504464, 121.83150809151786, 115.52542550223214, 109.39790562220982, 113.28336007254464]}, "4": {"train": [57.34171268857759, 54.665973531788794, 49.6270541487069, 53.615802633351294, 48.55099171605603, 46.69130943561422, 46.313615470096984, 44.49930546201509, 39.18060934132543, 40.54595736799569, 37.4376010237069, 35.12994384765625, 34.6724643049569, 34.6427001953125, 33.873821390086206, 33.31012173356681, 33.173137796336206, 30.52320598733836, 28.608819369612068, 28.44463058997845], "valid": [115.44037737165179, 120.32338169642857, 122.57756696428571, 125.10965401785714, 130.16522216796875, 135.19646344866072, 131.9957013811384, 134.96775599888392, 130.04539271763392, 130.59014020647322, 132.06022426060267, 129.12635149274553, 123.91438511439732, 124.05695452008929, 119.04820033482143, 114.39139229910714, 113.4825439453125, 108.62328229631696, 105.40488106863839, 101.61859130859375]}}