{"0": {"train": [43.239281640918314, 40.88363456897426, 40.27320499041914, 39.92384963899439, 39.709424128640016, 39.68484162387263, 39.83408275602151, 39.60019933704423, 39.68315052636089, 39.88765883822649, 40.00436752745516, 40.195320618488445, 40.4343901737168, 40.772080641967115, 40.83915676219806, 41.0126830791164, 41.27156123547995, 41.226479887832866, 41.35909361253566, 41.343633777945406], "valid": [41.72889463547952, 40.4106531472077, 39.983382187646654, 40.138803562973486, 39.85411923961686, 39.79052197514414, 39.84682351376039, 39.93306783613234, 39.91374987691489, 40.10308908271738, 40.38334087556986, 40.56157696642867, 40.758123132772695, 40.900328061100495, 41.07369673819221, 41.33120809868598, 41.65204107847697, 41.54123027757525, 41.683384871949585, 41.54391221046192]}, "1": {"train": [43.08580909039198, 40.828466274410985, 40.25738513032845, 39.858079551130345, 39.68872926027371, 39.63679678897021, 39.52238238130351, 39.488919467946744, 39.5568527237843, 39.86041400611579, 40.02294548031701, 40.282030523919055, 40.57502213335649, 40.59108387857276, 40.96047624545993, 41.363727328204405, 41.156752894529205, 41.31934908421355, 41.265808955782205, 41.25836346056384], "valid": [41.26244838281878, 40.31603988847965, 40.36947724968155, 39.72326844129207, 39.6479443608164, 39.711546587976, 39.6653125078565, 39.64904457147526, 39.791565985665564, 40.25366887905605, 40.443138947899904, 40.51305809931449, 40.81864511577333, 41.02401943068685, 41.29972189312232, 41.35989676301874, 41.24541227750402, 41.21786343366603, 41.56321775641509, 41.33880809355306]}, "2": {"train": [43.1833840114698, 40.798316568567394, 40.188707212685124, 39.671345340647584, 39.517630980288104, 39.55651095833571, 39.33092579340154, 39.41207257991526, 39.62478928266817, 39.83817730912334, 40.099684435008726, 40.42338517306837, 40.634602531768955, 40.88747985174488, 41.1797233391982, 41.429119801600905, 41.681124027247954, 41.8268575173589, 41.847780426863835, 41.8451777114861], "valid": [41.38401106089937, 40.5889076353622, 40.21432561406376, 39.75643500739558, 39.78614182128251, 39.65479060342082, 39.70280610481195, 40.04744226522694, 39.948390662187414, 40.191047784258515, 40.38536698742123, 40.813459042513074, 41.17997788920036, 41.499248067825654, 41.47259109345669, 41.749837658596476, 42.007536854824515, 41.894064966939865, 42.02571364484865, 42.21182883260844]}, "3": {"train": [43.0484941408607, 40.583438622708385, 39.79803374399965, 39.35997874710667, 39.31644631539521, 39.4919844526756, 39.395222028612274, 39.38950446199982, 39.58326147925459, 39.46704917012287, 39.45148981857745, 39.77813223527547, 40.21460635950532, 40.43575778219971, 40.73073307227068, 40.799556081706356, 41.07031930250766, 41.30735139539008, 41.513315018328925, 41.4827268355431], "valid": [41.5339712022744, 40.46635803730055, 39.84458949282649, 39.736284757139984, 39.76991742298539, 39.77850331648901, 39.5042157828632, 39.93063587077216, 39.94341882248927, 39.6772970169407, 40.08479291323076, 40.015456687659224, 40.574798153513846, 40.75941408606949, 41.0645954847144, 41.03550149063925, 41.590333563266796, 41.97836713721842, 41.6962158530479, 41.73649519339551]}, "4": {"train": [43.19308900022417, 40.73947869134864, 39.94093848729971, 39.81193387723858, 39.591268217905686, 39.4431334450789, 39.494316558142266, 39.40478036378721, 39.610789928809666, 39.72887802881029, 40.037664783464486, 40.206537544493955, 40.35269520381846, 40.681853058115024, 40.86228147810028, 41.173441372598006, 41.42389993665045, 41.65390986726187, 41.66682896224063, 41.74166607088236], "valid": [41.44100266632362, 40.45614883956467, 40.085352971507255, 40.03119170167011, 39.66421174215314, 39.82225433722813, 39.52855945088735, 39.818858263089, 39.59205528902562, 39.87670927246199, 40.24987256079369, 40.45891213064106, 40.710194654614085, 41.12657899167041, 41.216865073046286, 41.28926671438784, 41.96293262022551, 41.925919125812094, 41.74763090358326, 41.87716293089432]}}