{"0": {"train": [27.500477189532493, 25.3027471611851, 26.63144202978517, 27.43698981351116, 27.8794955814933, 28.33371964424534, 28.293860357892367, 28.430980104190176, 28.603602960533312, 28.780974210044267, 28.54936607329904, 28.492999699143486, 15.760582020570157, 13.94118813336236, 14.220114890033171, 14.46095804135501, 14.546274092655597, 14.645462247941262, 14.656276527992114, 14.662173398055396], "valid": [24.542239088327403, 26.059462390031225, 27.38160462964847, 28.020294872278065, 27.839178859150252, 28.18114440997451, 28.56858225773111, 27.986747184420135, 28.781005396932713, 28.23173513375218, 28.600872463850887, 28.434442505012875, 14.014263649388743, 14.146913499765542, 14.308067042686197, 14.514557589267547, 14.576637207551498, 14.633375494582026, 14.736205397152373, 14.680390542338442]}, "1": {"train": [27.4005026116045, 25.407938741087317, 26.85874734246784, 27.57494215759644, 27.7389045720074, 28.27382493333119, 28.310141167431954, 28.54523557189387, 28.53337260066279, 28.5564511842457, 28.592277731663852, 28.438712844986377, 15.753422120014957, 14.010520295342884, 14.18455414460559, 14.359245183549932, 14.635569196449216, 14.619320294565378, 14.701180676115259, 14.749553018236258], "valid": [24.482529132707988, 26.343906392201003, 27.318575162132266, 27.50094274640775, 27.998746651339786, 28.332873357404996, 28.192175132559083, 28.27431657388533, 28.11819364435506, 28.457759293124592, 28.488591071881103, 28.78589157659062, 13.91796903180077, 14.097467739737018, 14.23775641413233, 14.60576990108822, 14.617017104468488, 14.743062715382495, 14.711921721700381, 14.798613790225541]}, "2": {"train": [27.581162858842713, 25.226051439180335, 26.630689592237538, 27.426178691167507, 27.915720914091636, 28.3282952416055, 28.298571891873863, 28.319521508798456, 28.457508432306618, 28.400902690216235, 28.630613865071766, 28.64540913234357, 15.699461508676483, 13.954827661734727, 14.257886422503594, 14.39220791634738, 14.594418667983433, 14.608739589104399, 14.731114248216539, 14.723898119518163], "valid": [24.365685689769666, 26.451866535571984, 27.323368607660264, 27.850224784525015, 27.96901992178251, 28.573970028306093, 28.164430835281756, 28.3430244425027, 28.267159282349688, 28.67647742796074, 28.928336142477544, 28.36033872972653, 13.93446968794857, 14.148029792092885, 14.347119007672843, 14.559878450802152, 14.552069505827236, 14.679842555453767, 14.773859428007448, 14.805709873189077]}, "3": {"train": [27.623819558852432, 25.295859891642387, 26.56213451344571, 27.288485782579542, 27.889497458697512, 28.237020591992692, 28.311184895833332, 28.45249690737144, 28.525599254589807, 28.614798791273586, 28.461084883983073, 28.587466671146643, 15.677715405553435, 13.933759765625, 14.161741554522752, 14.47339962613878, 14.548084167186921, 14.645331326737653, 14.68035058160204, 14.737440206772568], "valid": [24.46185550227905, 26.15110115182694, 26.789222297720393, 27.915472107529745, 27.818670877221706, 28.454451854364603, 28.198619779526837, 28.52099896973321, 28.91054614082941, 28.46352224294086, 28.488776685077585, 28.53466301165331, 13.93378292177002, 14.084339840743947, 14.323279083907721, 14.605022878663222, 14.540055422364293, 14.584393602842153, 14.755850992737376, 14.75756222442589]}, "4": {"train": [27.616939807910192, 25.24381182728103, 26.692993292319876, 27.388010984612006, 27.83804960995306, 28.140432350195386, 28.28171557066223, 28.648695658614272, 28.53581799302858, 28.583383870352385, 28.677948315529044, 28.53595480571356, 15.775736822367508, 13.946902371207917, 14.224806524651429, 14.402968005745931, 14.617492960295852, 14.621647923025343, 14.707841601779274, 14.737229759902192], "valid": [24.492599878416726, 25.84165460777023, 27.29102714338502, 27.682168505214808, 27.959916713838574, 28.07766488604285, 28.699581832041194, 28.809644524428574, 28.570582654543486, 28.705158392390707, 28.490114537548838, 28.765412856494738, 13.970924033750574, 14.19416422395972, 14.400163602978582, 14.503074505538999, 14.535086959037674, 14.600801679597318, 14.754045511176967, 14.780857406613501]}}