{"0": {"train": [5.52519679881137, 5.308750251804232, 5.334506997301649, 5.404641749217836, 5.405099871080041, 5.344848379342267, 5.40807875441538, 5.402912176633862, 5.406898833817965, 5.283877379621393, 5.421632789556779, 5.408192065129807, 4.593737728708691, 4.394007540037349, 4.394988629301521, 4.407345183594321, 4.405106544606191, 4.409192953632226, 4.417949088801881, 4.4287892229121475], "valid": [5.308190686659596, 5.3410015903408645, 5.366443717323537, 5.4071262975967604, 5.411339105997544, 5.460213107313131, 5.453042713910137, 5.341457688206074, 5.3691989805872415, 5.382878856218687, 5.490466383793023, 5.430724940594478, 4.491706117569322, 4.4633966256734805, 4.452816109469884, 4.451006191489255, 4.480083130035115, 4.485385280806648, 4.4888718950696385, 4.497656966772811]}, "1": {"train": [5.419661793120309, 5.277916022717407, 5.323758586095913, 5.334472348039716, 5.369119458450493, 5.3044904239183746, 5.435148077072467, 5.437845695318593, 5.391184116065282, 5.2640474226861045, 5.364048500827098, 5.312450926734774, 5.407277132786605, 5.422656852140555, 5.4071978632435505, 5.371230491836021, 5.476773982234902, 5.399333617235862, 5.439042966131997, 5.4485210190369715], "valid": [5.299383266970134, 5.381322592998845, 5.441715090555916, 5.446175909012612, 5.507723662530491, 5.3681073156060535, 5.373815116477771, 5.633513571393542, 5.360915871166246, 5.403035426243944, 5.274232537167859, 5.448839714730894, 5.466713748867632, 5.478862981385762, 5.489543886238236, 5.373707100814086, 5.4429339755719255, 5.530605596969519, 5.567880631683026, 5.537362415792045]}, "2": {"train": [5.431421371087505, 5.316709731285763, 5.342391163364063, 5.387861362348097, 5.343544494824059, 5.380407067270404, 5.369162986628641, 5.404816766206536, 5.362753052909689, 5.377375473240223, 5.385072009775221, 5.432387164497509, 4.632291362315921, 4.3969681903500275, 4.397340771115013, 4.410659222430673, 4.415803824963719, 4.3742540209711525, 4.3848104315541105, 4.425814083229962], "valid": [5.326566856525893, 5.350200412091553, 5.552398614997965, 5.46437710619367, 5.466172128622923, 5.485273590587711, 5.4429441483860135, 5.4322464377213295, 5.555808220094125, 5.521932346961034, 5.4372979132736035, 5.5072888981401595, 4.447898401817616, 4.495934026584557, 4.4797102494240555, 4.524267696177712, 4.497313036968474, 4.5203788589527525, 4.50799962068902, 4.535044666386082]}, "3": {"train": [5.4835493725435525, 5.330064347704534, 5.43507348960288, 5.4041106399504, 5.346580381020828, 5.380037199602125, 5.36853125158026, 5.3796357279270826, 5.407880847189864, 5.326886692685233, 5.413516858173851, 5.420436218637745, 4.63390278528031, 4.400599102682771, 4.398865880120575, 4.408142891873215, 4.39617530925685, 4.4151107977288735, 4.435297731805459, 4.4278780376354305], "valid": [5.2598017310411915, 5.36958574560722, 5.467219041971014, 5.440536446661348, 5.419413803260053, 5.358369902541012, 5.480400298467721, 5.40992063963549, 5.3912794951845155, 5.4857701640887, 5.327176655906352, 5.5103555077454764, 4.492459404433207, 4.4570185545732555, 4.474061443809042, 4.445288779973203, 4.470779514149113, 4.503340825110771, 4.5292240750341515, 4.480989838479518]}, "4": {"train": [5.488118395180261, 5.236778380057745, 5.302812433648127, 5.269333077324894, 5.351682547389517, 5.323980271179442, 5.290131852787258, 5.374240767255752, 5.359465249733983, 5.374773235093466, 5.362983907690512, 5.336292187416227, 5.369954473094915, 4.656138991506351, 4.387541652460194, 4.408221853696955, 4.4017564776088225, 4.408546056853789, 4.439091476348803, 4.410317649505147], "valid": [5.348172235555832, 5.251961098318259, 5.318417292231796, 5.346267666873983, 5.421005608417783, 5.396066080443555, 5.3349340281458995, 5.535770476357165, 5.442325090435994, 5.490214579749862, 5.343901362141699, 5.417240136277004, 5.576903906539419, 4.462781019245029, 4.437040951076823, 4.438430264892007, 4.464569739182716, 4.484844416617008, 4.493790965243149, 4.52333259017247]}}