{"0": {"train": [16.422311060435117, 15.353008717217303, 16.072120604138284, 17.1446815927282, 17.15379528908379, 16.89503449899949, 15.832798929240463, 14.847058537870401, 13.978595452997276, 12.96462089684094, 12.209222195908549, 11.474565136984843, 11.089552377809946, 10.896251210724625, 10.596296180496424, 10.64962627192609, 10.544102307561309, 10.448340974646628, 10.354978140433413, 10.040264243975647], "valid": [17.94686624278193, 21.83634086277174, 24.46101711107337, 25.298727284307066, 25.084273628566574, 24.026664402173914, 23.546951957370926, 22.066873301630434, 20.61890577233356, 19.39612347146739, 18.691219163977582, 17.938999341881793, 17.382711659307066, 17.47269870923913, 17.35601806640625, 17.19428551715353, 17.47627590013587, 17.051378333050273, 17.44899849269701, 17.297742760699727]}, "1": {"train": [15.743033676771118, 15.046551031377724, 16.033112653269754, 16.800740338151396, 16.92459813255705, 16.340597791957595, 15.765579764134877, 14.662059815118358, 13.412855101541213, 12.693416585064714, 11.95155937340344, 11.537988480819994, 11.018097339598944, 10.65081570908549, 10.040868608438352, 9.461834899736035, 8.999467480734843, 8.510616791020947, 7.996465449112312, 7.897167569610014], "valid": [20.49664837381114, 23.14276653787364, 25.477326766304348, 26.633083177649457, 26.072292162024457, 26.201118800951086, 25.36138916015625, 23.859560759171195, 22.664749808933426, 22.83968452785326, 21.094287374745246, 21.086132547129754, 21.01968649159307, 19.904541015625, 19.238859757133152, 18.22322414232337, 17.962066650390625, 17.21796185037364, 16.440721594769023, 16.66241455078125]}, "2": {"train": [15.801880215429156, 14.854806842855927, 16.060077220282697, 16.803711602733312, 16.89604199484843, 16.298692084787977, 15.432531039786275, 14.672327026034571, 13.599559482501704, 12.724768033144585, 12.086137402609843, 11.196492291276396, 11.016819093792575, 10.668170648309776, 10.650053684328167, 10.603141098646118, 10.385984332425068, 10.150946760047685, 10.079815690458958, 10.185507626234672], "valid": [20.76434856912364, 22.083709716796875, 25.29862113620924, 25.803206734035324, 26.475437330163043, 25.590048085088316, 24.49717380689538, 24.70336383322011, 22.167786971382473, 21.295562744140625, 21.30131199048913, 20.130339249320652, 19.688808275305707, 19.728316597316574, 19.231907056725543, 19.19162252674932, 19.094742484714676, 19.155094312584918, 18.677628226902176, 19.217680557914402]}, "3": {"train": [16.34712905260133, 15.350264297194313, 16.16772194844176, 17.070816746849456, 16.876361067353542, 16.530681225519412, 15.523325408187159, 14.70092906484162, 13.671919238015157, 12.761605327720538, 12.131128461874148, 11.539469622786104, 11.073234204700272, 10.878944500915361, 10.069306334617677, 9.753604899310286, 8.957347235822548, 8.858393115633515, 8.806113760217984, 8.033685086533549], "valid": [18.5652611773947, 22.637331755264945, 24.086513353430707, 25.316085152004074, 24.823210343070652, 24.428947117017664, 24.146150008491848, 22.753492272418477, 21.33001708984375, 20.428160294242527, 19.709809676460598, 18.882223378057066, 18.5500023883322, 17.785238514775816, 17.22475532863451, 16.244264022163723, 15.670975394870924, 15.334598707116168, 15.260840374490488, 14.487551481827445]}, "4": {"train": [16.18123029625934, 15.054043645444123, 16.39779928456182, 16.845568117888078, 16.986767312754754, 16.304369055706523, 15.984664253566576, 14.75434510604195, 13.625201017960258, 12.816797007685123, 12.429103022036346, 11.651707524838654, 11.379728897758152, 10.638867917268172, 10.168038741402004, 9.53801561438519, 8.92000148607337, 8.626263825789742, 8.415158147397248, 8.09471263056216], "valid": [18.95079359117445, 22.60738968063187, 24.75675276871566, 26.683067908653847, 26.06724866929945, 25.785011375343405, 24.51940247252747, 23.37128155048077, 22.051148802369507, 20.785982572115383, 20.313227056146978, 19.736517266912774, 19.541202084048763, 19.0827395260989, 17.4571774660886, 17.797100360576923, 16.719803024124314, 16.312926575377748, 15.927034147493131, 15.781958276098901]}}