{"0": {"train": [1388.6497802734375, 1360.64501953125, 1508.21728515625, 1349.5196533203125, 1626.378662109375, 1325.6917724609375, 1393.7362060546875, 1460.7943115234375, 1287.2918701171875, 1257.1064453125, 1276.4127197265625, 1360.0521240234375, 1265.588623046875, 1235.2916259765625, 1225.531982421875, 1257.1207275390625, 1230.043701171875, 1257.1207275390625, 1325.53369140625, 1244.905517578125, 1244.5166015625, 1323.460693359375, 1276.4039306640625, 1257.1256103515625, 1248.4151611328125, 1243.8720703125, 1318.3858642578125, 1332.941650390625, 1408.7547607421875, 1339.6734619140625, 1332.9415283203125, 1323.46337890625, 1266.794921875, 1246.654541015625, 1332.94140625, 1257.128173828125, 1320.1385498046875, 1332.943603515625, 1286.9373779296875, 1275.3883056640625, 1248.8017578125, 1347.576416015625, 1281.0277099609375, 1270.2020263671875, 1249.783447265625, 1247.4434814453125, 1248.7376708984375, 1331.19677734375, 1257.1287841796875, 1257.1298828125, 1241.681640625, 1377.8673095703125, 1216.6668701171875, 1244.2056884765625, 1332.9420166015625, 1332.941162109375, 1332.9443359375, 1272.9722900390625, 1257.12841796875, 1263.6129150390625, 1293.265625, 1297.914306640625, 1284.6014404296875, 1237.345947265625, 1284.7044677734375, 1255.471435546875, 1297.46875, 1243.606689453125, 1281.98681640625, 1332.9429931640625, 1334.948974609375, 1181.0081787109375, 1245.2095947265625, 1345.368896484375, 1323.489990234375, 1257.129150390625, 1231.53857421875, 1257.1292724609375, 1329.1885986328125, 1256.5958251953125, 1277.9989013671875, 1251.1153564453125, 1257.1290283203125, 1247.7869873046875, 1223.16064453125, 1257.126953125, 1244.8367919921875, 1257.1295166015625, 1360.4154052734375, 1284.6014404296875, 1332.9423828125, 1332.9423828125, 1252.3846435546875, 1232.6580810546875, 1257.129150390625, 1257.12939453125, 1332.941650390625, 1277.9971923828125, 1256.6307373046875, 1256.963623046875], "valid": [824.7826605902778, 628.1383463541666, 878.9441189236111, 570.1596137152778, 747.1541883680555, 775.9084743923611, 688.1465928819445, 723.2404513888889, 753.85791015625, 671.4124348958334, 739.8452690972222, 732.1351996527778, 701.5572916666666, 723.0329861111111, 709.8200412326389, 696.76171875, 701.3736436631945, 722.9688585069445, 702.3240017361111, 732.1490342881945, 704.6155056423611, 713.0208333333334, 704.6183810763889, 728.3569878472222, 706.6539171006945, 716.90234375, 704.6177300347222, 687.8103841145834, 732.1603190104166, 722.3497178819445, 707.8077799479166, 704.6189236111111, 709.5662434895834, 701.4844292534722, 720.6324869791666, 704.6216362847222, 704.6212022569445, 756.60009765625, 732.1575520833334, 760.5294053819445, 709.2428385416666, 704.6226128472222, 697.1315646701389, 722.3007269965278, 694.8633897569445, 724.9219835069445, 732.1610785590278, 710.7004665798611, 699.9080946180555, 721.0552842881945, 722.5636393229166, 668.3805881076389, 730.6814236111111, 754.9607747395834, 704.6180555555555, 702.6884223090278, 724.56982421875, 698.9935980902778, 689.7219509548611, 743.2710503472222, 773.9163953993055, 717.4175889756945, 741.1867947048611, 695.2696940104166, 732.1602105034722, 713.0488823784722, 690.9473198784722, 692.3165147569445, 729.3268229166666, 722.4928927951389, 716.0774739583334, 704.6222330729166, 684.9766167534722, 726.9431423611111, 691.19482421875, 712.7112630208334, 711.3942057291666, 702.2026909722222, 704.6197916666666, 717.5559895833334, 704.6194118923611, 707.6813151041666, 700.6643337673611, 726.3438585069445, 713.0864800347222, 694.5494791666666, 701.0340169270834, 725.1578776041666, 726.4925130208334, 711.5791558159722, 687.2235243055555, 770.5324435763889, 722.9583875868055, 704.6239691840278, 689.2868381076389, 704.6213650173611, 724.7075737847222, 720.5521375868055, 697.9348415798611, 714.9427625868055]}, "1": {"train": [1780.460018382353, 1506.8746553308824, 1377.1484375, 1452.167049632353, 1471.342715992647, 1313.1887637867646, 1362.4777113970588, 1400.6484375, 1308.3921185661766, 1369.4063648897059, 1386.9975873161766, 1441.1833639705883, 1350.0158547794117, 1481.4308363970588, 1368.0157398897059, 1465.907284007353, 1394.6138556985295, 1374.9779411764705, 1456.5367647058824, 1424.7994025735295, 1316.6685431985295, 1484.8390395220588, 1323.7740119485295, 1457.0970818014705, 1418.0984604779412, 1457.096737132353, 1388.3187040441176, 1368.6145450367646, 1353.3515625, 1338.9371553308824, 1392.0168887867646, 1325.9644990808824, 1455.5853630514705, 1353.354434742647, 1353.3534007352941, 1353.3548943014705, 1353.3553538602941, 1358.9558823529412, 1353.356502757353, 1353.3559283088234, 1353.3562729779412, 1353.3571920955883, 1329.9055606617646, 1329.6663602941176, 1353.3559283088234, 1353.3561580882354, 1353.356502757353, 1353.3558134191176, 1341.0943244485295, 1362.3802849264705, 1351.8991268382354, 1353.3579963235295, 1360.4222196691176, 1353.35546875, 1354.8220358455883, 1394.6313189338234, 1354.6414292279412, 1353.357421875, 1344.6150045955883, 1355.206112132353, 1319.1120174632354, 1353.357421875, 1360.4222196691176, 1353.3559283088234, 1352.202205882353, 1360.4242876838234, 1339.1205193014705, 1344.8143382352941, 1353.3556985294117, 1353.3568474264705, 1353.358455882353, 1353.3579963235295, 1353.3777573529412, 1353.3582261029412, 1353.3556985294117, 1353.3571920955883, 1353.358340992647, 1338.4311810661766, 1353.3568474264705, 1353.354434742647, 1353.3562729779412, 1344.8160615808824, 1353.357421875, 1360.4246323529412, 1353.357421875, 1356.4986213235295, 1353.356387867647, 1351.8298483455883, 1353.356502757353, 1353.3582261029412, 1360.4217601102941, 1340.2799862132354, 1353.356502757353, 1333.0129825367646, 1353.3566176470588, 1360.4219898897059, 1353.3562729779412, 1353.3570772058824, 1318.5823759191176, 1346.6277573529412], "valid": [580.818359375, 643.6757202148438, 723.7244873046875, 623.5941772460938, 584.0462036132812, 596.4031982421875, 549.883544921875, 676.6997680664062, 631.84130859375, 618.0363159179688, 645.8634643554688, 491.7546691894531, 596.116455078125, 627.7259521484375, 582.9857788085938, 656.607421875, 675.417724609375, 595.9661254882812, 614.6856689453125, 738.8463134765625, 542.3043212890625, 634.8408813476562, 614.6992797851562, 512.202392578125, 483.417236328125, 483.4211730957031, 601.2283325195312, 608.5864868164062, 614.70556640625, 541.36474609375, 558.92236328125, 497.4322204589844, 483.42376708984375, 469.0818176269531, 483.4237060546875, 483.42193603515625, 518.02978515625, 483.4247741699219, 534.510498046875, 545.5018920898438, 483.42645263671875, 487.7543029785156, 493.02703857421875, 483.4258728027344, 474.17633056640625, 497.6107177734375, 483.42633056640625, 483.4284362792969, 486.81134033203125, 483.42822265625, 499.48651123046875, 483.42816162109375, 483.427490234375, 491.45819091796875, 518.0307006835938, 483.43267822265625, 494.1470642089844, 483.42578125, 580.1085815429688, 469.0373229980469, 483.4283752441406, 518.0316772460938, 569.749755859375, 483.42694091796875, 518.0291748046875, 502.434814453125, 518.0313720703125, 483.4314270019531, 483.4315490722656, 492.0774841308594, 506.7041320800781, 483.42633056640625, 518.028564453125, 483.42559814453125, 518.0344848632812, 489.9153137207031, 518.0302124023438, 483.42486572265625, 483.43133544921875, 492.996826171875, 518.0345458984375, 483.4267272949219, 545.5062255859375, 483.4276123046875, 487.7579345703125, 506.3931884765625, 483.42608642578125, 483.4292297363281, 483.4319152832031, 518.0327758789062, 483.4289855957031, 518.031005859375, 518.0321044921875, 483.42633056640625, 518.0291137695312, 483.4305419921875, 518.0307006835938, 483.427978515625, 483.4298400878906, 518.0304565429688]},