{"0": {"train": [88.94393157958984, 84.02317810058594, 80.90245056152344, 83.38178253173828, 105.71703338623047, 86.40434265136719, 79.4623031616211, 83.34063720703125, 74.99224090576172, 83.07095336914062, 84.11717987060547, 98.1322021484375, 76.64387512207031, 77.31031799316406, 77.53748321533203, 77.70626068115234, 71.87601470947266, 76.60261535644531, 77.424560546875, 77.73274993896484, 77.07555389404297, 72.96699523925781, 77.73773193359375, 76.8768310546875, 85.49938201904297, 77.74022674560547, 77.73902130126953, 77.74031829833984, 83.34606170654297, 77.74152374267578, 77.74224853515625, 77.7405014038086, 77.74124908447266, 77.74091339111328, 77.74252319335938, 74.72906494140625, 77.74091339111328, 83.00972747802734, 77.74239349365234, 77.74251556396484, 76.88336181640625, 77.74000549316406, 77.74271392822266, 77.74258422851562, 77.74283599853516, 77.74297332763672, 77.74243927001953, 77.7425537109375, 77.74310302734375, 77.74406433105469, 77.74083709716797, 77.74427795410156, 77.74403381347656, 76.02629852294922, 77.74268341064453, 77.7425537109375, 77.74345397949219, 77.74164581298828, 73.70100402832031, 77.74278259277344, 77.74241638183594, 77.74310302734375, 77.74391174316406, 77.7422866821289, 77.74360656738281, 77.74313354492188, 77.7436752319336, 77.74478149414062, 77.01408386230469, 77.74390411376953, 77.74210357666016, 77.74067687988281, 77.74246978759766, 85.50153350830078, 78.38555908203125, 77.74478912353516, 76.64630889892578, 77.74417114257812, 77.7428207397461, 77.74286651611328, 82.17117309570312, 73.74498748779297, 77.74110412597656, 77.74227142333984, 77.74324035644531, 77.74251556396484, 77.74342346191406, 77.74444580078125, 77.74149322509766, 77.74358367919922, 77.7433853149414, 79.13633728027344, 76.436767578125, 77.74456787109375, 77.25142669677734, 77.74290466308594, 77.7437515258789, 77.28246307373047, 77.74527740478516, 85.50221252441406], "valid": [82.38939073350694, 62.69947645399306, 89.11798773871527, 72.94176567925348, 80.85928005642361, 84.77183024088542, 83.71139187282986, 91.24894883897569, 64.15840657552083, 60.693020290798614, 79.5430908203125, 71.42806667751736, 71.09872775607639, 71.43331570095486, 69.90171305338542, 71.43714057074652, 71.444580078125, 71.44639756944444, 71.44815402560764, 71.44945610894098, 71.45440673828125, 71.47543674045139, 71.47802734375, 71.39402940538194, 71.45798068576389, 71.45655653211806, 71.46084255642361, 71.45962863498264, 71.45834011501736, 71.45984564887152, 71.46432834201389, 76.97563340928819, 77.87030707465277, 71.46544053819444, 71.46102566189236, 68.40463595920139, 69.76546902126736, 71.46178521050348, 71.46144612630208, 71.46310085720486, 71.46483018663194, 71.46594916449652, 71.46726481119792, 71.46336534288194, 71.46818033854167, 71.46588134765625, 71.46455891927083, 71.46634250217014, 71.46592881944444, 71.46856011284723, 69.70281982421875, 71.46946207682292, 71.46652560763889, 62.26179334852431, 71.46443684895833, 71.460693359375, 71.46692572699652, 71.46621365017361, 71.46440972222223, 71.46563720703125, 71.27090115017361, 68.41064453125, 74.87576633029514, 71.46249728732639, 71.46563720703125, 65.32617865668402, 71.46601698133681, 68.41012234157986, 68.40457492404514, 71.46459282769098, 66.87046983506944, 71.46552870008681, 71.46518283420139, 63.79515923394097, 71.46485053168402, 71.46384684244792, 71.46321614583333, 71.46486409505208, 71.46392822265625, 71.46732584635417, 71.46080864800348, 71.46407063802083, 68.84095594618056, 71.46568467881944, 83.73651801215277, 71.46771240234375, 71.46657307942708, 71.46574571397569, 66.73647054036458, 71.46575927734375, 71.13384331597223, 79.97255452473958, 83.73402235243056, 72.44386800130208, 71.46615939670139, 68.40424940321181, 71.4676513671875, 71.46270751953125, 71.46821424696181, 82.19496663411458]}, "1": {"train": [108.86249138327206, 80.20684455422794, 80.10722799862133, 89.67591768152573, 76.26024672564338, 75.560791015625, 78.4202019186581, 79.15331313189338, 75.90838982077206, 79.71381692325367, 81.1085564108456, 79.4623161764706, 75.21848431755515, 75.8575439453125, 77.80176499310662, 61.481495576746326, 77.05178653492646, 80.07328527113971, 86.35688332950367, 78.8282829733456, 72.3817497702206, 78.18368709788604, 79.41569967830883, 71.70517147288604, 75.63880112591912, 76.35915958180146, 75.66796875, 75.84665096507354, 69.87553136488971, 75.18640854779412, 75.96461397058823, 79.10431985294117, 71.63139073988971, 76.25297995174633, 77.2652587890625, 74.8570915670956, 76.8778435202206, 83.73974609375, 77.15365780101104, 75.24241727941177, 73.1937255859375, 74.49289838005515, 74.02192239200367, 73.40630026424633, 73.80841423483456, 75.95008042279412, 68.04314108455883, 63.297463809742645, 75.4381462545956, 76.43706916360294, 75.35549747242646, 73.67051786534927, 74.33421415441177, 70.55863683363971, 71.63653923483456, 82.91521857766544, 75.2239990234375, 73.02187930836396, 76.11860926011029, 74.9122314453125, 77.650390625, 73.04716940487133, 75.64468204273896, 80.21343635110294, 76.33458036534927, 75.17151596966912, 76.48724724264706, 75.22335994944854, 73.57887896369485, 76.84428854549633, 69.86358283547794, 71.70441032858456, 83.8744758157169, 77.94272748161765, 74.39155847886029, 73.07261747472427, 69.9716437844669, 73.19256950827206, 77.6647087545956, 75.22274959788604, 71.05738022748162, 75.22300091911765, 80.11491842830883, 76.84585391773896, 82.34679457720588, 75.22388413373162, 73.56977395450367, 80.07850557215073, 71.25489717371323, 73.9579216452206, 77.62794404871323, 71.83198098575367, 75.2238410500919, 82.81275132123162, 72.43808880974265, 80.51569680606617, 70.81657858455883, 67.9076789407169, 81.30612362132354, 68.7408088235294], "valid": [78.22853088378906, 77.45866394042969, 107.36912536621094, 80.8128662109375, 58.853721618652344, 84.88023376464844, 76.43419647216797, 100.54905700683594, 85.62963104248047, 87.98416900634766, 85.28919219970703, 83.41736602783203, 75.6462631225586, 90.39971160888672, 67.43241119384766, 66.39306640625, 69.16873931884766, 75.01390838623047, 76.52418518066406, 75.93443298339844, 72.04192352294922, 69.1780014038086, 67.12586212158203, 72.7110366821289, 69.5360107421875, 69.18492889404297, 91.62713623046875, 84.70014953613281, 71.0820083618164, 66.04023742675781, 69.78672790527344, 61.4703254699707, 72.08480834960938, 72.97944641113281, 63.903724670410156, 67.62591552734375, 70.42874908447266, 61.427486419677734, 72.96634674072266, 50.312660217285156, 69.2201156616211, 73.49108123779297, 61.84679412841797, 62.55067825317383, 65.11883544921875, 70.05310821533203, 59.96796417236328, 69.18390655517578, 63.980838775634766, 62.489654541015625, 61.425472259521484, 54.14834976196289, 65.44803619384766, 54.22300338745117, 56.59306335449219, 61.4299430847168, 71.77645874023438, 61.42497253417969, 67.89825439453125, 54.62118911743164, 62.04153823852539, 62.51016616821289, 70.91291046142578, 65.94259643554688, 59.031333923339844, 58.305843353271484, 66.94060516357422, 67.27754211425781, 67.33988952636719, 69.18358612060547, 61.42559051513672, 54.750633239746094, 64.60900115966797, 50.16182327270508, 60.869476318359375, 57.86725616455078, 77.01663970947266, 60.56953048706055, 79.36848449707031, 64.87841796875, 61.42652130126953, 62.604862213134766, 63.152889251708984, 73.74130249023438, 63.152976989746094, 63.94881820678711, 61.42658996582031, 67.41351318359375, 62.26423263549805, 64.00933074951172, 61.42643356323242, 62.095706939697266, 61.473114013671875, 73.93826293945312, 64.87557220458984, 70.95674896240234, 67.46249389648438, 62.29553985595703, 58.44367599487305, 70.04098510742188]},