{"0": {"train": [31.57341752078555, 12.861072650874426, 9.731544536625574, 7.725201763188074, 7.284072489607225, 6.38756284941227, 6.1477129846975345, 5.519799491112385, 6.04923846043578, 5.668765723552179, 5.543882463087729, 5.194071459288991, 5.080976450508888, 5.145288869875286, 4.970870798093463, 4.84705331224914, 5.017927290890195, 5.087781142488532, 4.820277289994266, 4.764019338625286], "valid": [20.054997849770643, 7.719595756880734, 8.761483479071101, 8.646830920298164, 5.973715954701835, 6.771239248853211, 6.443536320957569, 5.687927358084862, 5.339086062930046, 6.9050161267201835, 5.5956963159403665, 5.170884461009174, 5.423047502150229, 5.154528651806193, 4.840172376720184, 4.883598946387615, 4.87700258027523, 4.84618101347477, 4.807701494409404, 5.04178684059633]}, "1": {"train": [31.046902594610092, 13.55402388546445, 8.612630447247707, 9.025607350200689, 7.0126185761897935, 6.743695169151376, 6.503150399584289, 6.839971128691227, 6.526209056049312, 6.546574662234805, 6.515384487887041, 6.108942042359518, 6.566471361632741, 6.1006861247491395, 5.793346204845183, 5.901907163847477, 6.108636575401376, 6.583852561460723, 5.514818238424598, 5.397606951512328], "valid": [18.57014872419725, 9.414118764334862, 7.005423236811927, 6.606896143922018, 6.4632131594036695, 6.7275451548165135, 6.528051354644496, 7.642501075114679, 6.244526591169725, 6.271194273222477, 6.531043936353211, 6.8009595398509175, 5.9514806120986234, 5.639259514764908, 5.783966008457568, 5.5715725344036695, 5.51532217603211, 5.413976222047018, 5.0353538023222475, 5.510670154816514]}, "2": {"train": [31.666942732224772, 14.553638949612958, 8.007758296301606, 6.860470945025803, 8.085363254372133, 6.163635186711582, 5.788829020928899, 5.661800973874714, 5.397355934633027, 5.736041136575401, 5.1764990458357225, 5.233609899118406, 5.169970546337443, 5.0059254049598625, 4.809795974591457, 4.867082855504587, 5.259252369731938, 5.103675257131594, 4.83686044115539, 4.786191003081996], "valid": [19.109867044151375, 9.373720255160551, 7.3326053612385325, 7.18303719896789, 5.892006522362386, 6.132800046588303, 5.9902410048738535, 5.609612958715596, 5.454240162700688, 7.042660102494266, 5.185507095756881, 5.119689919008027, 5.0293233049025226, 4.99209038130734, 4.965044348480505, 4.819992832568808, 4.829615825688073, 4.795622043434633, 4.674914797161697, 4.791659618692661]}, "3": {"train": [32.39884129515482, 15.447452336582568, 9.590487430117546, 7.763131405891628, 7.425489983514908, 6.53010778024656, 6.174756620914565, 5.921057240897363, 5.794928773652523, 5.989717827193234, 5.481465896466457, 5.454315577515769, 5.277817069237385, 5.347610423236812, 5.066529597011181, 5.492267752831135, 4.979277612528669, 4.9699588096688645, 5.263088154924025, 5.25915056981078], "valid": [22.054075043004588, 10.607758206708716, 8.530951655676606, 7.239692338016055, 6.974928684059633, 6.112884263904816, 6.125061819094037, 6.17021448537844, 5.529311568233945, 5.366885392775229, 5.934975630733945, 5.275452354501147, 5.068045083142202, 6.3512397864105505, 4.991760679472477, 4.973340560493119, 4.885778920584863, 4.847760356938074, 4.841837818950688, 4.93933638546445]}, "4": {"train": [32.19000537557339, 15.400329701834863, 8.506790603497706, 7.14173637740109, 7.330695912772362, 6.139764863460436, 6.145895346545299, 6.1023801919079705, 6.3257728730647935, 5.998721039098337, 5.839193775981938, 5.54558051713016, 5.418575002687787, 5.188626563395929, 5.448854330920298, 5.000955328985092, 4.984261441012041, 4.92383753225344, 4.702051296409117, 4.805209423380161], "valid": [19.227659833715595, 11.138790854357799, 7.297162772362386, 6.859417108658257, 5.725992062069954, 6.638327300745413, 7.532535478784403, 6.20020534690367, 5.796751182626147, 6.771585256594037, 5.822394280389909, 6.1521594574254586, 5.689897326548165, 5.5893032360951835, 5.407516485091743, 4.916454361381881, 4.791414492545871, 5.797358891198394, 4.739221706565367, 4.77987349483945]}}