metrics,mean
P_2,0.3
P_5,0.16
P_10,0.16
recall_2,0.26666666666666666
recall_5,0.36666666666666664
recall_10,0.7333333333333333
ndcg_cut_2,0.3226294385530917
ndcg_cut_5,0.34129528775841056
ndcg_cut_10,0.4990054928348303
map_cut_2,0.21666666666666665
map_cut_5,0.23666666666666666
map_cut_10,0.3311111111111111
success_2,0.6
success_5,0.8
success_10,1.0
aucroc,0.5673400673400674
skill_coverage_2,0.7333333333333333
skill_coverage_5,0.9
skill_coverage_10,1.0
