metrics,mean
P_2,0.1
P_5,0.08
P_10,0.18000000000000002
recall_2,0.1
recall_5,0.2
recall_10,0.8
ndcg_cut_2,0.12262943855309168
ndcg_cut_5,0.17006898110695093
ndcg_cut_10,0.4075721949458767
map_cut_2,0.1
map_cut_5,0.12
map_cut_10,0.23132275132275132
success_2,0.2
success_5,0.4
success_10,1.0
aucroc,0.3619528619528619
skill_coverage_2,0.8666666666666668
skill_coverage_5,0.8666666666666668
skill_coverage_10,1.0
