metrics,mean
P_2,0.1
P_5,0.04
P_10,0.18000000000000002
recall_2,0.1
recall_5,0.1
recall_10,0.8
ndcg_cut_2,0.12262943855309168
ndcg_cut_5,0.12262943855309168
ndcg_cut_10,0.4070515631222949
map_cut_2,0.1
map_cut_5,0.1
map_cut_10,0.2316005291005291
success_2,0.2
success_5,0.2
success_10,1.0
aucroc,0.35774410774410775
skill_coverage_2,0.8666666666666668
skill_coverage_5,0.8666666666666668
skill_coverage_10,1.0
