metrics,mean
P_2,0.1
P_5,0.08
P_10,0.18000000000000002
recall_2,0.1
recall_5,0.2
recall_10,0.8
ndcg_cut_2,0.12262943855309168
ndcg_cut_5,0.17006898110695093
ndcg_cut_10,0.4103772027918122
map_cut_2,0.1
map_cut_5,0.12
map_cut_10,0.2337037037037037
success_2,0.2
success_5,0.4
success_10,1.0
aucroc,0.367003367003367
skill_coverage_2,0.8666666666666668
skill_coverage_5,0.8666666666666668
skill_coverage_10,1.0
