{"0": {"train": [105.31688690185547, 105.31689453125, 105.31689453125, 105.31689453125, 105.31689453125, 105.31689453125, 105.31689453125, 105.31689453125, 105.31688690185547, 105.31689453125, 105.31688690185547, 105.31689453125, 105.31689453125, 105.31688690185547, 105.31689453125, 105.31689453125, 105.31688690185547, 105.31688690185547, 105.31688690185547, 105.31689453125], "valid": [113.95157623291016, 113.95157623291016, 113.95157623291016, 113.95157623291016, 113.95157623291016, 113.95157623291016, 113.95157623291016, 113.95157623291016, 113.95157623291016, 113.95157623291016, 113.95157623291016, 113.95157623291016, 113.95157623291016, 113.95157623291016, 113.95157623291016, 113.95157623291016, 113.95157623291016, 113.95157623291016, 113.95157623291016, 113.95157623291016]}, "1": {"train": [37.042724609375, 15.086712837219238, 9.54672908782959, 5.173124313354492, 5.166781425476074, 3.3314051628112793, 4.051050662994385, 8.264204025268555, 3.1448464393615723, 7.3794474601745605, 4.2330241203308105, 2.516232967376709, 6.57671594619751, 7.645315647125244, 3.314497709274292, 3.097827196121216, 3.210371255874634, 2.5145204067230225, 2.843341827392578, 3.744746208190918], "valid": [21.813371658325195, 18.142642974853516, 14.379913330078125, 11.237921714782715, 9.079069137573242, 7.740058422088623, 7.850855350494385, 8.659927368164062, 9.284133911132812, 9.41958999633789, 9.181178092956543, 8.982240676879883, 9.687463760375977, 10.371171951293945, 10.920919418334961, 11.377120018005371, 11.529193878173828, 11.500404357910156, 11.372875213623047, 11.165945053100586]}, "2": {"train": [9.530755043029785, 6.198216915130615, 4.7285895347595215, 2.7675819396972656, 5.465438365936279, 1.3984428644180298, 1.5255542993545532, 1.2613003253936768, 0.5713815689086914, 0.8085817694664001, 0.4114498198032379, 0.3686436712741852, 0.4778692424297333, 0.02846776880323887, 0.19931797683238983, 0.02329884096980095, 0.49413561820983887, 0.02615392953157425, 0.04479233920574188, 0.3869204521179199], "valid": [9.495304107666016, 9.398937225341797, 11.670378684997559, 15.644055366516113, 16.975547790527344, 16.837026596069336, 16.745319366455078, 16.536090850830078, 15.737578392028809, 16.710905075073242, 17.53780174255371, 18.2628116607666, 19.080350875854492, 19.530710220336914, 20.135255813598633, 20.758930206298828, 20.931001663208008, 21.326196670532227, 21.70196533203125, 21.99178123474121]}}