{"0": {"train": [10.982648468017578, 8.54765625], "valid": [8.93756103515625, 7.102778625488281]}, "1": {"train": [10.821532440185546, 8.465933227539063], "valid": [9.151456451416015, 8.881792449951172]}, "2": {"train": [10.818260192871094, 7.787333679199219], "valid": [9.479179382324219, 10.396089172363281]}, "3": {"train": [10.85131378173828, 8.345362854003906], "valid": [9.293923950195312, 9.766100311279297]}, "4": {"train": [10.4164794921875, 7.422482299804687], "valid": [11.776950073242187, 12.627922058105469]}}