{"0": {"train": [39.792137145996094, 19.635713577270508, 11.05958080291748, 33.840824127197266, 37.28958511352539, 14.576790809631348, 8.950218200683594, 6.9873175621032715, 26.88643455505371, 21.99700355529785, 17.98328399658203, 9.689168930053711, 9.736101150512695, 9.479787826538086, 13.2404146194458, 13.314777374267578, 7.787235260009766, 9.145471572875977, 8.286942481994629, 10.985849380493164], "valid": [31.067243576049805, 42.811553955078125, 17.329559326171875, 26.82748794555664, 8.697310447692871, 8.762959480285645, 11.69124984741211, 25.175762176513672, 14.795334815979004, 13.89917278289795, 5.000730514526367, 8.62350082397461, 16.90055274963379, 28.38300132751465, 29.302595138549805, 7.059475421905518, 15.611332893371582, 7.020962715148926, 4.229257583618164, 4.289461612701416]}, "1": {"train": [65.1001205444336, 40.808387756347656, 47.11579132080078, 39.959327697753906, 32.43949890136719, 29.85670280456543, 29.47309112548828, 18.376649856567383, 30.275650024414062, 6.524147987365723, 8.841058731079102, 18.464927673339844, 7.216418266296387, 26.305339813232422, 6.3268208503723145, 11.714024543762207, 5.477752685546875, 6.974505424499512, 25.996356964111328, 4.46005392074585], "valid": [44.19965744018555, 50.713130950927734, 60.03438186645508, 38.9320068359375, 36.98668670654297, 36.18339920043945, 24.419864654541016, 20.910900115966797, 14.325139999389648, 40.082088470458984, 31.20044708251953, 39.3677978515625, 13.951556205749512, 12.618997573852539, 13.941380500793457, 19.03185272216797, 11.5811185836792, 13.94583797454834, 7.089021682739258, 13.9714994430542]}, "2": {"train": [92.09548950195312, 92.85533905029297, 95.18157196044922, 99.73377227783203, 77.1888427734375, 57.26205062866211, 90.65770721435547, 64.49695587158203, 43.179996490478516, 29.084186553955078, 20.65394401550293, 25.29958724975586, 15.392460823059082, 30.27414894104004, 12.812042236328125, 4.08284854888916, 7.751051425933838, 13.774691581726074, 10.229156494140625, 19.192106246948242], "valid": [113.7626724243164, 90.46036529541016, 119.63137817382812, 93.67655181884766, 97.07506561279297, 95.50983428955078, 103.17057800292969, 102.97076416015625, 62.4771842956543, 79.45655822753906, 12.463586807250977, 69.49931335449219, 21.854122161865234, 8.823631286621094, 41.870975494384766, 3.7289187908172607, 7.033641815185547, 10.48299789428711, 7.010565757751465, 8.921063423156738]}}