{"0": {"train": [868.5093955993652, 973.6846313476562, 790.5657234191895, 747.373851776123, 753.8379211425781, 650.5240745544434, 636.5003547668457, 594.9649620056152, 754.013973236084, 876.7375831604004, 707.7804985046387, 608.052318572998, 717.0938148498535, 765.7527275085449, 605.676212310791, 597.1806812286377, 759.1550216674805, 862.7247123718262, 694.0182762145996, 639.7585678100586, 659.3788795471191, 816.0929183959961, 870.041130065918, 776.2800903320312, 764.061653137207, 769.597843170166, 757.7203750610352, 577.8220539093018, 490.4004535675049, 440.72177505493164, 431.5384750366211, 516.0898418426514, 429.9691925048828, 425.4899845123291, 379.9025573730469, 351.50461196899414, 357.9974880218506, 424.2018451690674, 493.94634437561035, 430.5127944946289, 408.09566497802734, 426.44161224365234, 414.35657501220703, 512.347526550293, 512.9485969543457, 451.24281120300293, 412.1589889526367, 412.5424976348877, 442.4782466888428, 362.22076416015625, 282.95201110839844, 281.1827917098999, 293.2468214035034, 292.35810470581055, 303.82537746429443, 323.3963966369629, 319.043493270874, 294.3877067565918, 265.443021774292, 249.33154964447021, 243.49769973754883, 263.93913173675537, 279.5494441986084, 274.31726837158203, 286.9685688018799, 303.53404808044434, 281.6291437149048, 247.98832035064697, 240.5870304107666, 250.04125118255615, 287.1099634170532, 271.87721729278564, 306.0412406921387, 317.18358039855957, 285.78762435913086, 280.63025665283203, 296.1502285003662, 277.58825302124023, 262.8426179885864, 276.773645401001, 299.4043893814087, 293.82522201538086, 280.6797466278076, 260.4884719848633, 237.06508350372314, 223.25341176986694, 207.8664426803589, 188.75395107269287, 197.30595684051514, 215.55284595489502, 199.5829381942749, 193.197434425354, 191.00178384780884, 194.7500581741333, 182.98291110992432, 186.6086721420288, 190.78052759170532, 177.73022365570068, 164.7077283859253, 174.52709913253784], "valid": [861.9199557834202, 889.4813096788195, 760.7444390190972, 748.5916815863716, 701.6031426323784, 591.8213365342882, 647.9874131944445, 593.9756808810764, 880.7949625651041, 800.2770724826389, 625.829603407118, 589.8016425238716, 837.7591824001736, 613.1681722005209, 573.6044108072916, 692.2792358398438, 752.5512152777778, 895.2455444335938, 631.2770521375868, 631.3527153862847, 779.1480373806423, 807.0730726453993, 789.4018012152778, 748.0699801974827, 753.7644110785591, 791.3920694986979, 621.1084798177084, 490.8633965386285, 451.54717339409723, 423.88460964626734, 524.826195610894, 443.525627983941, 408.07913886176215, 399.94086371527777, 375.3480868869358, 376.7276306152344, 360.39587063259546, 469.70711941189234, 458.51158311631946, 417.96053398980035, 415.9693535698785, 403.1957024468316, 494.8408949110243, 504.18335978190106, 506.4500495062934, 415.43800184461804, 399.4961513943142, 445.6202392578125, 403.9817945692274, 310.29398939344617, 255.38786824544272, 277.9880082872179, 246.82691277398004, 296.39864434136285, 306.03920491536456, 324.9159444173177, 298.14748128255206, 274.35921563042535, 238.89317321777344, 244.44182840983072, 243.03740946451822, 277.6302473280165, 255.73458862304688, 277.87432352701825, 295.16187540690106, 294.23122151692706, 264.9232754177517, 249.7052205403646, 223.94490898980035, 260.10125732421875, 298.66357421875, 265.82307773166235, 304.9286939832899, 319.1492224799262, 267.5138939751519, 291.24170939127606, 317.8790011935764, 275.5742441813151, 265.1650204128689, 308.2582143147786, 304.8825870090061, 263.6224365234375, 256.20726691351996, 217.25133768717447, 212.0489044189453, 214.71722920735678, 204.8552008734809, 214.36220465766058, 191.245113796658, 204.29615783691406, 191.07367112901477, 166.89399888780383, 196.31163533528647, 193.89600626627603, 189.51134067111545, 201.2240244547526, 181.19341701931424, 192.35145399305554, 170.2452621459961, 186.7932849460178]}, "1": {"train": [848.9341071633731, 868.5344633214614, 677.2077349494485, 700.2825820025275, 706.0086741727941, 655.0543212890625, 584.2661994485294, 580.2286682128906, 662.6265043370864, 670.6053682215073, 708.5484296013327, 755.4032341452206, 782.2354054170496, 855.296293370864, 778.2987634995404, 606.8213249655331, 590.8172733082491, 772.2978515625, 712.3370792164523, 593.440830006319, 593.0985179227941, 441.1794164321002, 348.1806856043199, 412.9913330078125, 545.5118156881894, 470.39885936063877, 423.3163829130285, 426.17394121955425, 510.23625093347886, 511.6298989688649, 503.1912016027114, 559.1509543026195, 529.8212818818934, 517.1090105842142, 457.17629466337314, 363.3740467744715, 324.5192844166475, 311.8909014533548, 296.25986705106845, 311.6473550235524, 334.3610947552849, 337.11154713350186, 331.08631268669575, 302.2835504868451, 264.12206313189336, 276.2849722469554, 295.393118465648, 299.17594460880053, 289.39430775361905, 291.782860251034, 312.9302781048943, 318.60279756433823, 252.1263230267693, 240.723949656767, 256.3805694580078, 273.07015901453354, 297.8991376091452, 317.1543507295496, 305.0217724968405, 280.2875913732192, 268.24318470674405, 275.3209129782284, 312.2602673698874, 310.1453597124885, 286.7643468520221, 261.15132948931523, 269.63268863453584, 256.0929816750919, 248.526439891142, 229.71453498391543, 207.48416855755974, 211.73916895249312, 195.82595017377068, 187.41138323615579, 196.78411954991958, 180.31115947050208, 197.63268818574792, 189.9172336353975, 183.96756789263557, 180.22479921228745, 162.29921991684859, 180.9602077708525, 160.47755162856157, 168.02781363094553, 168.7847640093635, 177.6081408332376, 199.4316374834846, 187.77847738826975, 202.53577108944162, 198.35407840504365, 179.6757049560547, 175.08636474609375, 192.16898121553308, 178.92842461081113, 205.6459862204159, 180.67772270651426, 188.59572017894072, 191.04322007123162, 170.22322262034697, 170.4530096615062], "valid": [900.3327484130859, 719.3645401000977, 614.0386352539062, 752.4133605957031, 697.0936431884766, 576.1483917236328, 533.5472450256348, 732.13525390625, 589.2981300354004, 677.1743774414062, 739.287841796875, 727.5176315307617, 780.8251571655273, 853.7187728881836, 715.2932815551758, 547.6648483276367, 648.8644180297852, 828.4410934448242, 582.7873077392578, 580.3357391357422, 522.8250579833984, 334.8436279296875, 349.51233291625977, 497.7951850891113, 528.1271018981934, 430.85289001464844, 435.79334259033203, 460.1708183288574, 484.66650390625, 493.6521682739258, 498.5659599304199, 524.2801628112793, 532.4968757629395, 515.3889465332031, 417.9075126647949, 324.7438278198242, 307.6897735595703, 291.33126068115234, 287.786771774292, 332.7004737854004, 356.9595603942871, 326.52217864990234, 306.41190338134766, 263.4699878692627, 251.89488220214844, 270.5316333770752, 274.93291091918945, 273.04201889038086, 277.02700424194336, 294.3556308746338, 329.46020126342773, 251.99376106262207, 249.8488941192627, 255.1640853881836, 264.31544494628906, 247.40958404541016, 298.96632957458496, 307.231201171875, 266.02140045166016, 273.23225593566895, 258.42963218688965, 297.7400760650635, 300.1576957702637, 309.40553283691406, 273.71375846862793, 260.623010635376, 274.8697395324707, 245.7984447479248, 242.83873558044434, 237.0302963256836, 231.63013648986816, 207.4772605895996, 189.7014045715332, 181.93861198425293, 174.56157875061035, 195.1396827697754, 193.70842742919922, 168.61085891723633, 171.53766059875488, 167.44176769256592, 180.9134759902954, 196.59427070617676, 161.07653713226318, 188.84618377685547, 190.2330141067505, 213.5287208557129, 206.2162742614746, 188.45120906829834, 177.15007400512695, 175.01836109161377, 174.98719596862793, 171.82983589172363, 188.86725044250488, 192.0023651123047, 188.21333694458008, 208.20906257629395, 171.39851760864258, 191.2778034210205, 161.68249797821045, 176.58407592773438]},