{"0": {"train": [10.656776428222656, 17.84658432006836, 14.426968574523926, 6.3885369300842285, 20.205875396728516, 6.923172950744629, 5.407896041870117, 4.22725248336792, 8.932754516601562, 5.227231979370117, 3.2224578857421875, 5.387462615966797, 5.921807289123535, 4.027240753173828, 5.57977819442749, 6.92554235458374, 7.170459747314453, 3.8273983001708984, 9.736225128173828, 4.205034255981445], "valid": [6.300100803375244, 7.345967769622803, 2.436391830444336, 18.346603393554688, 11.500697135925293, 17.227872848510742, 10.354207038879395, 3.1344094276428223, 4.883175849914551, 5.158342361450195, 9.380541801452637, 6.599099636077881, 1.9762574434280396, 5.760209083557129, 3.8217320442199707, 12.857370376586914, 3.3529422283172607, 5.00712251663208, 9.841978073120117, 4.007464408874512]}, "1": {"train": [41.67258071899414, 24.05363655090332, 34.375343322753906, 11.549068450927734, 18.856781005859375, 17.686445236206055, 10.535223007202148, 9.469779014587402, 5.018247604370117, 17.855390548706055, 10.379045486450195, 6.71745491027832, 10.419912338256836, 2.671039342880249, 4.072081565856934, 2.342508316040039, 2.819143056869507, 2.904829502105713, 2.693254232406616, 2.6679768562316895], "valid": [14.439050674438477, 21.212749481201172, 37.26889419555664, 24.624528884887695, 9.592046737670898, 19.536657333374023, 9.311965942382812, 13.176533699035645, 5.769315719604492, 4.673081874847412, 9.891300201416016, 3.8942012786865234, 7.384045600891113, 4.910847187042236, 8.771770477294922, 10.931929588317871, 4.744722366333008, 4.998726844787598, 6.331652641296387, 6.360105514526367]}, "2": {"train": [19.105947494506836, 11.963306427001953, 14.067864418029785, 12.29728889465332, 19.62294578552246, 9.34418773651123, 4.337259292602539, 3.9658031463623047, 8.265382766723633, 5.089020252227783, 2.3752353191375732, 4.5982770919799805, 2.822760820388794, 3.7635035514831543, 2.7165422439575195, 2.9811031818389893, 3.7419815063476562, 4.479776382446289, 3.776050567626953, 2.8541641235351562], "valid": [11.647706985473633, 29.9914493560791, 23.50843048095703, 16.126880645751953, 12.676633834838867, 8.316688537597656, 6.473161220550537, 9.515048027038574, 3.437396764755249, 5.17527961730957, 5.264698028564453, 5.857217311859131, 2.571122169494629, 3.994258165359497, 8.001214027404785, 4.099541187286377, 6.854473114013672, 8.648345947265625, 5.76616907119751, 6.517360210418701]}}