{"train": [1.5126915481728567, 1.241841605011846, 1.0985244067621902, 1.0132549892009144, 0.9571183508550617, 0.9248235477528102, 0.8994621550533134, 0.8774257764010363, 0.8663468495221205, 0.8566191230021732, 0.8495355995608048, 0.8478930088835703, 0.8412058412189215, 0.8376740989550738, 0.8355850887970185, 0.8376128237012407, 0.8332973735433229, 0.834304197573326, 0.8325286415261282, 0.8302915071097898, 0.8313881822035346, 0.8310545691302125, 0.831234806859997, 0.8300436617622913, 0.8313584797818896, 0.8306619936311749, 0.8334444576585797, 0.8307169583481802, 0.8300448018060603, 0.8319063606396527, 0.8306338342142777, 0.8297262326092787, 0.8276627105726323, 0.829620618215749, 0.8312662579643895, 0.8317036620328124, 0.827943074871117, 0.8318463857744781, 0.8309634109617958, 0.8295289026179784, 0.8291026026430265, 0.8316125794195793, 0.8299154496528733, 0.8300003661236293, 0.8295048307365095, 0.829257113832823, 0.8295284383733508, 0.8300538264529805, 0.831160973495161, 0.8298026902574889, 0.8305609117091541, 0.8298220449770001, 0.8307219013361864, 0.8302571605628645, 0.8315207051559234, 0.8278400176007983, 0.8248903558287822, 0.8285412435800257, 0.8295346809105134, 0.8271780618479554, 0.8308677522229476, 0.8300989236630184, 0.8285627121656713, 0.8306894100887675, 0.8287437121633073, 0.8290480282944692, 0.8288301624042888, 0.8301951087696452, 0.8294954828813043, 0.8279986062519987, 0.8285410706426056, 0.8290027044188808, 0.8290815093147923, 0.8292925794359663, 0.8287054275123167, 0.8299049315318255, 0.8285255465708988, 0.8304574111817589, 0.8271581992297106, 0.8282934653926903, 0.8292382972341188, 0.8314729165023481, 0.8271301816886579, 0.8299143154856184, 0.8275370555864253, 0.8276447527845141, 0.8297533770682106, 0.8271007017350532, 0.8291478685929742, 0.8279876658614252, 0.8279086426949837, 0.8284771534758555, 0.8279689290154149, 0.8270072139484782, 0.8251597083790202, 0.8286250997597063, 0.8297093267172155, 0.8284178737183692, 0.8287749567501982, 0.8289125779984703], "valid": [0, 0, 0, 0, 0, 0, 0, 0, 0, 0, 0, 0, 0, 0, 0, 0, 0, 0, 0, 0, 0, 0, 0, 0, 0, 0, 0, 0, 0, 0, 0, 0, 0, 0, 0, 0, 0, 0, 0, 0, 0, 0, 0, 0, 0, 0, 0, 0, 0, 0, 0, 0, 0, 0, 0, 0, 0, 0, 0, 0, 0, 0, 0, 0, 0, 0, 0, 0, 0, 0, 0, 0, 0, 0, 0, 0, 0, 0, 0, 0, 0, 0, 0, 0, 0, 0, 0, 0, 0, 0, 0, 0, 0, 0, 0, 0, 0, 0, 0, 0]}