{"train": [1.5581426519743153, 1.2733256800073973, 1.1215726632467458, 1.033580245266498, 0.9695658625011713, 0.9278773388392488, 0.8974460405363164, 0.8828870494600752, 0.868255637061428, 0.8601194418651957, 0.8513344022589671, 0.8453547820239, 0.8445484168092969, 0.8400148774536562, 0.8377364462530109, 0.8364757752754319, 0.8334965924142113, 0.8333466800165849, 0.8315129406015638, 0.8307645278917232, 0.8344980981987966, 0.8332143652607018, 0.8346352174248494, 0.8329784358051461, 0.8311774252166211, 0.8317894146475994, 0.8333991186719545, 0.8329074559077411, 0.8325775769394888, 0.8315347659755761, 0.8306737172771508, 0.8289506846750286, 0.8288571356048047, 0.8332761299442237, 0.8314553549591924, 0.8303801173895178, 0.8312961559900096, 0.8284659486421397, 0.8306323701227215, 0.8303493874173768, 0.8294981793618538, 0.8307272120260857, 0.8294981441027681, 0.8296779646000392, 0.8301800162019864, 0.8302998551180665, 0.8327590050831647, 0.8301876053004198, 0.8280855450831669, 0.8291634237262565, 0.8310425852386045, 0.8321697930215111, 0.8296517259638074, 0.8298847809643812, 0.8316757032569025, 0.8287216626422506, 0.8277997525644974, 0.8293996612790605, 0.8302514527885008, 0.8302063505414506, 0.8328788960483712, 0.8300389404028234, 0.8279549966395741, 0.8297171139381301, 0.829212293658458, 0.8301740775645619, 0.8298986016864508, 0.829391811095493, 0.829536173545139, 0.8288518316309217, 0.8304883753749687, 0.8299590265247184, 0.8284194813647741, 0.8293974936847955, 0.8280169720381079, 0.8267174178445843, 0.8273394527569623, 0.8272632377248414, 0.8273304465790869, 0.8289934027362877, 0.8279355445378264, 0.8284107303955186, 0.8302448400309388, 0.8290884075030475, 0.8274595502396704, 0.8287609597327004, 0.8265433680843299, 0.8291320221524843, 0.8271443289770207, 0.8252291469506814, 0.8283313663912492, 0.8275090556749156, 0.8292320916350459, 0.8261651841687484, 0.8267431687301313, 0.8301888393684173, 0.8272768149913197, 0.825059177170337, 0.8281163262649321, 0.8285821760204476], "valid": [0, 0, 0, 0, 0, 0, 0, 0, 0, 0, 0, 0, 0, 0, 0, 0, 0, 0, 0, 0, 0, 0, 0, 0, 0, 0, 0, 0, 0, 0, 0, 0, 0, 0, 0, 0, 0, 0, 0, 0, 0, 0, 0, 0, 0, 0, 0, 0, 0, 0, 0, 0, 0, 0, 0, 0, 0, 0, 0, 0, 0, 0, 0, 0, 0, 0, 0, 0, 0, 0, 0, 0, 0, 0, 0, 0, 0, 0, 0, 0, 0, 0, 0, 0, 0, 0, 0, 0, 0, 0, 0, 0, 0, 0, 0, 0, 0, 0, 0, 0]}