{"train": [2.0148103713989256, 1.9256376266479491, 1.8105461597442627, 1.8365381956100464, 1.7811522722244262, 1.7398221969604493, 1.6814067363739014, 1.5814212799072265, 1.5174678564071655, 1.538011646270752, 1.5257293224334716, 1.4596675157546997, 1.3652886390686034, 1.352384352684021, 1.3308676958084107, 1.3004419088363648, 1.2949071645736694, 1.232687497138977, 1.2327525615692139, 1.185910177230835, 1.1636014938354493, 1.1377211809158325, 1.1222071170806884, 1.1080580472946167, 1.100852334499359, 1.0948003768920898, 1.091839361190796, 1.0624592065811158, 1.0745749711990356, 1.064524507522583, 1.0445358157157898, 1.0475181698799134, 1.05158269405365, 1.0410045385360718, 1.0279780387878419, 1.035489594936371, 1.017957866191864, 1.025227916240692, 1.0196945905685424, 1.0186845421791078, 1.0170888900756836, 1.0050657629966735, 0.9975599527359009, 0.9892698526382446, 0.999793803691864, 0.9919837355613709, 0.9887605786323548, 0.9869454979896546, 0.9699116110801697, 0.9938064336776733, 0.9893614649772644, 0.9772495865821839, 0.9753019094467164, 0.9704090476036071, 0.957000458240509, 0.9824073791503907, 0.9913031220436096, 0.9760991096496582, 0.9728350043296814, 0.9623000025749207, 0.9789046525955201, 0.968340253829956, 0.9657549858093262, 0.9649483323097229, 0.9566290616989136, 0.9637707114219666, 0.9697355151176452, 0.9622863411903382, 0.9730271458625793, 0.9722439408302307, 0.9645504713058471, 0.9543132781982422, 0.9580823898315429, 0.9591879963874816, 0.97030668258667, 0.9342834949493408, 0.9596804618835449, 0.958247709274292, 0.9570367932319641, 0.9669125437736511, 0.9640167117118835, 0.946166205406189, 0.9607638359069824, 0.9667043685913086, 0.9687255144119262, 0.9447409629821777, 0.976508903503418, 0.9482054948806763, 0.9526622653007507, 0.9570730328559875, 0.9447325944900513, 0.9539335489273071, 0.9528422832489014, 0.9464121580123901, 0.9567945003509521, 0.9474668025970459, 0.9522679328918457, 0.9422294974327088, 0.963961660861969, 0.9443102478981018], "valid": [0, 0, 0, 0, 0, 0, 0, 0, 0, 0, 0, 0, 0, 0, 0, 0, 0, 0, 0, 0, 0, 0, 0, 0, 0, 0, 0, 0, 0, 0, 0, 0, 0, 0, 0, 0, 0, 0, 0, 0, 0, 0, 0, 0, 0, 0, 0, 0, 0, 0, 0, 0, 0, 0, 0, 0, 0, 0, 0, 0, 0, 0, 0, 0, 0, 0, 0, 0, 0, 0, 0, 0, 0, 0, 0, 0, 0, 0, 0, 0, 0, 0, 0, 0, 0, 0, 0, 0, 0, 0, 0, 0, 0, 0, 0, 0, 0, 0, 0, 0]}