{"0": {"train": [30.19398900082237, 31.279012044270832, 30.61106685169956, 30.75830934758772, 31.790822882401315, 31.723829838267545, 32.30442622669956, 32.99563973410088, 33.202191269188596, 33.17344263980263, 32.81999982867325, 32.19458864446272, 31.943916186951753, 31.51013397752193, 31.24913908305921, 30.233250668174342, 29.00963070518092, 28.752244380482455, 27.610574287280702, 26.867354543585527], "valid": [101.53994140625, 103.7575927734375, 108.12794596354166, 113.85152994791666, 116.62235514322917, 121.80699869791667, 126.41122233072916, 126.66722819010417, 121.532177734375, 122.26304524739584, 119.97347005208333, 118.830615234375, 116.27103678385417, 114.77880859375, 113.24234212239584, 109.242578125, 105.24170735677083, 103.7959228515625, 97.600048828125, 96.35291341145833]}, "1": {"train": [32.99076977110746, 30.76463130482456, 31.274844520970394, 31.49190695243969, 31.90455814830044, 32.16614840323465, 32.68098315858004, 32.522118283991226, 32.83350037691886, 33.25420607182018, 33.11518940172697, 32.68262147066886, 31.71595737390351, 31.095632452713815, 30.724690755208332, 30.634765625, 28.9560546875, 28.637399773848685, 27.60363555372807, 26.178539610745613], "valid": [96.96190592447917, 102.60604654947916, 107.0874267578125, 112.36368815104167, 115.42965494791666, 117.52093912760417, 120.78772786458333, 121.4568603515625, 121.47528483072917, 120.377001953125, 120.41592610677084, 116.771875, 114.21580403645834, 113.44864908854167, 110.79732259114583, 106.16636555989584, 104.10364583333333, 101.77510579427083, 97.82581380208333, 94.16063639322917]}, "2": {"train": [32.84578731142241, 31.991299333243536, 31.316511483028016, 39.31674720501078, 31.373088968211206, 31.88679241311961, 32.301562079067885, 32.53946238550647, 32.876079690867456, 32.344406654094826, 33.12369300579203, 31.425619191136853, 31.944971544989222, 30.65709186422414, 30.415805158943964, 30.30339313375539, 28.94184822871767, 28.074027225889008, 27.459542110048492, 26.460171403556036], "valid": [101.63021414620536, 108.91350446428571, 115.38785226004464, 121.79367501395089, 123.89763532366071, 126.73536900111607, 129.20860072544642, 130.72624860491072, 130.47508021763392, 128.78479875837053, 127.98780168805804, 126.21425083705357, 124.24686976841518, 123.16653006417411, 118.80144391741071, 115.81122698102679, 113.51852852957589, 107.90981619698661, 105.75517054966518, 101.27034214564732]}, "3": {"train": [32.84731319032866, 29.472820413523706, 33.1001187028556, 31.13623046875, 33.217975484913794, 31.41527057516164, 32.636184166217674, 32.929399161503234, 32.51286999932651, 32.64412925983297, 32.505787816540945, 31.878824168238147, 31.29585213496767, 31.070224104256464, 29.88201693830819, 29.297443258351294, 29.071204876077587, 28.03044601966595, 27.0717668204472, 26.31062053811961], "valid": [104.35323660714286, 113.44061279296875, 116.7906494140625, 122.20355224609375, 125.86610630580357, 128.19107491629464, 129.84269496372767, 132.72262137276786, 132.5746808733259, 131.78628976004464, 130.83073207310267, 128.02680315290178, 126.2908935546875, 122.82039969308036, 121.30913434709821, 118.49016462053571, 114.66145542689732, 112.12778145926339, 106.87098911830357, 104.47423444475446]}, "4": {"train": [31.89836383688039, 30.86150912580819, 30.650422194908405, 30.69560504781789, 30.89300747575431, 32.902148016567885, 32.76383182920259, 32.58957224878772, 32.77480973868534, 32.34850653286638, 32.12551564183728, 32.56716813712284, 31.50121649380388, 31.02349643049569, 30.400712638065734, 29.73450127963362, 28.817546976023706, 27.669940816945044, 27.208576070851294, 26.465365705818964], "valid": [101.79682268415179, 109.54536655970982, 114.74679129464286, 118.380615234375, 123.43117850167411, 124.60121372767857, 128.7637677873884, 128.84423828125, 128.32403564453125, 128.59766496930803, 128.04094587053572, 125.23103550502232, 122.15176827566964, 120.94183349609375, 117.82046072823661, 114.5992431640625, 110.38416399274554, 107.072265625, 105.23878696986607, 99.66964285714286]}}