{"0": {"train": [105.31689453125, 105.31688690185547, 105.31689453125, 105.31688690185547, 105.31689453125, 105.31688690185547, 105.31688690185547, 105.31689453125, 105.31689453125, 105.31689453125, 105.31689453125, 105.31689453125, 105.31688690185547, 105.31689453125, 105.31689453125, 105.31688690185547, 105.31689453125, 105.31689453125, 105.31689453125, 105.31688690185547], "valid": [113.95157623291016, 113.95157623291016, 113.95157623291016, 113.95157623291016, 113.95157623291016, 113.95157623291016, 113.95157623291016, 113.95157623291016, 113.95157623291016, 113.95157623291016, 113.95157623291016, 113.95157623291016, 113.95157623291016, 113.95157623291016, 113.95157623291016, 113.95157623291016, 113.95157623291016, 113.95157623291016, 113.95157623291016, 113.95157623291016]}, "1": {"train": [24.847896575927734, 16.297780990600586, 9.832304000854492, 7.178719997406006, 3.6015889644622803, 3.5375590324401855, 3.9385204315185547, 3.2513599395751953, 2.9199018478393555, 2.5728065967559814, 2.0577034950256348, 1.6805717945098877, 3.3927743434906006, 2.3588383197784424, 3.501791000366211, 1.3381268978118896, 1.934711217880249, 3.013765335083008, 2.6940972805023193, 2.616827964782715], "valid": [19.208154678344727, 14.218731880187988, 11.008829116821289, 8.753271102905273, 7.63347864151001, 7.734724998474121, 8.036280632019043, 8.325884819030762, 8.557381629943848, 8.690596580505371, 8.814374923706055, 8.8545503616333, 8.797725677490234, 8.710865020751953, 8.510037422180176, 8.191770553588867, 8.12149715423584, 8.121389389038086, 8.101361274719238, 8.036734580993652]}, "2": {"train": [15.406425476074219, 8.072569847106934, 6.995847702026367, 5.148778915405273, 5.359338283538818, 5.169894695281982, 4.146369934082031, 3.881166458129883, 3.049121618270874, 2.9444034099578857, 2.882185459136963, 2.5687294006347656, 2.3505871295928955, 1.8559455871582031, 1.869290828704834, 2.1564559936523438, 1.8675521612167358, 2.5490567684173584, 2.1955225467681885, 2.2975244522094727], "valid": [8.15005874633789, 5.44550085067749, 4.428785800933838, 4.034602642059326, 3.8083503246307373, 3.637470006942749, 3.418710470199585, 3.28273344039917, 3.271442174911499, 3.3428359031677246, 3.442716360092163, 3.571424722671509, 3.697690010070801, 3.8075008392333984, 3.9086079597473145, 3.9921441078186035, 4.056905746459961, 4.097917556762695, 4.161862850189209, 4.216452598571777]}}