before.ndkl,after.ndkl,before.skew.minority,before.skew.majority,after.skew.minority,after.skew.majority
0.15007758260444176,0.15007758260444176,0.0,0.0,0.0,0.0
0.25000838759595845,0.25000838759595845,0.02531780798420665,-0.011049836186569106,0.02531780798420665,-0.011049836186569106
0.0812866808280793,0.0812866808280793,0.02531780798420665,-0.011049836186569106,0.02531780798420665,-0.011049836186569106
0.10853808600531337,0.10853808600531337,-0.16705408466266616,0.08426034361761285,-0.16705408466266616,0.08426034361761285
0.24105795597538845,0.24105795597538845,0.02531780798420665,-0.011049836186569106,0.02531780798420665,-0.011049836186569106
