before.ndkl,after.ndkl,before.skew.minority,before.skew.majority,after.skew.minority,after.skew.majority
0.41970358314667006,0.41970358314667006,0.0,0.0,0.0,0.0
0.27167604104076126,0.27167604104076126,0.02531780798420665,-0.011049836186569106,0.02531780798420665,-0.011049836186569106
0.25000838759595845,0.25000838759595845,0.02531780798420665,-0.011049836186569106,0.02531780798420665,-0.011049836186569106
0.2044441562102399,0.2044441562102399,-0.16705408466266616,0.08426034361761285,-0.16705408466266616,0.08426034361761285
0.14058555747032275,0.14058555747032275,0.02531780798420665,-0.011049836186569106,0.02531780798420665,-0.011049836186569106
