metrics,mean.after,mean.before
ndkl,0.2572835450927905,0.2572835450927905
skew.majority,0.010222167011581105,0.010222167011581105
skew.minority,-0.018220132142009245,-0.018220132142009245
