before.ndkl,after.ndkl,before.skew.minority,before.skew.majority,after.skew.minority,after.skew.majority
0.08789788127659394,0.08789788127659394,0.0,0.0,0.0,0.0
0.0869096042716396,0.0869096042716396,0.02531780798420665,-0.011049836186569106,0.02531780798420665,-0.011049836186569106
0.25000838759595845,0.25000838759595845,0.02531780798420665,-0.011049836186569106,0.02531780798420665,-0.011049836186569106
0.14977873868735808,0.14977873868735808,-0.16705408466266616,0.08426034361761285,-0.16705408466266616,0.08426034361761285
0.1493132498784485,0.1493132498784485,0.02531780798420665,-0.011049836186569106,0.02531780798420665,-0.011049836186569106
