metrics,mean.after,mean.before
ndkl,0.14478157234199973,0.14478157234199973
skew.majority,0.010222167011581105,0.010222167011581105
skew.minority,-0.018220132142009245,-0.018220132142009245
