{"0": {"train": [49.71232066782791, 45.71704513706732, 43.99276165063326, 42.92792961155285, 41.923699355297735, 41.07296182139388, 40.292125347078475, 39.5024545627843, 38.6712151600306, 38.03442280349319, 37.45839486143678, 36.64754564803451, 35.79730687084962, 34.68142879137601, 31.56791934965251, 19.816090379419652, 10.595629860552128, 8.746188557086121, 8.013098886489075, 7.57569686813333], "valid": [46.850853896403194, 44.69488483161957, 43.21425819223066, 42.42902291897124, 41.39209893109748, 40.8635858594588, 40.087187717363065, 39.26708365021202, 38.49895701082311, 38.034931999405, 37.40414122471255, 36.49780024648448, 35.64007130032348, 34.030016137243564, 27.336863139309298, 13.134768040872636, 9.480175876182665, 8.342905655786991, 7.800809981861969, 7.41763481289492]}, "1": {"train": [49.51608287947491, 45.707598162738925, 43.89723126284292, 42.71442431876978, 41.84397015507465, 40.96744161392617, 40.15053457758509, 39.45902072487731, 38.60639013296722, 37.84392915998157, 37.13005485898343, 36.14999249170762, 35.03186443208502, 32.2973756586713, 21.28008779254842, 11.282562454320407, 8.789445902164148, 8.131477615900065, 7.622586961810997, 7.1733506981363195], "valid": [46.607902980649975, 44.57175864528862, 43.45183098266962, 42.31687424839518, 41.414885625125706, 40.6830312641417, 39.82580484567746, 39.20611866556885, 38.32211924537828, 37.65472274948042, 36.95853351686109, 36.163883214752616, 34.48893565686595, 28.770112159342318, 14.802931592700372, 9.46377347586589, 8.411122170220946, 7.7909766535044165, 7.4379585345905825, 7.056258619231237]}, "2": {"train": [49.563628103252924, 45.57168347372731, 43.99729877593098, 42.85668149504217, 41.86174566082506, 41.06157663324084, 40.22157921793187, 39.46982727103977, 38.74151077815764, 37.8328078456182, 37.24497908480961, 36.234507950069094, 35.36249216893223, 33.440758607404774, 25.298172532505905, 12.825010860769808, 9.218861025239908, 8.255643959256659, 7.705432126287382, 7.273897154575863], "valid": [46.91009633112095, 44.783620802535864, 43.31292993367022, 42.47896946860754, 41.663282166591245, 40.840162514246444, 40.1731903346239, 39.28690645479267, 38.595852804350194, 37.85365679314578, 37.1903751372268, 36.096125267644645, 35.08796259050684, 32.05248279689176, 17.764483870089165, 9.910299932224625, 8.559658753734455, 7.930958609096356, 7.479466388730013, 7.077616809078758]}, "3": {"train": [49.589640486619054, 45.58005482035514, 43.94216784932966, 42.84405900014582, 41.89342791141043, 41.069634851733355, 40.27876254096956, 39.57487703501698, 38.84872452850438, 38.05627699855711, 37.37002053820446, 36.710297347365085, 36.12378824030663, 35.30225445775725, 34.20357953387201, 31.034150578790612, 19.580553826684884, 10.531694655832133, 8.631625808594903, 7.953468024960057], "valid": [47.030777117482906, 44.55907805062517, 43.33623414820914, 42.48108820855122, 41.58130802022576, 41.31126912271219, 40.05531457935271, 39.40786334462574, 38.65660146036555, 37.95038758715474, 37.58668457424075, 36.89849108130531, 36.32421876309416, 35.33338763481748, 33.580100306508115, 27.304329073540995, 12.911358601658874, 9.210461160624497, 8.318689121973678, 7.775231262518018]}, "4": {"train": [49.59017496024613, 45.608746192218085, 43.95868436486512, 42.835087911575656, 42.034678486634526, 41.19493779749933, 40.41777127041642, 39.657002128586754, 39.059780126782904, 38.32130456925973, 37.58185035089732, 36.97020136003809, 36.304720539840815, 35.6811586616825, 34.75127860222978, 33.14043785498269, 25.69432748194577, 12.863241211330324, 9.218254408116442, 8.214367512104243], "valid": [47.15833886634943, 44.64247716360659, 43.49809141062892, 42.72355407308903, 41.63534513816023, 40.87413953655499, 40.03814385607887, 39.517912449946195, 38.86847316674014, 38.26167564171114, 37.54675417369948, 36.99972788874772, 36.43880978747771, 35.57503611825101, 34.50925315753812, 31.40756095292051, 18.55644366516624, 9.958202205740621, 8.523409490088131, 7.985939472741105]}}