{"0": {"train": [16.76577695474585, 15.74986906566066, 17.375703297215377, 17.385584154564317, 16.613643155553035, 15.546389757844917, 14.172948560279435, 12.971317528689056, 12.220307789402879, 11.717711136054202, 11.171464975444113, 11.224734231149506, 10.831296042287994, 10.819604644142245, 10.61836768185944, 10.662522185392895, 10.64660695182832, 10.779566594673884, 10.651116462169346, 10.544437392618645], "valid": [18.11023857179752, 20.017438904313018, 21.539994673295453, 21.819963439436982, 21.109278150826448, 20.24200389010847, 18.865377631069215, 18.04226457580062, 18.03187548424587, 16.503287827673038, 16.53875782864153, 16.516210130423552, 17.11684449251033, 16.784095953318698, 16.64224924134814, 17.22481921487603, 17.07491687112603, 16.673517400568183, 17.136819634555785, 16.62184937532283]}, "1": {"train": [14.551515697938278, 14.659304543649506, 16.815037390997794, 17.277851025593232, 16.608808208797978, 15.171521958473807, 14.132596217745073, 12.986658373314315, 12.373646336472381, 11.597873545286566, 11.284009751442557, 10.972481502042271, 10.958798483694244, 10.489048114950727, 9.767600411696058, 9.152653484423626, 8.706223990412669, 8.215943395844139, 7.926810616774183, 7.775899293511735], "valid": [16.42400265528151, 19.64097607825413, 21.383663965650825, 21.79897339876033, 21.235137687241735, 20.269914611311982, 19.07702132295971, 19.0890084258781, 17.877984165160125, 17.519176136363637, 17.09372578770661, 16.91177645596591, 16.614719863765497, 16.114959969008265, 14.910680849690083, 15.623508926265496, 14.588713842975206, 14.279538997933884, 14.09937935821281, 14.200106534090908]}, "2": {"train": [16.71470952330783, 15.76478038487098, 17.03684320093685, 17.546637444080652, 16.766384520471345, 15.740116863329876, 14.311070612357366, 13.161828511978086, 12.290162652359959, 12.05382338401193, 11.413620311689575, 11.110139079113718, 11.07183837890625, 10.95954382172264, 10.834715530585452, 10.790137579826894, 10.690563660934258, 10.735838070944633, 10.637875125615924, 10.63617956391014], "valid": [16.740119366606404, 19.017965521694215, 20.916394950929753, 20.88611747804752, 20.57396452091942, 19.461546842716942, 18.43032105501033, 17.651189630681817, 17.130415482954547, 16.30863006844008, 15.571229540612087, 16.222001509232953, 16.07772146177686, 15.66343802459969, 15.752292097107437, 15.718747982308884, 15.46917270628874, 15.879440938145661, 15.895793315792872, 16.088459613894628]}, "3": {"train": [14.722022646949405, 15.370677497816382, 16.808637725640526, 17.225302370438666, 16.62209735499159, 15.455041225899327, 14.203293826022257, 13.066632952008929, 12.410591709934653, 11.759909177665632, 11.384690815864388, 11.317669665097696, 11.170792289402174, 10.507642663043478, 9.890422307679865, 9.272120252652691, 8.788051060267858, 8.447773114001036, 7.907815431709369, 7.878862653459821], "valid": [15.310725911458333, 18.87199503580729, 21.4431396484375, 21.163981119791668, 20.985298665364585, 19.2870361328125, 18.376224772135416, 17.472894287109376, 16.979606119791665, 16.50394083658854, 15.967183430989584, 16.021771240234376, 15.766768391927084, 15.229649861653646, 14.522950236002604, 14.372845458984376, 13.310028076171875, 13.29912109375, 12.936972045898438, 13.069248453776042]}, "4": {"train": [14.464631453804348, 14.764420219089674, 16.573611683973862, 17.098654547586698, 16.65670239308359, 15.195953685057583, 14.000001516401397, 12.848610066479038, 12.140140004286362, 11.577387523453675, 11.262080664466874, 11.208550936933877, 10.895803763506082, 10.466342207314312, 9.773881805609472, 9.253687635465191, 8.650634765625, 8.33971359221338, 8.13023082662073, 7.780792173144733], "valid": [16.317727661132814, 19.83296101888021, 21.649076334635417, 22.53510945638021, 21.458186848958334, 21.36732177734375, 19.45859171549479, 18.49177449544271, 17.854288736979168, 17.242887369791667, 16.995607503255208, 16.979231770833334, 17.471822102864582, 17.08831787109375, 15.645591227213542, 15.602385457356771, 14.383396402994792, 13.98907470703125, 13.989639282226562, 13.923462931315104]}}