{"0": {"train": [4.778615951538086, 3.793792247772217, 6.80189323425293, 3.6321780681610107, 1.456351399421692, 2.4738874435424805, 3.573228597640991, 6.257615089416504, 2.2153024673461914, 3.879112720489502, 0.9876126646995544, 0.5481144785881042, 2.325530529022217, 0.43770232796669006, 0.42067751288414, 0.9115267992019653, 0.7010103464126587, 1.1837667226791382, 2.0047197341918945, 0.6606966257095337], "valid": [6.1858696937561035, 5.8937177658081055, 6.330179214477539, 7.260140419006348, 9.36851978302002, 12.421799659729004, 14.337204933166504, 13.087027549743652, 10.7350435256958, 7.875124931335449, 6.308155059814453, 5.420348644256592, 5.366980075836182, 5.633440017700195, 5.802429676055908, 5.909705638885498, 6.080844879150391, 6.183813095092773, 5.925154685974121, 5.757780075073242]}, "1": {"train": [27.65428924560547, 12.211955070495605, 10.158531188964844, 7.260748386383057, 8.294867515563965, 4.89070463180542, 3.9434940814971924, 4.194645404815674, 2.3901259899139404, 3.6684296131134033, 3.4530746936798096, 0.6149526834487915, 2.770697832107544, 4.441765308380127, 0.8586661219596863, 3.7558374404907227, 10.385132789611816, 0.7706852555274963, 0.9664508104324341, 2.6139914989471436], "valid": [26.269969940185547, 17.33641815185547, 11.198768615722656, 10.368586540222168, 10.037104606628418, 10.251958847045898, 10.845022201538086, 11.354469299316406, 11.71361255645752, 12.073186874389648, 12.40488338470459, 12.640765190124512, 12.851531982421875, 12.99917984008789, 12.864070892333984, 12.746413230895996, 12.930642127990723, 13.01002311706543, 12.942078590393066, 12.763171195983887]}, "2": {"train": [24.59242057800293, 9.993767738342285, 4.060222625732422, 5.267240524291992, 3.4132659435272217, 2.8616018295288086, 1.7644861936569214, 1.8751838207244873, 0.7036522030830383, 1.9800347089767456, 0.9974402785301208, 0.8786702752113342, 0.028221067041158676, 0.16862939298152924, 0.4648629128932953, 0.7114248275756836, 0.16569030284881592, 0.08565811812877655, 1.4201693534851074, 1.028905987739563], "valid": [14.591862678527832, 8.473896980285645, 6.498188018798828, 5.623990058898926, 5.332334518432617, 5.958192825317383, 8.382654190063477, 11.238274574279785, 14.166121482849121, 16.511009216308594, 19.65249252319336, 20.44103240966797, 21.37347412109375, 22.41168975830078, 23.083274841308594, 23.61177635192871, 23.86046600341797, 24.159286499023438, 24.561880111694336, 25.02614402770996]}}