{"0": {"train": [215.148828125, 200.4942626953125], "valid": [51.34913330078125, 49.707662963867186]}, "1": {"train": [213.0048828125, 193.5489501953125], "valid": [48.35296630859375, 51.079037475585935]}, "2": {"train": [215.2452392578125, 198.38125], "valid": [49.515875244140624, 46.307037353515625]}, "3": {"train": [213.006005859375, 195.6537841796875], "valid": [47.401727294921876, 48.112060546875]}, "4": {"train": [216.0105712890625, 193.2027587890625], "valid": [53.81160278320313, 63.607781982421876]}}