Method Name,# Predictions,# Truth,Computation Time (ms),Prediction Indices,True Indices
S_VAE_O,12,2,31.996726989746094,1,5,7,4,3,8,2,11,10,0,9,6,0,3
S_VAE_O,12,2,2.9997825622558594,3,11,5,1,7,4,10,8,2,6,9,0,4,7
S_VAE_O,12,2,2.9997825622558594,2,0,3,5,8,11,7,4,6,10,9,1,0,2
S_VAE_O,12,2,2.0008087158203125,1,5,7,4,3,8,2,11,10,0,9,6,1,6
S_VAE_O,12,2,2.0003318786621094,2,8,11,3,0,4,5,7,10,6,1,9,1,2
S_VAE_O,12,2,2.0003318786621094,8,11,2,3,4,1,7,5,9,10,0,6,0,4
