{"0": {"train": [36.08749657346491, 33.033395867598685, 35.7153106154057, 34.20278877124452, 35.60485197368421, 34.72302888569079, 33.90429045024671, 35.01407663445724, 35.62129077576754, 33.91787237870066, 33.56212308114035, 33.21527635005482, 32.42727393434759, 31.760575143914473, 31.106004146107455, 30.805107250548247, 29.752758360745613, 28.236400938870613, 27.86410361842105, 26.737508138020832], "valid": [97.81244303385417, 110.4306640625, 111.01454264322916, 115.07798665364584, 119.23173828125, 119.961181640625, 121.72014973958333, 121.47493489583333, 122.79983723958334, 120.00362141927083, 118.8889404296875, 117.16463216145833, 115.11027018229167, 113.5170654296875, 109.8116943359375, 107.967822265625, 104.6963134765625, 102.58279622395834, 96.68504231770834, 93.9528076171875]}, "1": {"train": [37.69860197368421, 31.943320826480264, 37.43614223547149, 34.763853909676534, 33.78909676535088, 34.60666375411184, 35.369042112116226, 35.32324432908443, 34.12905616091009, 35.45180150082237, 33.34346945243969, 33.62576668722588, 32.49677263226425, 31.107460423519736, 30.784376713267545, 30.179666084155702, 29.42611105400219, 28.586134525767545, 28.193023146244517, 26.508384303042764], "valid": [99.66353352864583, 105.65221354166667, 108.99725748697917, 113.76507161458333, 116.4257080078125, 118.38920084635417, 118.30116373697916, 121.52699381510416, 120.16886393229167, 118.57969563802084, 115.56437174479167, 117.39322916666667, 113.81272786458334, 113.1931396484375, 112.23612467447917, 106.01317545572917, 101.87670084635417, 99.41774088541666, 96.91927083333333, 93.81641438802083]}, "2": {"train": [35.352829505657326, 37.45062466325431, 35.37826643318966, 35.309187264278016, 35.980022561961206, 35.371337890625, 36.93527747844828, 34.285627693965516, 36.82900474811422, 33.37477901064116, 32.94464532260237, 32.261243096713365, 31.6695661873653, 31.78514362203664, 31.324363971578663, 29.873640389278016, 28.81086257408405, 28.510977909482758, 27.11235309469289, 26.468897326239222], "valid": [103.85734340122768, 108.1844482421875, 114.15379987444196, 119.62378801618304, 125.14972795758929, 125.742431640625, 128.08517020089286, 130.03526088169642, 127.27110072544643, 128.22784423828125, 125.26404680524554, 123.08700997488839, 121.39726911272321, 120.29010009765625, 116.02280099051339, 114.66943359375, 108.31139264787946, 107.26395961216518, 103.02424839564732, 100.71517508370536]}, "3": {"train": [33.56754066204203, 35.92996110587284, 34.49789533943966, 36.52978515625, 34.77676496834591, 36.324631263469826, 35.146593817349135, 35.10983802532328, 34.01322358230065, 33.09754049366918, 32.597761483028016, 32.943252037311424, 31.68054409684806, 31.323372676454742, 30.87107901737608, 29.791651232489222, 29.038424787850214, 27.813564958243536, 26.930091594827587, 25.900428508890087], "valid": [104.77140590122768, 109.17003522600446, 115.65745326450893, 123.82526506696429, 125.81088692801339, 127.96745082310268, 128.15149797712053, 128.98542131696428, 130.37203543526786, 127.87135532924107, 126.39949253627232, 125.25254603794643, 124.34710693359375, 119.37997000558036, 117.84701974051339, 115.40453229631696, 111.57132393973214, 108.82875279017857, 104.28336879185268, 99.80262102399554]}, "4": {"train": [30.560763655037714, 31.38757534684806, 36.57000101023707, 33.16417615167026, 33.40670881600216, 34.29000959725216, 33.75732842807112, 33.98403404498922, 33.787736563846984, 34.32156477303341, 32.721300848599135, 31.87260910560345, 31.617027545797413, 31.003180142106682, 31.67474575700431, 29.467855519261853, 28.70124553811961, 27.908901872306036, 27.597247945851294, 26.26518302128233], "valid": [102.47549874441964, 108.40740966796875, 114.52500697544643, 121.53751918247768, 123.50871930803571, 125.10718645368304, 131.80958775111608, 129.0628923688616, 128.93858991350447, 126.76783098493304, 125.38299560546875, 122.70575823102679, 121.43386404854911, 118.84133475167411, 117.23908342633929, 112.27553013392857, 108.805908203125, 106.36861746651786, 101.52430071149554, 98.47617885044643]}}