metric,mean.before,mean.after
ndkl,0.2150864234221562,0.12019132551307812
