reranked_idx,reranked_probs
"[0, 1, 2, 4, 5, 3, 6, 7, 8, 10, 9, 11, 12]","[0.9999989867210388, 0.9943574070930481, 0.9932622313499451, 0.9870837926864624, 0.13632918894290924, 0.9885151982307434, 0.03537017107009888, 0.006448771338909864, 0.00027005295851267874, 8.906445145839825e-05, 0.0001181730258394964, 9.880131983663887e-06, 4.6276627472252585e-06]"
"[0, 1, 2, 3, 4, 5, 7, 6, 8, 9, 10, 11, 12]","[0.999681830406189, 0.9994961023330688, 0.9985073208808899, 0.9910737872123718, 0.9853736162185669, 0.9742968082427979, 0.1636730134487152, 0.7958414554595947, 0.0006027351482771337, 0.0004976361524313688, 0.00031769167981110513, 1.0070762073155493e-05, 9.999999974752427e-07]"
"[0, 1, 2, 3, 5, 4, 8, 6, 9, 10, 7, 11, 12]","[0.9999933242797852, 0.9999244213104248, 0.9992644190788269, 0.9701672196388245, 0.725555956363678, 0.967278003692627, 0.0030074783135205507, 0.026370946317911148, 0.00019312844960950315, 0.0001352504623355344, 0.016162840649485588, 9.999999974752427e-07, 9.999999974752427e-07]"
"[0, 1, 2, 3, 5, 4, 6, 7, 9, 10, 8, 11, 12]","[0.9999980926513672, 0.9908111095428467, 0.9060986638069153, 0.8241709470748901, 0.5697787404060364, 0.6605736017227173, 0.5079468488693237, 0.1179293617606163, 0.003178692189976573, 0.0017525493167340755, 0.04994972050189972, 0.000352449860656634, 1.55301604536362e-05]"
"[0, 1, 2, 3, 5, 4, 8, 6, 9, 10, 7, 11, 12]","[0.9997859597206116, 0.9976696372032166, 0.9972802400588989, 0.9967703819274902, 0.638755738735199, 0.8846619725227356, 0.0313321053981781, 0.2752498984336853, 0.023269273340702057, 0.00813162513077259, 0.12679527699947357, 1.340506287306198e-06, 9.999999974752427e-07]"
