metric,mean.before,mean.after
P_2,0.1,
P_5,0.12,
P_10,0.1,
recall_2,0.0666666666666666,
recall_5,0.2333333333333333,
recall_10,0.4333333333333333,
ndcg_cut_2,0.0773705614469083,
ndcg_cut_5,0.1609525707698284,
ndcg_cut_10,0.2455105376511584,
map_cut_2,0.0333333333333333,0.1
map_cut_5,0.1,0.18666666666666668
map_cut_10,0.1452380952380952,0.266031746031746
aucroc,0.377946127946128,0.47811447811447816
