metric,mean.before,mean.after
P_2,0.2,
P_5,0.2,
P_10,0.18,
recall_2,0.1666666666666666,
recall_5,0.4666666666666666,
recall_10,0.8333333333333333,
ndcg_cut_2,0.2,
ndcg_cut_5,0.3434137070911879,
ndcg_cut_10,0.4965923572283973,
map_cut_2,0.1333333333333333,0.1
map_cut_5,0.2366666666666666,0.19999999999999998
map_cut_10,0.3249999999999999,0.2757936507936508
aucroc,0.5774410774410774,0.45454545454545453
