metric,mean.before,mean.after
ndkl,0.2273188437727076,0.11297682041362803
