reranked_idx,reranked_probs
"[0, 1, 7, 2, 3, 8, 4, 10, 5, 6, 11, 9, 12]","[0.9999989867210388, 0.9999989867210388, 0.1911495178937912, 0.9972354769706726, 0.9760070443153381, 0.14874057471752167, 0.5061757564544678, 0.03183387592434883, 0.3373889625072479, 0.21737639605998993, 0.015191338956356049, 0.0826403945684433, 9.999999974752427e-07]"
"[0, 1, 4, 2, 3, 7, 5, 8, 6, 9, 10, 11, 12]","[0.9999989867210388, 0.9999989867210388, 0.9969606995582581, 0.9999943971633911, 0.9998117089271545, 0.4010249674320221, 0.9960280656814575, 0.043057993054389954, 0.9092258810997009, 0.006713198032230139, 0.005450365599244833, 6.743831363564823e-06, 9.999999974752427e-07]"
"[0, 1, 2, 3, 4, 6, 5, 7, 8, 9, 10, 11, 12]","[0.9957386255264282, 0.9565628170967102, 0.9124214053153992, 0.8818970322608948, 0.7955816984176636, 0.1972256749868393, 0.6648062467575073, 0.1487908661365509, 0.12203622609376907, 0.06920483708381653, 0.020664116367697716, 0.0022811193484812975, 0.0005321045173332095]"
"[0, 1, 2, 3, 4, 5, 6, 7, 8, 9, 10, 11, 12]","[0.9999533891677856, 0.9997785687446594, 0.9801008701324463, 0.9769511818885803, 0.9518638849258423, 0.9121217727661133, 0.8438655734062195, 0.837120532989502, 0.31706228852272034, 0.22533637285232544, 0.01573815941810608, 4.679150151787326e-06, 1.6448501582999597e-06]"
"[0, 1, 3, 2, 4, 5, 6, 7, 8, 9, 11, 10, 12]","[0.9999989867210388, 0.999993085861206, 0.9824429750442505, 0.9999051094055176, 0.7808212637901306, 0.7092902064323425, 0.38602450489997864, 0.013998933136463165, 0.008838795125484467, 0.003481031395494938, 0.00024233655130956322, 0.0011555231176316738, 9.999999974752427e-07]"
