metric,mean.before,mean.after
P_2,0.1,
P_5,0.2,
P_10,0.16,
recall_2,0.1,
recall_5,0.4666666666666666,
recall_10,0.7333333333333333,
ndcg_cut_2,0.0773705614469083,
ndcg_cut_5,0.2804922384334483,
ndcg_cut_10,0.3893422597249605,
map_cut_2,0.05,0.05
map_cut_5,0.1655555555555555,0.13333333333333333
map_cut_10,0.2248148148148148,0.2126984126984127
aucroc,0.4705387205387205,0.4696969696969697
