reranked_idx,reranked_probs
"[0, 1, 2, 3, 4, 6, 5, 7, 8, 9, 10, 11, 12]","[0.9991422891616821, 0.998837411403656, 0.9984551668167114, 0.9968945980072021, 0.9748488068580627, 0.3044812083244324, 0.8926207423210144, 0.15509694814682007, 0.08060695976018906, 0.035954494029283524, 0.00044853254803456366, 0.000126156592159532, 1.0329442829970503e-06]"
"[0, 1, 5, 2, 3, 7, 4, 8, 6, 9, 10, 11, 12]","[0.9999989867210388, 0.9835145473480225, 0.04581467807292938, 0.960547149181366, 0.8012835383415222, 0.004523830022662878, 0.6946559548377991, 0.00010687950998544693, 0.024376777932047844, 7.537072087870911e-05, 5.2103441703366116e-05, 1.009751599667652e-06, 9.999999974752427e-07]"
"[0, 1, 6, 2, 3, 7, 4, 8, 5, 9, 10, 11, 12]","[0.9999982118606567, 0.9987887740135193, 0.10647092014551163, 0.30823808908462524, 0.3052455186843872, 0.07705914229154587, 0.20525319874286652, 0.042582765221595764, 0.1638258695602417, 0.03932592645287514, 0.00040056032594293356, 2.563074122008402e-05, 9.999999974752427e-07]"
"[0, 1, 3, 2, 4, 5, 6, 7, 8, 9, 10, 11, 12]","[0.9967530369758606, 0.9939504861831665, 0.9719535112380981, 0.9882633686065674, 0.9715104699134827, 0.9662964344024658, 0.8537278771400452, 0.8265582919120789, 0.7620161175727844, 0.5362452268600464, 0.027030449360609055, 0.00937135424464941, 0.0003982370253652334]"
"[0, 1, 3, 2, 4, 7, 5, 10, 6, 8, 11, 9, 12]","[0.9999988079071045, 0.9794906973838806, 0.9582692980766296, 0.9715814590454102, 0.9563790559768677, 0.04870038107037544, 0.30458271503448486, 0.0027890456840395927, 0.06795218586921692, 0.025054676458239555, 0.00043849178473465145, 0.0220610611140728, 0.00010024719085777178]"
