metric,mean.before,mean.after
ndkl,0.24681990535068682,0.11033059541649023
