metric,mean.before,mean.after
ndkl,0.13129645764400172,0.12134720717859566
