metric,mean.before,mean.after
P_2,0.3,
P_5,0.2,
P_10,0.2,
recall_2,0.3,
recall_5,0.5,
recall_10,0.9,
ndcg_cut_2,0.3226294385530917,
ndcg_cut_5,0.4313837003834967,
ndcg_cut_10,0.59593744097969,
map_cut_2,0.25,0.1
map_cut_5,0.3233333333333333,0.19999999999999998
map_cut_10,0.42005291005291,0.27936507936507937
aucroc,0.5437710437710438,0.46632996632996637
