reranked_idx,reranked_probs
"[0, 1, 2, 3, 4, 5, 6, 7, 8, 9, 10, 11, 12]","[0.8530126810073853, 0.19905294477939606, 0.08990979194641113, 0.08257602900266647, 0.01971270889043808, 0.013472330756485462, 0.01276946347206831, 0.0016062067588791251, 0.0015703629469498992, 0.0006224508979357779, 8.112545765470713e-05, 2.580772888904903e-05, 2.2474090656032786e-05]"
"[0, 1, 2, 3, 4, 5, 6, 7, 8, 9, 10, 11, 12]","[0.9999989867210388, 0.9999254941940308, 0.9979578256607056, 0.9904903173446655, 0.2633911967277527, 0.1320071667432785, 0.04361771419644356, 0.02507481724023819, 0.004358395002782345, 0.0002992592053487897, 9.999999974752427e-07, 9.999999974752427e-07, 9.999999974752427e-07]"
"[0, 1, 2, 3, 4, 5, 6, 7, 8, 9, 10, 11, 12]","[0.9999959468841553, 0.8505025506019592, 0.45581915974617004, 0.13456997275352478, 0.05389316380023956, 0.027105342596769333, 0.00789001677185297, 0.0013279325794428587, 0.000484250980662182, 0.00011924294813070446, 1.715578582661692e-05, 1.5626117601641454e-05, 9.999999974752427e-07]"
"[0, 1, 2, 3, 4, 5, 6, 7, 8, 9, 10, 11, 12]","[0.9999989867210388, 0.9992796778678894, 0.9894457459449768, 0.985623836517334, 0.9529767036437988, 0.16204306483268738, 0.12275387346744537, 0.007448086980730295, 0.00013422788470052183, 4.042390355607495e-05, 1.2385060017550131e-06, 9.999999974752427e-07, 9.999999974752427e-07]"
"[0, 1, 2, 3, 4, 5, 6, 7, 8, 9, 10, 11, 12]","[0.9999313354492188, 0.9513556361198425, 0.1308666169643402, 0.014708836562931538, 0.013243318535387516, 0.011042126454412937, 0.010854252614080906, 0.008826246485114098, 0.008816687390208244, 0.006337753031402826, 0.00035222448059357703, 5.80806918151211e-05, 5.508029062184505e-05]"
