reranked_idx,reranked_probs
"[0, 1, 3, 2, 4, 5, 6, 9, 7, 8, 11, 10, 12]","[0.999998927116394, 0.9998586177825928, 0.9840602874755859, 0.9995909333229065, 0.9275285601615906, 0.691835880279541, 0.6867353916168213, 0.00011889643064932898, 0.10260506719350815, 0.004541168455034494, 9.999999974752427e-07, 1.8899795577453915e-06, 9.999999974752427e-07]"
"[0, 1, 2, 3, 4, 5, 6, 10, 7, 8, 11, 9, 12]","[0.9999942779541016, 0.9662573933601379, 0.8078252673149109, 0.44816112518310547, 0.3549403250217438, 0.11920073628425598, 0.06982967257499695, 0.00032986956648528576, 0.02065248414874077, 0.011675548739731312, 1.1814338904514443e-05, 0.0003510685928631574, 9.559840691508725e-06]"
"[0, 1, 5, 2, 3, 9, 4, 10, 6, 7, 11, 8, 12]","[0.9999948740005493, 0.9998871088027954, 0.8482632637023926, 0.99752277135849, 0.99369215965271, 0.004137950949370861, 0.9523058533668518, 0.0003139123145956546, 0.7185604572296143, 0.3578554689884186, 6.35026881354861e-05, 0.012765790335834026, 9.999999974752427e-07]"
"[0, 1, 2, 3, 4, 5, 6, 9, 7, 8, 10, 11, 12]","[0.9999989867210388, 0.9999988079071045, 0.9871618151664734, 0.33423173427581787, 0.23979169130325317, 0.01704367995262146, 0.013371060602366924, 0.001733003999106586, 0.0056938244961202145, 0.002571790013462305, 9.842868166742846e-05, 8.214351510105189e-06, 4.332252501626499e-06]"
"[0, 1, 3, 2, 4, 9, 5, 10, 6, 7, 11, 8, 12]","[0.9999327659606934, 0.9995805621147156, 0.9987978935241699, 0.9992144107818604, 0.993513286113739, 0.0009154803119599819, 0.9900942444801331, 2.824614057317376e-05, 0.9140042066574097, 0.24974749982357025, 2.0671782294812147e-06, 0.08181130141019821, 1.17257491183409e-06]"
