metric,mean.before,mean.after
P_2,0.1,
P_5,0.2,
P_10,0.1999999999999999,
recall_2,0.1,
recall_5,0.4666666666666666,
recall_10,0.9,
ndcg_cut_2,0.0773705614469083,
ndcg_cut_5,0.2847339990526,
ndcg_cut_10,0.4620872674699794,
map_cut_2,0.05,0.1
map_cut_5,0.175,0.19999999999999998
map_cut_10,0.2821031746031746,0.2757936507936508
aucroc,0.537037037037037,0.48316498316498313
