metric,mean.before,mean.after
ndkl,0.19698619006212062,0.10819808414146807
