{"0": {"train": [53.49526999136344, 49.307864243905385, 50.871858316173366, 52.17698536594104, 52.73136677735789, 52.65962567225591, 52.8543420707745, 53.24067056348811, 53.544434098177646, 53.149266236913164, 53.3878288208273, 53.870284723479365, 29.88702224573075, 26.466440211652184, 26.1627835637672, 26.285343626014512, 26.190348375648686, 26.25732762245806, 26.27828436378002, 26.031810749117486], "valid": [48.94954082630146, 50.96241516645989, 50.91701242098193, 54.57363099846369, 53.091643473904426, 53.33607947379823, 54.59333475162562, 53.96002752130682, 53.40325785836004, 52.65951400194664, 53.31106234793775, 53.80072083240809, 26.92905406755969, 26.5063607335284, 26.88462695116388, 26.217542977575043, 26.080518585084864, 26.530235044798022, 26.07713870732602, 25.984621064031483]}, "1": {"train": [54.40976168857863, 48.386913515643855, 50.60665675725622, 52.345107975802556, 52.94861926366763, 53.45304709657103, 54.18146631460446, 53.324798657939596, 52.91003621507664, 52.76856616205045, 52.74437725342445, 53.21277308392922, 29.728561575058833, 26.212802373732803, 26.061336214699494, 25.987938260412896, 25.97588799066196, 26.2246601477643, 26.152131866816013, 26.277101115586532], "valid": [47.736145175100894, 49.51888142146226, 51.762749205595405, 53.59350544452262, 52.95368786039358, 53.95094076451108, 52.943089023247424, 53.10480221422554, 53.10004351801455, 53.253544083873194, 53.41315691497065, 53.69710528455554, 26.646908231561245, 25.967735742504296, 26.404900174072058, 26.42089506211019, 26.447969657772433, 26.441994369246373, 26.902417490010354, 26.562995230027347]}, "2": {"train": [53.8137459457217, 48.90433828992427, 51.20681194182959, 53.054367659870564, 53.0294253814793, 53.65864673376026, 53.46169983160602, 53.62501155940743, 53.863863199221576, 53.336948391865796, 53.49296220186912, 53.418982027290006, 29.910644477035813, 26.41028880368619, 26.104126498668688, 26.000473817847876, 26.222484598456735, 26.085949495478065, 26.40539652727492, 26.348096341909546], "valid": [48.35443559786413, 50.38588570756618, 53.03654949400078, 52.59034809735122, 54.344351705661786, 54.276197380878536, 53.98677097991451, 53.518876952370725, 54.74404111699984, 54.15669458975173, 53.47918734642919, 54.21995656043026, 27.12116749943882, 26.147779355557756, 25.621565126015557, 26.191484185676458, 25.98278952849236, 26.612738792800698, 26.60594394454314, 26.507694776209014]}, "3": {"train": [54.06547893283852, 48.65910515949342, 51.076174637566375, 52.43417498265146, 52.62902846763366, 52.23581669193519, 53.123331273194246, 53.37472581764422, 52.8364821734326, 53.2512166794895, 52.77356450733919, 53.04562597585536, 30.097020819661928, 26.446595021440533, 26.130529917745292, 26.19246854870037, 26.244533222924964, 26.27892695039072, 26.13627869816181, 26.145960140315744], "valid": [47.2196903760584, 48.90181266352727, 50.927763244954185, 54.42576258164295, 52.58920110595118, 55.34353604931403, 53.453196543178436, 53.70924090462559, 52.888451380960596, 53.57307884880426, 53.44870520046874, 55.068464879502734, 27.224288514970286, 26.32986835112321, 26.319629096704954, 26.271640944059193, 26.21606379313258, 26.54534816410474, 26.24535045710698, 25.913451450731227]}, "4": {"train": [53.784158600742145, 48.64794235011459, 50.81472454688315, 52.3552784411854, 52.78267311337206, 53.01615616661467, 53.33654734242549, 53.09109100367725, 52.755139492981, 53.470353286588775, 52.93822278598565, 53.33867895766152, 30.013724969033156, 26.404389639291892, 26.170187323951737, 26.230866633502362, 26.06844704556467, 26.35390168520956, 26.42098850996566, 26.261889409897382], "valid": [47.71053141926631, 51.37406354773129, 52.87129767667661, 52.54198588904337, 53.364486631280656, 54.96060170174492, 54.09585210047117, 53.31653023907885, 52.95988152791657, 53.061866269660236, 52.993820780320696, 54.68409396814535, 26.80942164818013, 26.724092175536704, 26.628394849265486, 26.11035792695842, 26.198413782727837, 25.957952078701894, 26.377100242992192, 26.40050937165088]}}