{"0": {"train": [96.68218994140625, 96.6822001139323, 96.68218994140625, 96.68218994140625, 96.68218994140625, 96.6822001139323, 96.68218994140625, 96.68218994140625, 96.68218994140625, 96.68218994140625, 96.68218994140625, 96.6822001139323, 96.68218994140625, 96.68218994140625, 96.59625244140625, 96.68218994140625, 96.68218994140625, 96.28481038411458, 96.6822001139323, 96.68218994140625], "valid": [96.68219757080078, 96.68219757080078, 96.68219757080078, 96.68219757080078, 96.68219757080078, 96.68219757080078, 96.68219757080078, 96.68219757080078, 96.68219757080078, 96.68219757080078, 96.68219757080078, 96.68219757080078, 96.68219757080078, 96.68219757080078, 96.68219757080078, 96.68219757080078, 96.68219757080078, 96.68219757080078, 96.68219757080078, 96.68219757080078]}, "1": {"train": [32.77992248535156, 24.475189208984375, 17.70010503133138, 15.197636922200521, 11.200857798258463, 8.28741455078125, 12.876298268636068, 8.621310551961264, 7.886006037394206, 7.137078603108724, 6.342421213785808, 7.596621831258138, 6.838041305541992, 9.117012023925781, 5.8939971923828125, 5.378689448038737, 9.051608403523764, 5.164200146993001, 8.231847763061523, 6.060853958129883], "valid": [19.12358283996582, 15.216875076293945, 12.020915031433105, 9.206925392150879, 7.908296585083008, 7.011448383331299, 7.088760852813721, 7.649384021759033, 8.438393592834473, 8.861983299255371, 8.646188735961914, 7.950457572937012, 6.661375045776367, 5.564568042755127, 4.918483257293701, 4.769619941711426, 4.685990333557129, 4.677125453948975, 4.812407970428467, 4.976633071899414]}, "2": {"train": [18.486446380615234, 18.292442321777344, 17.850311279296875, 11.375484466552734, 10.365065574645996, 11.202309608459473, 6.490026473999023, 7.369993686676025, 5.148643970489502, 6.414890289306641, 3.948075771331787, 3.460927963256836, 10.861957550048828, 4.404628276824951, 3.333296775817871, 5.355660438537598, 2.525996685028076, 2.4605088233947754, 3.307692527770996, 3.2724461555480957], "valid": [35.87841033935547, 30.903078079223633, 24.304244995117188, 19.4063777923584, 17.726364135742188, 18.013166427612305, 18.009891510009766, 17.716794967651367, 17.937389373779297, 16.689208984375, 14.747319221496582, 13.515789031982422, 16.583520889282227, 19.403087615966797, 20.746074676513672, 21.12252426147461, 21.601316452026367, 22.017841339111328, 21.852886199951172, 21.93625259399414]}}