{"0": {"train": [10.419168281555176, 9.917791557312011], "valid": [8.281739902496337, 8.470672225952148]}, "1": {"train": [10.459067344665527, 9.327962303161621], "valid": [8.364875984191894, 9.283681297302246]}, "2": {"train": [10.834197235107421, 9.406390380859374], "valid": [9.93248176574707, 9.32322940826416]}, "3": {"train": [10.855264663696289, 9.59449348449707], "valid": [9.54508934020996, 8.925357246398926]}, "4": {"train": [10.74863567352295, 8.786929607391357], "valid": [10.357023239135742, 10.474126815795898]}}