{"0": {"train": [10.286078834533692, 9.919717979431152], "valid": [8.054107284545898, 8.93366460800171]}, "1": {"train": [11.00499439239502, 10.15466022491455], "valid": [8.4994327545166, 9.230359077453613]}, "2": {"train": [10.643708419799804, 8.949473571777343], "valid": [9.812227630615235, 9.063448715209962]}, "3": {"train": [10.982178878784179, 9.857612419128419], "valid": [9.655462265014648, 9.932498359680176]}, "4": {"train": [10.758805656433106, 8.452352523803711], "valid": [10.247904205322266, 10.853542709350586]}}