{"0": {"train": [10.174907684326172, 2.839721441268921, 0.4300552010536194, 0.05803344026207924, 0.10290807485580444, 0.00015767074364703149, 0.0006708321161568165, 1.6212470654863864e-05, 1.6212470654863864e-05, 1.6212470654863864e-05, 1.6212470654863864e-05, 1.6212470654863864e-05, 1.6212470654863864e-05, 1.6212470654863864e-05, 1.6212470654863864e-05, 1.6212470654863864e-05, 1.6212470654863864e-05, 1.6212470654863864e-05, 1.6212470654863864e-05, 1.6212470654863864e-05], "valid": [10.922779083251953, 13.081690788269043, 20.480857849121094, 29.235748291015625, 38.1917839050293, 46.92571258544922, 48.34109878540039, 48.34109878540039, 48.34109878540039, 48.34109878540039, 48.34109878540039, 48.34109878540039, 48.34109878540039, 48.34109878540039, 48.34109878540039, 48.34109878540039, 48.34109878540039, 48.34109878540039, 48.34109878540039, 48.34109878540039]}, "1": {"train": [11.28355598449707, 6.368786811828613, 2.468808650970459, 1.867385745048523, 2.0978047847747803, 0.6770798563957214, 0.7492640018463135, 0.5784713625907898, 0.5222543478012085, 0.07499074935913086, 0.0006703602848574519, 0.46990442276000977, 1.3883678913116455, 0.007295456249266863, 0.00021851991186849773, 7.474489393644035e-05, 0.05262327194213867, 0.0032259735744446516, 2.606218185974285e-05, 0.00022205457207746804], "valid": [5.851451396942139, 3.1411330699920654, 2.347372055053711, 2.2118403911590576, 1.4164800643920898, 0.7170031070709229, 0.5355913043022156, 0.6093437671661377, 1.0730525255203247, 1.6662914752960205, 2.4656124114990234, 2.697705030441284, 1.7697761058807373, 1.184579610824585, 0.8031511306762695, 0.5537165403366089, 0.42484188079833984, 0.33478689193725586, 0.2625938951969147, 0.21042801439762115]}, "2": {"train": [11.103524208068848, 5.798816680908203, 1.582454800605774, 0.6967415809631348, 2.197674036026001, 1.3925331830978394, 0.633378267288208, 0.17188654839992523, 0.37994998693466187, 0.022295983508229256, 0.014956935308873653, 0.14702358841896057, 0.005649863742291927, 0.027871955186128616, 0.0033572977408766747, 0.008124209009110928, 2.3608644008636475, 4.462945435079746e-05, 2.5674748030724004e-05, 0.000637747289147228], "valid": [5.827234745025635, 2.7756283283233643, 2.0595321655273438, 2.0426430702209473, 2.1908466815948486, 1.4065678119659424, 1.2712820768356323, 1.5435997247695923, 2.8480358123779297, 4.686131000518799, 6.838956832885742, 8.496576309204102, 10.108658790588379, 11.41512393951416, 12.492194175720215, 13.318713188171387, 9.981422424316406, 7.091134071350098, 5.869652271270752, 4.829571723937988]}}