before.ndkl,after.ndkl,before.skew.minority,before.skew.majority,after.skew.minority,after.skew.majority
0.11470163606847232,0.11470163606847232,0.0,0.0,0.0,0.0
0.05757236603817077,0.05757236603817077,0.4307829160889542,-0.061693569005269164,0.4307829160889542,-0.061693569005269164
0.09214278878347223,0.09214278878347223,-0.262364264465991,0.056089466650975355,-0.262364264465991,0.056089466650975355
0.14021378998683454,0.14021378998683454,-0.262364264465991,0.056089466650975355,-0.262364264465991,0.056089466650975355
0.12910237749753908,0.12910237749753908,-0.262364264465991,0.056089466650975355,-0.262364264465991,0.056089466650975355
0.055546810149669196,0.055546810149669196,0.4307829160889542,-0.061693569005269164,0.4307829160889542,-0.061693569005269164
