metrics,mean.after,mean.before
ndkl,0.09821329475402636,0.09821329475402636
skew.majority,0.00748021032373129,0.00748021032373129
skew.minority,0.01241217312998924,0.01241217312998924
