{"train": [1.980086195636803, 1.6077198260267016, 1.3861873989373865, 1.2336782099495471, 1.1213091292851407, 1.050910837213758, 1.0109365162715105, 0.9806269625542869, 0.9629146968814689, 0.9499907040260207, 0.9432917665427839, 0.9333584031588594, 0.927587307674784, 0.9260425433306627, 0.9211470106957664, 0.9191442753227663, 0.9151302055573799, 0.9181886264975642, 0.9158711609706073, 0.9162616503070777, 0.9136950197354169, 0.9114548160996235, 0.9133962359226925, 0.915008696871744, 0.913383702157249, 0.9132832465037494, 0.9105340511026517, 0.9137129724865228, 0.9099716989087386, 0.9103866513346283, 0.9112105184877423, 0.9113987130178532, 0.9119899818595026, 0.9090930920251659, 0.9112401000210937, 0.9137408859293226, 0.9063771098432406, 0.9094200041932119, 0.9115783731702348, 0.9118202546952476, 0.9111416969500797, 0.9115029061344307, 0.9132343849665682, 0.9114646575820278, 0.9119617922205321, 0.9113201146394434, 0.9122198878879278, 0.9081022613485095, 0.9107089856980553, 0.9112401906873139, 0.9088675799504132, 0.9089883800963281, 0.9116808755297057, 0.9106499032235481, 0.909566772655702, 0.9090547637200691, 0.911505122419814, 0.9108525590157844, 0.908966430476014, 0.909170581421382, 0.910603855697202, 0.9089163222783049, 0.9104354801312299, 0.9069443084824254, 0.9093603936719222, 0.9109026017323346, 0.9075908383852999, 0.9068121154543379, 0.9068234008802495, 0.9093221862551192, 0.910457002445006, 0.9074385367648702, 0.9091453417925768, 0.9101504952135221, 0.9109100380413969, 0.9093857491520089, 0.9077949431580556, 0.9082853055336106, 0.9079331923538531, 0.9074094580932403, 0.9092494534774566, 0.9055681262217777, 0.9088769471141654, 0.9085215422469126, 0.910615303147007, 0.9096182039086248, 0.9083289252200597, 0.9085099839828383, 0.9096039441269888, 0.9093367734425505, 0.906548153346693, 0.9076912604587178, 0.9043765210769545, 0.9061898370863686, 0.9098259319721813, 0.9072705524068483, 0.9067442534675061, 0.9074434243457418, 0.9079692573614524, 0.9082598199307079], "valid": [0, 0, 0, 0, 0, 0, 0, 0, 0, 0, 0, 0, 0, 0, 0, 0, 0, 0, 0, 0, 0, 0, 0, 0, 0, 0, 0, 0, 0, 0, 0, 0, 0, 0, 0, 0, 0, 0, 0, 0, 0, 0, 0, 0, 0, 0, 0, 0, 0, 0, 0, 0, 0, 0, 0, 0, 0, 0, 0, 0, 0, 0, 0, 0, 0, 0, 0, 0, 0, 0, 0, 0, 0, 0, 0, 0, 0, 0, 0, 0, 0, 0, 0, 0, 0, 0, 0, 0, 0, 0, 0, 0, 0, 0, 0, 0, 0, 0, 0, 0]}