{"train": [1.9755680409955307, 1.6113291374394592, 1.410157881991964, 1.2648360678847408, 1.1403295876274646, 1.060974916102181, 1.0080171504490811, 0.980387912669652, 0.9621619489830984, 0.951399800643115, 0.9423988184458773, 0.9373084155606551, 0.9299424072386513, 0.9253140612387322, 0.9209673010127645, 0.9163111599398331, 0.9181619420857496, 0.9162325749934559, 0.9154423475265503, 0.9178823056355329, 0.9139069604202056, 0.9129847926153264, 0.9105124011845656, 0.9125874185226333, 0.9110825078588136, 0.9098336772179939, 0.9108071226469228, 0.9080656632571154, 0.9100839856644751, 0.9134752750396729, 0.9105816978803822, 0.9129785618311922, 0.909290503448164, 0.9090656596170344, 0.909329181825611, 0.9104080191800292, 0.9099532542094378, 0.9104985779439899, 0.9094714262116124, 0.9092481346197532, 0.9098971125105737, 0.9112739840023955, 0.9102453144503312, 0.9077390978034113, 0.9123490998442744, 0.9073149041390755, 0.9073131806413892, 0.9107522091395418, 0.9083131425817248, 0.9082709332587013, 0.9058170788724658, 0.9088034453526349, 0.9068201620813826, 0.9086991254712494, 0.9077285645713269, 0.9072396654478261, 0.9082021461406224, 0.9077514091008146, 0.9099311694292955, 0.9080581027017512, 0.9079995583480512, 0.909844738496861, 0.9095662891025275, 0.9069758452160258, 0.9066201801031408, 0.9086225805148272, 0.9072748296697375, 0.9064188901807221, 0.9073177147919024, 0.909801164143522, 0.9092049850544459, 0.9076281475349212, 0.907135610009583, 0.9084283558415694, 0.9078359788572284, 0.9091237800222047, 0.9056595471543325, 0.9098040688205773, 0.907593738864845, 0.9056809007281988, 0.907716218014838, 0.9077913458918182, 0.9046198499034828, 0.9063875465325906, 0.9083924419443372, 0.9086657309196364, 0.9073644767344837, 0.9071592755720649, 0.9090747262390566, 0.9084421950326839, 0.9051197246766426, 0.9069750829481743, 0.9067294673180916, 0.9043152844402153, 0.9068402454886638, 0.9057540650099096, 0.9039616979343791, 0.9067769075783205, 0.9058419910954757, 0.9083256075080012], "valid": [0, 0, 0, 0, 0, 0, 0, 0, 0, 0, 0, 0, 0, 0, 0, 0, 0, 0, 0, 0, 0, 0, 0, 0, 0, 0, 0, 0, 0, 0, 0, 0, 0, 0, 0, 0, 0, 0, 0, 0, 0, 0, 0, 0, 0, 0, 0, 0, 0, 0, 0, 0, 0, 0, 0, 0, 0, 0, 0, 0, 0, 0, 0, 0, 0, 0, 0, 0, 0, 0, 0, 0, 0, 0, 0, 0, 0, 0, 0, 0, 0, 0, 0, 0, 0, 0, 0, 0, 0, 0, 0, 0, 0, 0, 0, 0, 0, 0, 0, 0]}