metrics,mean
P_2,0.4
P_5,0.28
P_10,0.18
recall_2,0.36666666666666664
recall_5,0.6333333333333333
recall_10,0.8
ndcg_cut_2,0.4
ndcg_cut_5,0.5172750249806055
ndcg_cut_10,0.5854754127380362
map_cut_2,0.26666666666666666
map_cut_5,0.375
map_cut_10,0.4257936507936508
success_2,0.8
success_5,1.0
success_10,1.0
aucroc,0.6212121212121212
skill_coverage_2,1.0
skill_coverage_5,1.0
skill_coverage_10,1.0
