metrics,mean
P_2,0.3
P_5,0.12000000000000002
P_10,0.15999999999999998
recall_2,0.26666666666666666
recall_5,0.26666666666666666
recall_10,0.7
ndcg_cut_2,0.2773705614469083
ndcg_cut_5,0.25921638219317306
ndcg_cut_10,0.43873356388006507
map_cut_2,0.18333333333333332
map_cut_5,0.18333333333333332
map_cut_10,0.27956349206349207
success_2,0.6
success_5,0.6
success_10,1.0
aucroc,0.4932659932659933
skill_coverage_2,0.9
skill_coverage_5,1.0
skill_coverage_10,1.0
