{"0": {"train": [11.714136505126953, 9.014541625976562, 7.790765380859375, 7.332398223876953, 5.464031219482422, 5.455853652954102, 5.098140716552734, 5.255390167236328, 3.9914031982421876, 4.809057998657226, 3.8603382110595703, 4.4355224609375, 3.821270751953125, 3.3184577941894533, 4.417986297607422, 4.151858520507813, 3.0285572052001952, 2.8416603088378904, 3.258649444580078, 3.2178295135498045], "valid": [9.271271387736002, 8.45672861735026, 8.213134129842123, 8.620532353719076, 9.75563939412435, 10.829051971435547, 12.432083129882812, 14.124407450358072, 16.360998789469402, 18.29471206665039, 20.409404754638672, 22.7232182820638, 25.74725596110026, 28.677823384602863, 29.131436665852863, 29.245961507161457, 29.186416625976562, 29.139485677083332, 29.34581756591797, 29.72339375813802]}, "1": {"train": [12.056752522786459, 8.67978268577939, 7.732798258463542, 6.3138885498046875, 5.3012542724609375, 4.753182184128534, 4.936965215773809, 4.018912179129464, 3.785389854794457, 4.802244640531994, 4.279264177594866, 4.389863513764881, 2.662676674979074, 2.5903652736118863, 4.432339622860863, 3.906602768670945, 4.034308660598028, 3.015574500674293, 2.404716128394717, 3.0473269507998513], "valid": [8.135090637207032, 7.102333831787109, 6.962599182128907, 8.29078369140625, 10.265732574462891, 12.75341567993164, 15.509407043457031, 17.958232116699218, 19.796731567382814, 21.639993286132814, 22.339097595214845, 23.105377197265625, 24.449607849121094, 25.472991943359375, 25.764483642578124, 25.797665405273438, 25.77745666503906, 25.982904052734376, 26.395504760742188, 26.84013671875]}, "2": {"train": [12.144306001209078, 7.843108404250372, 7.596014113653274, 5.406157720656622, 5.847782316662016, 4.626730782645089, 4.550417218889509, 3.9731972104027156, 5.265541076660156, 6.067479814801898, 4.346669514973958, 4.230020432245164, 4.1570281982421875, 3.4683303833007812, 3.3269300914946056, 4.416392735072544, 3.9834725516183034, 3.700760977608817, 3.819705781482515, 3.7004732404436385], "valid": [9.215999603271484, 10.448058319091796, 10.991706085205077, 11.723780059814453, 11.552115631103515, 12.047502136230468, 13.207723999023438, 14.328715515136718, 14.997940063476562, 15.02547607421875, 14.556777954101562, 14.629743957519532, 14.829119873046874, 15.24632568359375, 15.558146667480468, 15.9067626953125, 16.174618530273438, 16.2116943359375, 16.231059265136718, 16.10652313232422]}, "3": {"train": [12.055096580868675, 8.734129406156994, 7.091093517485119, 6.341373988560268, 5.285728817894345, 4.604838053385417, 4.108542669387091, 3.909266153971354, 4.1945306687127974, 4.098141988118489, 3.386144002278646, 3.264558337983631, 3.7077524094354537, 2.696883791968936, 3.2903994605654763, 3.156565711611793, 3.1021448771158853, 3.0123984927222844, 2.7292387826102122, 3.2859954833984375], "valid": [9.96072998046875, 11.591802978515625, 13.711447143554688, 15.324502563476562, 16.265528869628906, 17.669482421875, 19.907569885253906, 22.415000915527344, 23.97386016845703, 25.049951171875, 26.051895141601562, 26.533221435546874, 26.697854614257814, 26.930874633789063, 27.108514404296876, 27.182937622070312, 27.1852294921875, 27.1729248046875, 27.000335693359375, 26.729107666015626]}, "4": {"train": [11.530375162760416, 7.554633004324777, 6.974298386346726, 6.079024905250186, 6.145827520461309, 5.272676740373884, 5.758859180268788, 4.926750183105469, 4.319693429129464, 3.8011263892764138, 4.197259812127976, 5.578500656854539, 4.285574050176711, 5.353153773716518, 4.236345926920573, 4.034601120721726, 3.851940699986049, 3.6876028151739213, 3.9154844738188244, 3.5598133632114957], "valid": [11.057083129882812, 12.683399200439453, 12.663113403320313, 12.188665008544922, 11.866928100585938, 12.667720794677734, 13.427534484863282, 14.434864807128907, 15.269517517089843, 16.051541137695313, 17.089945983886718, 17.345303344726563, 17.478399658203124, 17.486178588867187, 17.46918487548828, 17.490936279296875, 17.484956359863283, 17.507237243652344, 17.456549072265624, 17.378411865234376]}}