{"0": {"train": [11.80741164263557, 8.29636786965763, 7.5509033203125, 6.978595958036535, 4.775182387408088, 5.314879473517923, 5.220252541934743, 3.8867770924287686, 2.6185183805577896, 3.2773204130284928, 3.4857579399557674, 3.7314720153808594, 3.4765651927274814, 3.192018845502068, 2.6555294710047104, 2.9808253119973576, 2.5623981251436123, 2.9377210280474495, 2.3844842349781707, 1.6975826936609604], "valid": [10.258070203993055, 11.05489773220486, 10.77635023328993, 10.889972262912327, 11.454618665907118, 12.537291632758247, 14.106101142035591, 16.733130560980904, 20.41314697265625, 23.736480712890625, 26.86467827690972, 28.37325710720486, 28.735931396484375, 28.629984537760418, 28.42654249403212, 28.208831787109375, 28.090257432725693, 28.021435207790798, 28.146236843532986, 28.432751125759548]}, "1": {"train": [11.449319278492647, 7.092462427475873, 7.097240672392004, 5.1587380801930145, 4.956904243020451, 3.543927360983456, 3.1676716524011947, 3.743108861586627, 3.6037595412310433, 3.6766092637005974, 2.6140545115751377, 3.624212377211627, 2.3680536606732536, 2.7051737168255974, 2.7867528130026424, 1.6600989173440373, 2.6453170776367188, 1.6247503617230583, 2.2291086982278263, 2.970861547133502], "valid": [9.930277506510416, 11.349602593315971, 11.169920179578993, 11.293216281467014, 12.03669653998481, 13.589915805392796, 17.31863742404514, 19.688173082139755, 20.948933919270832, 22.200671725802952, 24.138602362738716, 26.69669426812066, 28.06561279296875, 29.02093505859375, 29.544569227430557, 30.076724582248264, 30.42523871527778, 30.741634792751736, 31.22545708550347, 31.42455376519097]}, "2": {"train": [11.691507127549913, 8.074173821343315, 7.287782457139757, 6.89171642727322, 6.207695855034722, 5.455513000488281, 4.565846337212457, 4.568041059705946, 4.109920925564236, 6.266328599717882, 4.690301259358724, 3.3534620073106556, 3.884555392795139, 4.1715443929036455, 3.2828252580430775, 4.359220716688368, 3.8109834459092884, 2.7457394070095487, 3.1910972595214844, 2.994113286336263], "valid": [10.44441032409668, 11.675932884216309, 11.5266695022583, 10.993952751159668, 10.868183135986328, 10.976120948791504, 11.46237850189209, 12.433279037475586, 13.76275634765625, 14.966739654541016, 16.543045043945312, 18.701810836791992, 19.768936157226562, 20.64866065979004, 21.30995750427246, 21.268386840820312, 21.233539581298828, 21.415250778198242, 21.779985427856445, 21.914794921875]}}