{"0": {"train": [331.37779017857144, 271.03421456473217, 225.35344587053572, 197.2459716796875, 174.80571637834822, 163.81229073660714, 156.04246303013392, 138.68416922433036, 143.6048583984375, 135.413330078125, 136.26221575055803, 134.3748779296875, 152.99562290736608, 142.14091273716517, 151.4371337890625, 154.39510672433036, 165.24961635044642, 170.41097586495536, 169.25631277901786, 175.70638602120536], "valid": [893.3880615234375, 784.3829956054688, 682.7793579101562, 604.24951171875, 567.9880981445312, 518.51904296875, 494.6201477050781, 470.4986572265625, 455.7015075683594, 462.6948547363281, 472.03826904296875, 496.96405029296875, 487.4043273925781, 499.253173828125, 524.0240478515625, 561.160888671875, 543.3407592773438, 563.7471923828125, 587.8500366210938, 597.822509765625]}, "1": {"train": [324.4362095424107, 267.85117885044644, 238.84681919642858, 205.32074846540178, 180.23798479352678, 165.30793108258928, 162.53170340401786, 150.33304268973214, 138.44359479631697, 134.47038922991072, 133.33256312779017, 135.00540597098214, 143.39482770647322, 143.34082903180803, 150.81431361607142, 156.56234305245536, 162.40888323102678, 163.82754952566964, 168.98008510044642, 173.71745954241072], "valid": [913.73974609375, 773.9567260742188, 699.8411865234375, 623.57470703125, 593.1798095703125, 523.3270263671875, 487.7082824707031, 473.83087158203125, 488.8472900390625, 459.16375732421875, 488.0506896972656, 465.51312255859375, 489.5894775390625, 491.4757995605469, 543.2476196289062, 567.163818359375, 567.0894775390625, 571.6524658203125, 582.862060546875, 617.9696044921875]}, "2": {"train": [324.59486607142856, 275.4323032924107, 233.81058175223214, 207.72119140625, 184.54073660714286, 168.85675920758928, 155.90459333147322, 145.60053362165178, 134.06787981305803, 136.60980224609375, 132.7291259765625, 139.75128173828125, 139.1620832170759, 145.5099836077009, 150.30038016183036, 158.68033272879464, 156.69607979910714, 167.68833705357142, 167.58523995535714, 167.47666713169642], "valid": [908.427001953125, 784.38427734375, 696.4407348632812, 618.6112670898438, 571.9879760742188, 514.1831665039062, 490.10833740234375, 460.9676818847656, 467.5777893066406, 471.83221435546875, 469.02069091796875, 469.3942565917969, 510.9061279296875, 517.9696044921875, 527.8598022460938, 561.5103759765625, 555.371826171875, 586.9453125, 586.3885498046875, 594.713134765625]}, "3": {"train": [323.10682896205356, 267.59317452566967, 231.00045340401786, 200.90068708147322, 174.4027099609375, 168.22291782924108, 150.50629534040178, 145.08283342633928, 138.75577218191964, 133.06583949497767, 134.9745832170759, 139.18828473772322, 142.91462925502233, 147.77242606026786, 147.77054268973214, 158.88448660714286, 159.5247802734375, 166.02879115513392, 171.95589773995536, 163.52504185267858], "valid": [907.9996948242188, 797.8756103515625, 685.0601806640625, 624.2681884765625, 577.5023193359375, 541.0972900390625, 514.9061889648438, 478.26373291015625, 479.98040771484375, 459.5534973144531, 491.5614929199219, 501.14862060546875, 511.3255920410156, 523.4768676757812, 556.9212036132812, 570.8128662109375, 559.7708129882812, 587.9926147460938, 581.4151611328125, 587.2518310546875]}, "4": {"train": [284.469970703125, 246.43096923828125, 207.8047332763672, 176.5986785888672, 164.99644470214844, 143.58773803710938, 131.43218994140625, 125.2950668334961, 126.45428466796875, 124.66984558105469, 119.12312316894531, 123.46500396728516, 130.25221252441406, 133.25845336914062, 131.78797912597656, 140.2787322998047, 135.79750061035156, 143.49925231933594, 148.46678161621094, 152.32748413085938], "valid": [1821.3804931640625, 1549.880615234375, 1350.1099853515625, 1198.434814453125, 1102.1300048828125, 1022.5243530273438, 959.0597534179688, 934.9508056640625, 897.4503173828125, 906.0677490234375, 924.529541015625, 965.2968139648438, 995.0364990234375, 1017.3549194335938, 1040.474609375, 1073.2813720703125, 1098.30517578125, 1123.1103515625, 1157.524169921875, 1178.75732421875]}}