{"0": {"train": [28.840346455705276, 16.495039913632453, 7.485325714951261, 7.585563136109518, 11.448825728390196, 6.221831345864392, 5.337703891019209, 5.012642049526949, 5.064905837872707, 5.313250295656537, 4.802989849125574, 4.684687791176892, 4.647802801569667, 5.500516077444094, 4.613588620807053, 4.530855141735952, 4.573811505518922, 4.5112636181192665, 4.5015455893420295, 4.584165845398509], "valid": [17.85563324254587, 8.362004551318808, 7.20936532396789, 9.053825258027523, 5.969128709145642, 5.740935528956422, 5.271639818663991, 4.957410227924312, 4.761681658543578, 4.713569022362385, 4.8841268276949545, 4.8575669258887615, 4.701557214019496, 5.307177107224771, 4.679161589736238, 4.582721384030964, 4.494917843319954, 4.5720482726490825, 4.52689444165711, 4.559658561496559]}, "1": {"train": [28.5047735987672, 14.35102431551032, 9.847907782038417, 7.491744328770069, 6.543190358013188, 5.70964772075688, 5.969507127114392, 5.341827918936353, 5.733972414349197, 5.1513605576261465, 5.449986247491399, 4.916465829271789, 4.890291893635321, 4.752894634281823, 4.996620421803326, 5.030902379587156, 4.67722882472047, 4.642824863818808, 4.525455669438073, 4.54065447606078], "valid": [19.207317230504586, 16.96958106364679, 8.114082568807339, 5.700706887901376, 7.0839653813073395, 4.981594753440367, 5.424024333428899, 5.62585883744266, 5.3482434418004585, 5.5071332067087155, 4.844784081135321, 4.805754192947248, 5.07997016556766, 4.764811048595184, 4.720862421158257, 4.614953322104358, 4.964280927465596, 4.795229895355504, 4.5155798451834865, 4.491515194954128]}, "2": {"train": [29.83596670728211, 13.53032723803039, 8.378850254443808, 6.076737519710436, 6.588434073071961, 6.031413260643635, 5.734354259245986, 4.953693399691801, 5.7071096213804475, 6.09969753440367, 5.489268944416571, 5.135588490897362, 5.7934660353354355, 5.782816442087156, 4.951780165926032, 4.8631681613747135, 5.142243002795298, 5.39600576978211, 4.804325231149656, 4.793478152773796], "valid": [14.215799168577982, 7.350726777522936, 7.172009030963303, 6.254116793291284, 5.3140764764908255, 5.2799109446674315, 5.237315617832569, 7.257250394208715, 5.43689399369266, 4.996446208428899, 5.069443180189221, 4.960444470326835, 5.031881988245413, 5.069004891771789, 5.023511234948394, 5.192624354931192, 4.849919993549312, 4.797718427465596, 4.813464467459863, 4.850004838016055]}, "3": {"train": [30.223941549598624, 20.865510007525803, 8.207752741542432, 6.327564596473624, 7.186869109267488, 6.171960068448968, 6.5854803522792436, 6.838286020821387, 6.586961546731652, 5.772892797627581, 7.256031415746846, 5.048929678540711, 5.192253597154529, 4.8858719628010325, 5.165145095685206, 4.871926784690367, 5.143589897505734, 4.725903566692947, 4.61058766216313, 4.718175642381021], "valid": [25.35896502293578, 10.73873978641055, 8.305228282683487, 6.157756235665137, 6.378666589019495, 10.1926944165711, 5.246050118262614, 5.599075580561927, 5.26253933127867, 5.0576434382167434, 6.150919581422018, 8.10743119266055, 4.870892793147936, 5.029597817517202, 4.73827139478211, 5.293353461869266, 4.819913632454129, 4.620537109375, 4.65995081350344, 4.738120341169725]}, "4": {"train": [32.39567490323968, 16.97905488460436, 10.02169406715883, 7.1480555655103215, 8.319953680475917, 8.336596657289277, 6.295264142237672, 7.396414223767202, 8.27979283884031, 7.8146968176605505, 6.7779422081063645, 5.465161423989392, 6.14860125340453, 5.660395351024943, 5.332039178970757, 5.368867993836009, 5.590502011360378, 4.904878131271502, 5.019176417359518, 4.953130554759174], "valid": [21.716637041284404, 12.028666141055046, 10.985696853497707, 10.660193699827982, 8.066791141055045, 8.841588661123852, 15.006578268348624, 7.662817158830276, 5.473354716169725, 5.60947310421445, 5.927049168577982, 5.721652988818807, 5.840797197534403, 6.752616291571101, 5.850451906536697, 5.483745968319954, 4.924475792001147, 5.056411894352064, 5.009121452121559, 5.246672161697248]}}