{"0": {"train": [88.98608472668266, 90.1511674194074, 90.24319500363015, 90.12379877153495, 90.24953481761797, 90.18349088362348, 90.237230081213, 90.22067021020476, 90.28527852990526, 90.34245955488647, 90.1687949035007, 90.22805165650934, 90.33737976886391, 90.33030064263933, 90.1804289430964, 69.18829103361504, 69.38657354152089, 69.65973350578392, 69.87961090956827, 69.84781506017548], "valid": [90.14021786607749, 90.14785095468102, 90.40223160041114, 90.03138979836618, 90.45527709838674, 90.30991582615314, 90.30827548340473, 90.36077074800579, 90.4009081095069, 90.23124773639827, 90.3411203794579, 90.26918881037389, 90.26976173216394, 90.31941432518958, 90.37649631759506, 69.1777685036866, 69.44586566767309, 69.66584499903308, 69.80594535344045, 69.80294620340892]}, "1": {"train": [88.16179806863073, 87.50857186327679, 88.70492631871568, 89.74439062548905, 89.75020139243644, 89.66252599299457, 89.66787832819318, 89.58690654335999, 97.04430838827923, 118.16195382224522, 118.07343501283266, 118.07494801925067, 118.03286644917459, 96.89037828313074, 97.03175505740326, 97.45515767418276, 97.5374596044901, 97.64344766420055, 97.4882324498207, 97.46556285400216], "valid": [87.74448037485244, 87.72256121715263, 90.0876208441949, 89.97979110169776, 89.9101472025795, 89.83927484540439, 90.05832375960215, 89.91795500420862, 118.53224161824609, 118.32630433761983, 118.52527119206297, 118.34057659106051, 118.21149372423406, 97.05403853097278, 97.48730657383477, 97.93502065746172, 97.72018780628487, 97.8032171719063, 97.75819402867452, 97.69484213893037]}, "2": {"train": [89.06719002209945, 88.83694872390151, 94.38904466191012, 96.29756067395807, 96.3382928596919, 96.24404904170001, 96.233718572964, 96.08721734321344, 96.04732511790291, 96.06028551283714, 96.15151264487051, 96.05952569544273, 75.00341223988143, 75.22414441967679, 75.47069372389173, 75.68730503944117, 75.63837482530444, 75.77512047740758, 75.69136452794262, 75.76326681080593], "valid": [88.8843673463713, 88.91722651219774, 96.42932853747854, 96.32736414337485, 96.48831293343781, 96.37148767957908, 96.48566099126752, 96.28342581729996, 96.27894329202586, 96.20415577715875, 96.3472455530007, 96.21851878426143, 75.24495622026578, 75.59401873284133, 75.69770039023376, 75.87573067526873, 75.60697250813779, 75.66087848916042, 75.7997660176371, 75.90624619239833]}, "3": {"train": [90.89187005081646, 91.16059553894401, 91.22440162491672, 90.96431146300492, 94.46399566785753, 114.76494860925428, 114.63228650078752, 114.41869622897924, 114.45864023243277, 114.48513975155713, 114.35252474906159, 114.36103971663898, 114.37677049111494, 93.30084018922872, 93.52934365784905, 93.71534927025392, 93.74408733604258, 93.77593229127076, 93.77309670218379, 93.78566308894166], "valid": [91.34928698641392, 91.1110490173174, 91.22942462876932, 91.17844290330117, 114.91544403063072, 114.67282777372255, 114.89547550028392, 114.83523759993382, 114.59633511701423, 114.52444735281559, 114.476679976738, 114.33263106952667, 114.32972642836064, 93.32534751177073, 93.73506669101668, 93.6834350184218, 93.88319521636679, 93.92913117096955, 94.10525164684013, 93.72584251396167]}, "4": {"train": [87.55653807301262, 86.99736582081552, 87.35880656698808, 87.4131123549199, 87.58155481947357, 109.83546242309343, 112.64668037915608, 112.53177365002705, 112.55513762663594, 112.43158328391603, 112.31717670422663, 112.19906685638537, 95.1496727086901, 96.32510296942628, 96.56455387798293, 103.63148797859806, 106.55251560383113, 106.56854427947322, 106.59902963271246, 106.61806223535422], "valid": [86.74324328856059, 87.0946380095619, 87.39542827205028, 87.34605696996508, 87.60701846134886, 112.51159687181419, 112.65258956736702, 112.37405312980665, 112.42314631977483, 112.57761561974621, 112.41028193578748, 112.33082906090151, 96.10703437293202, 96.60241487879391, 96.61335460746352, 106.64808957603019, 106.62543637211154, 106.64507262808074, 106.52391282143145, 106.30654477124767]}}