{"0": {"train": [6.715063895442886, 5.833086238332277, 5.876535315614947, 6.032628922100814, 6.167199680851226, 6.06747340490349, 6.248753369131105, 6.209676958018284, 6.217059210741769, 6.18949692894037, 6.092539545164445, 6.315358696794575, 6.303728547136229, 5.272437231488152, 5.0574231697211935, 5.0919296327123496, 5.131328418692271, 5.1424083796735625, 5.156376273396374, 5.161730955841249], "valid": [5.8674594976719066, 5.826235392208183, 6.028449667147079, 6.44517578486718, 6.078008510139832, 6.019137291482888, 6.027185365102176, 6.227854452055838, 6.225940018985246, 6.177886410794701, 6.38892440653115, 6.117470922725913, 6.3523545101591745, 5.117638752747534, 5.0715777515547025, 5.1640529525480785, 5.130777983686289, 5.223628429048744, 5.158137032930656, 5.18892472636603]}, "1": {"train": [6.661967812469536, 5.939425635974666, 5.9272182667643545, 5.9938145611295, 6.081670946227944, 6.0622665491548515, 6.095016952517623, 6.257438933665721, 6.155379252397519, 6.151849731754713, 6.33535485047303, 6.382066500212487, 5.320145666606247, 5.064449889387018, 5.098210391860698, 5.109791832394153, 5.150939466595813, 5.178346054603724, 5.180085993287252, 5.169125516746076], "valid": [5.972065593031743, 6.050607672945381, 6.03554917095753, 6.138322479190934, 6.1927602224177445, 6.345971695869622, 6.168607501186435, 6.430190892496186, 6.144796194170537, 6.420935308940694, 6.25248784656013, 6.399075898987311, 5.082973894296552, 5.047023668485512, 5.199805130604573, 5.173364288272965, 5.2130218429708215, 5.238716406295691, 5.16652741078206, 5.199282057792487]}, "2": {"train": [6.625170296796406, 5.8569169807924935, 6.0912194459140645, 5.9503691244225765, 6.09632430991005, 6.238079802569571, 6.123611491843727, 6.1113272420536155, 6.175737716697414, 6.119263785311001, 6.057639699062933, 6.280358336007716, 5.290401018159509, 5.059304362385338, 5.06729212010287, 5.104469297531474, 5.132720496272795, 5.161670272197663, 5.197053556033958, 5.1744407398563315], "valid": [5.839897533006777, 5.989518518586219, 6.178281097102697, 5.992345795358442, 6.436806668805325, 6.303352780803989, 6.278178320792327, 6.053747959877767, 6.313802906846204, 6.050613246234042, 6.218334706743354, 6.468491555004033, 5.042545143071509, 5.181429836646274, 5.103113641234609, 5.218833926909986, 5.14638791926992, 5.212352157066772, 5.210784321845814, 5.234855579262571]}, "3": {"train": [6.648469652575876, 5.835637426744485, 6.0026342741070735, 6.1176014519198905, 6.040724138457569, 6.093171146538294, 6.2298249238219565, 6.138630193266921, 6.150460954892377, 6.344932976801329, 6.1721709845711805, 6.298166254348951, 5.282693719674243, 5.032038586546681, 5.09706288504078, 5.12337480509494, 5.131712698651989, 5.178816512660509, 5.155068015620888, 5.12890398432626], "valid": [5.805383696829058, 6.058445060704989, 5.817531854049071, 6.119480362140784, 6.066838575216486, 6.12055735988971, 6.028265398948097, 5.97879894436884, 6.282239819629165, 6.278236656920844, 6.208467254138852, 6.4057119366829225, 5.065484133363235, 5.118381810251515, 5.0703405125281344, 5.205910232393999, 5.145979554469826, 5.221962509428985, 5.173149740801942, 5.217075060503919]}, "4": {"train": [6.675580424915877, 5.8628640233247875, 5.878244839861418, 5.987277500605068, 5.992026451531489, 6.088702406143608, 6.326539012912208, 6.14566491507874, 6.136961260387067, 6.281649008468822, 6.210910523727049, 6.096893270088415, 5.334987241448547, 5.081591430844935, 5.101184508511013, 5.112481814636359, 5.162419146386284, 5.147909705114376, 5.204596185018573, 5.206513819619775], "valid": [5.836515306143433, 6.09908583026244, 6.053564544996667, 5.887370555677163, 6.039583079139187, 6.028513557173461, 6.253438237639044, 6.0834871398326, 6.379851728459264, 6.384979419413715, 6.340036828066811, 6.264174136928046, 5.1214512450296, 5.128566569981495, 5.081334143974651, 5.155674247878554, 5.07455402208256, 5.188561120135162, 5.2597662224038455, 5.248664895228599]}}