{"0": {"train": [17.5620909806015, 18.102464831745976, 14.977859552235856, 13.093803488510032, 12.34906213281815, 11.861595920609634, 11.494849038830893, 11.32621918496927, 11.269052148296277, 11.382589189883857, 11.211799847760755, 11.121816639269252, 11.090683590219406, 10.986963455520156, 10.933891467399901, 10.905616434777205, 10.830207344766812, 10.406388399313087, 9.23014984903177, 8.377149867390862], "valid": [20.6675975998013, 18.94403852341492, 16.5723802864207, 15.252478097904625, 14.811705837360007, 14.578559302181178, 14.751095810377528, 15.167477646315028, 14.588665383399567, 14.88774611632948, 15.083326394847363, 14.910316423184609, 14.8625463584944, 14.906499432690572, 14.67225885115607, 14.82360875124187, 14.973610938628974, 13.7451122482388, 12.598250372561417, 12.160940886921965]}, "1": {"train": [17.84995343145562, 18.128729896793654, 14.949540475444008, 13.063744269844767, 12.331258667610042, 11.783405604607285, 11.544651872768664, 11.370323285966874, 11.123384223325651, 11.055146565578678, 11.026444507524403, 11.067305669005332, 11.017859689929049, 11.060753326526347, 10.930921531120074, 11.015677429331616, 10.94509219088937, 11.038486571736035, 10.844980323995616, 10.987826597664723], "valid": [21.327245811506504, 19.67147350862536, 16.89474751907966, 15.805265746364704, 15.538135682916366, 15.642431358381502, 15.176367258060875, 15.51458740234375, 15.585364898505238, 15.108084441609465, 15.092225532311236, 15.362770742074602, 15.569092855288114, 15.339389690774025, 15.343364032017702, 15.448664141528178, 15.236545452492775, 15.581687971346641, 15.871681874887102, 15.441004758625361]}, "2": {"train": [17.61953437457633, 18.17351240156702, 15.143535092699295, 13.261610449006914, 12.4117152723642, 11.788609083372876, 11.473666353149856, 11.148406519031317, 11.199702441476862, 11.033868553840158, 11.080032139003752, 11.134228356748238, 11.00000176529736, 11.060133883682438, 11.113610124898319, 10.96808333545169, 10.965176420287644, 10.972575752440347, 10.756271395404013, 9.343532471232715], "valid": [20.587125745122833, 18.97932636944545, 16.36349963590589, 15.389103707550579, 15.106049465995303, 14.704857269463512, 14.26789882417359, 14.41145104204299, 14.668965422349169, 14.452600732704118, 14.847292861497472, 14.9320043663069, 14.782754005035224, 14.880011233291185, 15.20511128861091, 14.83852143921604, 14.810134093885477, 15.006950246116329, 13.700819070628613, 12.575973951747653]}, "3": {"train": [17.737557654611805, 18.03781655312274, 14.979099497102087, 13.141945795485357, 12.461038475009039, 11.895394039085096, 11.60222510436438, 11.349713086219948, 11.21502345727133, 11.080236119113792, 11.14200157888196, 11.125234784548988, 10.992170464880468, 11.04077007213711, 11.01592774849738, 11.0105066085672, 10.991497003937319, 10.914416618650579, 10.948892434782854, 11.054618300343456], "valid": [20.714443669842847, 18.869264459334357, 16.73685944838331, 15.617469037888368, 15.441335336321352, 14.985658149498736, 14.997325390060514, 14.821144765512102, 14.97825631378703, 14.953859538701229, 14.867223486045882, 14.783542522805275, 14.9928027908237, 14.91554004470737, 14.848295884325324, 14.963753937296785, 15.080149744287391, 14.999334258151192, 15.279119061596822, 15.17959365403721]}, "4": {"train": [17.509413526237356, 18.270068394655436, 14.893183625502393, 13.096568377720827, 12.302064575900921, 11.846036701533146, 11.544242373780708, 11.341268462252755, 11.205900600190796, 11.22701982266641, 11.030730583764225, 11.052940677356169, 10.886383056640625, 10.984072205648257, 10.954836630407785, 10.97474352886222, 10.973542318178739, 10.882532990736768, 10.875446738535269, 10.454801614573926], "valid": [21.138712211277173, 19.62373825294384, 17.330943585824276, 16.030480072463767, 15.343558933423912, 15.512284873188406, 15.35812351392663, 15.152588952105978, 15.444462607563405, 15.37127632472826, 15.351758520153986, 15.38971283401268, 15.30777924026268, 15.64851711107337, 15.588238083106884, 15.74572895437047, 15.40466060914855, 15.507359601449275, 15.47875339673913, 14.425418223505435]}}