before.ndkl,after.ndkl,before.skew.minority,before.skew.majority,after.skew.minority,after.skew.majority
0.15007758260444176,0.15007758260444176,0.0,0.0,0.0,0.0
0.2584193558627703,0.2584193558627703,0.0,0.0,0.0,0.0
0.08239929615271845,0.08239929615271845,0.0,0.0,0.0,0.0
0.0865309896021232,0.0865309896021232,0.0,0.0,0.0,0.0
0.23473363093917768,0.23473363093917768,0.0,0.0,0.0,0.0
