before.ndkl,after.ndkl,before.skew.minority,before.skew.majority,after.skew.minority,after.skew.majority
0.41970358314667006,0.41970358314667006,0.0,0.0,0.0,0.0
0.2638121167513992,0.2638121167513992,0.0,0.0,0.0,0.0
0.2584193558627703,0.2584193558627703,0.0,0.0,0.0,0.0
0.15795686269380355,0.15795686269380355,0.0,0.0,0.0,0.0
0.14116611585482522,0.14116611585482522,0.0,0.0,0.0,0.0
