before.ndkl,after.ndkl,before.skew.minority,before.skew.majority,after.skew.minority,after.skew.majority
0.08789788127659394,0.08789788127659394,0.0,0.0,0.0,0.0
0.08678048438897552,0.08678048438897552,0.0,0.0,0.0,0.0
0.2584193558627703,0.2584193558627703,0.0,0.0,0.0,0.0
0.12219030567704448,0.12219030567704448,0.0,0.0,0.0,0.0
0.1549189986921727,0.1549189986921727,0.0,0.0,0.0,0.0
