{"0": {"train": [10.320953553625912, 10.907576187227669, 11.455739356294895, 11.335350777837132, 11.42111007269061, 11.370697588039786, 11.482749146442247, 11.464525415723733, 11.459648600633026, 11.353080503895212, 11.608090998771996, 11.781357290748534, 6.980457351210803, 6.600053469294522, 6.759919897819865, 6.86731889555256, 6.857387297108102, 6.924165934482039, 6.893470652814006, 6.871026913927662], "valid": [10.462862862693273, 11.124338062421193, 11.55507865684161, 11.43914563059892, 11.7851288850462, 11.370160459670442, 11.663148413606427, 11.33022481809445, 11.576689114982026, 11.056483766657035, 11.77501887732061, 11.27449462908091, 6.5366259143833165, 6.6192586715682955, 6.763328210566241, 6.73721775453922, 6.829949812753328, 6.985883467424955, 6.855509760315317, 6.956119707101813]}, "1": {"train": [10.153955381816166, 11.055496458161933, 11.162857508690065, 11.359057517194291, 11.417511890196872, 11.388507460401641, 11.272233257547505, 11.540829031776846, 11.36981196150382, 11.247282255529965, 11.555028891662344, 11.31367830862421, 6.93702372612232, 6.567598531474404, 6.779773240028694, 6.7860233352187365, 6.842913020269471, 6.8494282672121765, 6.862767457927923, 6.8819025912703085], "valid": [10.830311209607284, 11.206055556436622, 12.121758089162434, 11.120457601062832, 11.685376799214055, 11.450995760322863, 11.725669674171298, 10.954074913654772, 11.42129210508813, 11.355594549316896, 11.322041282157118, 11.297165290329279, 6.5248322830058285, 6.776136194453729, 6.867611388243188, 6.918343742000543, 6.8344167102677815, 6.808165696100848, 6.867973601635578, 7.0190255267030945]}, "2": {"train": [10.282259932504497, 11.338404901209504, 11.227721700751571, 11.369185625219025, 11.374943239662606, 11.347525684631234, 11.562462792919845, 11.434028224860468, 11.624596666037771, 11.441807279533576, 11.350063094186721, 11.115121499477905, 11.398584416878379, 11.460297032578818, 11.404098517291962, 11.358785753991064, 11.476315886835494, 11.604427933130061, 11.334589077382832, 11.49770017474621], "valid": [11.501229977604316, 11.848626411188006, 11.751811226339774, 11.957806856715129, 12.08453280063705, 11.52290700764287, 11.812871900507439, 12.24083057905168, 10.570669458290762, 11.48722386766118, 11.298370186667498, 10.891109530413026, 11.589273932802607, 11.565500508017902, 11.026020494887614, 11.225700737563884, 11.591502916797547, 12.215736837819643, 11.366368468286382, 11.037272464360848]}, "3": {"train": [10.236167945921856, 11.012513781160155, 11.425525980218147, 11.570568995681132, 11.28477095193081, 11.431779941957828, 11.599847805314113, 11.345287861716919, 11.482919784417087, 11.312290456370404, 11.547847052980925, 11.429626263984028, 7.023830149098346, 6.52886174024985, 6.775119024995298, 6.85934311133595, 6.866508969661589, 6.859806948285328, 6.856250237320127, 6.873645515021617], "valid": [10.697646284737903, 11.302511791862939, 11.154599736527937, 11.78999437121196, 11.593258963478602, 11.49274940507097, 11.602917014998178, 11.292659177137455, 11.725311589319489, 11.242347235876801, 11.777715056661306, 11.347598834685254, 6.557994015620389, 6.782067042765725, 6.77920541832897, 6.843505468571846, 6.959253243203326, 6.756735697582669, 6.8646120111528495, 7.013737735156083]}, "4": {"train": [10.243690988505444, 10.88100324405043, 11.3480522755066, 11.46386428267544, 11.347126018542182, 11.485523647974789, 11.207036205995303, 11.246723719225846, 11.601030745719836, 11.627659068323885, 11.192668228706145, 11.14313407960172, 7.0290591007548695, 6.589230148658201, 6.775477208093711, 6.811780164060648, 6.867105491377284, 6.869138608215568, 6.844666070974953, 6.863825803083452], "valid": [10.770380524201256, 11.149204011262956, 11.009733325883476, 11.441006333927925, 11.66793163898319, 11.414794655517543, 11.244566687768, 11.474867440443521, 11.93424137414039, 11.74959324596436, 11.358981987389223, 11.716645282674952, 6.5082071216718065, 6.827222639884299, 6.869533657260098, 6.876921965544069, 7.118171468110602, 6.67805009591663, 6.86440460602431, 6.801392632060201]}}