{"0": {"train": [19.467307397492007, 7.805907372149421, 6.581140603148955, 5.425246217341359, 4.883573774792265, 4.355904470238183, 4.081052201799139, 3.877208776443233, 3.8068471404959747, 3.7285453450222166, 3.6691670601396247, 3.6224619332255195, 3.570687696312561, 3.5188473570987915, 3.4773217009662556, 3.444073428701775, 3.422449384771695, 3.3867585934725266, 3.359820583557008, 3.3492499238681854], "valid": [9.09022064046407, 6.56001558661729, 5.933489006821949, 5.026542973374423, 4.772844938014236, 4.326166022214802, 4.159516258777154, 4.012637348249563, 4.010953090085607, 3.8865839769759236, 3.810784411371086, 3.783888406664348, 3.744348673449616, 3.7075154921056477, 3.6718118621764755, 3.650960093774047, 3.621766047152003, 3.5982116142842875, 3.597128270969908, 3.5770203843404094]}, "1": {"train": [21.41136164149673, 7.497419640181505, 5.9455023381774055, 5.04258225241957, 4.4590743226869805, 4.2708071949362925, 3.9713241889215896, 3.853829249635122, 3.77615852591927, 3.700899618496944, 3.6526432119209127, 3.6112186674516087, 3.5646694604595517, 3.5247926043924993, 3.490735482177409, 3.452637188431849, 3.4142869356649745, 3.3862296883555434, 3.3665980059245233, 3.343984212273304], "valid": [9.299884516599828, 6.479778193603313, 5.934162496207973, 5.028235049703297, 4.469827259308039, 4.274505178081901, 4.139941033405906, 3.974090745974902, 3.90027864170989, 3.8797193969567596, 3.8075880536359064, 3.761832611961902, 3.740005856253515, 3.7119664918943114, 3.6647635480560776, 3.6327404095828215, 3.586458441236534, 3.58780480582742, 3.562635047599185, 3.5385905270662845]}, "2": {"train": [20.312037601832806, 8.137654226177043, 6.387711715235334, 5.176995962874959, 4.497374622982767, 4.153820227408101, 3.958825709245605, 3.870474557579931, 3.792565958072354, 3.708902252935208, 3.659853348562779, 3.623188249236485, 3.5729231868141778, 3.533867667009038, 3.4898188727589385, 3.4605099883553585, 3.4226436740878516, 3.3833743840086425, 3.357614343395759, 3.34118379566984], "valid": [9.142753564042707, 7.27708472451388, 5.64552183028183, 5.168191213642787, 4.407640202674581, 4.195480857895185, 4.046619674052178, 3.996702367403923, 3.9280866115096336, 3.884859963226589, 3.830043355120531, 3.7817618369040042, 3.735662352619643, 3.710371152711392, 3.682996115600398, 3.647365645486193, 3.6036270085602693, 3.581020329483193, 3.5604252310014837, 3.5188609399047]}, "3": {"train": [20.94816477062523, 7.1724967339530155, 5.518409174990751, 4.72249473964114, 4.2587074546799855, 4.061485061447928, 3.8832666178204773, 3.8002052768336108, 3.7312723709766926, 3.682645237930078, 3.62753349143313, 3.58138814222623, 3.5202392668447096, 3.4729474123080837, 3.4393975010405105, 3.400268899717906, 3.3681887457223456, 3.352391953096097, 3.3269670490542915, 3.3123143411256013], "valid": [8.996553994026742, 6.422756366010515, 5.1919936587316124, 4.692051496343715, 4.349637354414551, 4.2860369512103755, 4.04932121882492, 3.9640398043013376, 3.870253341458925, 3.847419899098369, 3.7978827936543613, 3.7638687859107693, 3.7064851311378972, 3.6769449826435134, 3.6465893267089178, 3.6149018015043213, 3.5764974391898643, 3.569031625236322, 3.543445137108381, 3.527079918283923]}, "4": {"train": [20.289956240751017, 7.626599987282649, 5.9549601426655565, 4.896885592975398, 4.343578937176286, 4.152343027423234, 3.9599986054268403, 3.8677240782810767, 3.7601770313078062, 3.6996846819506106, 3.6471101192540694, 3.5988225178042916, 3.556659057933315, 3.5037608386514982, 3.464195959928783, 3.439759728773585, 3.411571655047632, 3.365699302568905, 3.326267500809286, 3.299237768220496], "valid": [8.901036724022154, 6.669851276115661, 5.206906686686978, 4.866981354148168, 4.475310479007577, 4.185194357500148, 4.114854224937844, 3.9533370856965533, 3.927304292666526, 3.8341433200419552, 3.781349951255698, 3.760948607943194, 3.7100963688500785, 3.677211610855828, 3.6476964068188376, 3.618822135150747, 3.5747378577434072, 3.5670267253124446, 3.5366448964854156, 3.4840542411589674]}}