{"0": {"train": [9.407761045852467, 10.019744246451873, 10.1352285455269, 10.210531298328595, 10.219217140764309, 10.335889815465459, 10.217270116878352, 10.325889957464549, 10.21523330760524, 10.165649461002543, 10.169718027490116, 10.442321045952372, 9.989038141828901, 10.311764412401129, 10.171087216164254, 10.240253306028753, 10.161451922924432, 10.203349532786316, 10.46039458927226, 10.24382664413987], "valid": [9.794369633028241, 10.396844040530487, 10.072094193410935, 10.534897147509005, 9.964169865634277, 10.601328948175537, 11.155992362475017, 9.937554467916659, 9.642656569454287, 9.674633482969751, 10.07810336391478, 10.405885496370132, 9.988109091386074, 10.475807446474203, 10.233260905355458, 10.89403796908954, 10.16880616037814, 10.772964837776607, 10.23012382145995, 10.041731523979646]}, "1": {"train": [9.369324969467575, 10.092216353062346, 10.121758765972364, 10.210220788848435, 10.168174439087874, 10.184720199700674, 10.21444314947659, 10.087147180947781, 10.140892535324413, 10.08926158429625, 10.334171992171083, 10.131923209957375, 10.20913189773243, 10.226491163141619, 10.216214696196701, 10.249310510798848, 10.18595817021195, 10.134716661076363, 10.222722664703575, 10.174352354682009], "valid": [9.752436747177764, 10.276313409492818, 10.289693592512005, 10.463819507331973, 10.646763679175814, 10.232305116553832, 9.782916707770134, 10.066481192508707, 9.769816820125822, 10.866745311689575, 10.327356715931677, 9.737192533544622, 10.939056186891623, 10.710061105369823, 10.485014126900866, 10.559359697982432, 9.855053267299507, 10.018019483672445, 10.415250445524329, 9.961076903196513]}, "2": {"train": [9.316623590043353, 10.032833801828446, 10.019878655446073, 10.087073997053265, 10.127293695757395, 10.121898594904158, 10.34702693247662, 10.095152525929768, 10.200957793468978, 10.09868710903092, 10.1503862126359, 10.177067446493766, 10.1046556185407, 6.543288875093514, 6.16674699454472, 6.293326878516966, 6.409858935038613, 6.443531818529075, 6.325912394805397, 6.407947761338059], "valid": [10.172048942335584, 9.667357527317622, 10.344792999036153, 10.015785382121123, 9.984349534480524, 9.947873671042219, 10.774004675455403, 10.369855735823565, 10.151839653230187, 10.269146656031465, 10.179056283042298, 10.299940418456822, 11.195888884436984, 6.136968772321628, 6.272604707212198, 6.353689661215672, 6.669653078844183, 6.200129866071279, 6.393245588404406, 6.384143551526143]}, "3": {"train": [9.410632899943844, 9.943704203110189, 10.195985228330695, 10.251802468200937, 10.269210816521316, 10.304066414450316, 10.289822575018835, 10.1684131794246, 10.077538078069038, 10.20287574836839, 9.976009684923056, 10.452875846614994, 10.323274838121037, 10.054481690832944, 10.159738787084644, 10.2857969521214, 9.956824688700618, 6.383343620589574, 6.138601859558428, 6.32684890871516], "valid": [10.068265575693305, 10.937151032432942, 9.938110054639433, 9.714580160914137, 10.129506403565117, 9.697574481753973, 10.256601095370153, 9.878053936703827, 10.24690577782246, 10.639935653802237, 10.413485043583416, 10.922012340017853, 10.319464337076987, 10.216406381868774, 10.246988475263025, 10.37374780119736, 10.026959470420595, 6.083222306666754, 6.196252016980925, 6.406315975868748]}, "4": {"train": [9.364094849768106, 9.864810738923094, 10.079638118855788, 10.336410512636277, 9.948095065395384, 10.023716205963165, 10.33261066479887, 10.080957954986394, 10.085916221969065, 10.193511140894048, 10.234890738992258, 10.17852855141471, 10.176006902797589, 10.319456420584048, 10.142454408511087, 10.053068176566454, 10.19667072762814, 10.162791207515898, 10.120493863883969, 9.999211162742345], "valid": [9.588265007871605, 9.712397885537484, 9.901212892301743, 10.128143391327415, 9.94665931246451, 10.125308511799233, 10.429598641405804, 10.44698961536027, 10.186079904302744, 9.431405261071527, 10.026818279135908, 10.13041979131618, 10.746862435787767, 9.847449582812612, 10.61897774959842, 10.05996818940925, 9.963169516540082, 9.9198300646412, 10.174965680933319, 10.157713225955938]}}