{"0": {"train": [49.848631229638066, 44.5042875363329, 41.30703722688667, 38.03199422675016, 29.47249413328052, 13.815897195051626, 9.681895723941928, 8.525385951736588, 7.71162331805309, 6.943581287876904, 6.232321654731989, 5.645990558645554, 5.207212983291196, 4.97023129405203, 4.852481858688357, 4.810793988676367, 4.793025142458448, 4.7865794178139485, 4.779564590443186, 4.781654068355585], "valid": [46.40621195018232, 42.90208292928508, 40.0087656230438, 36.02841066444256, 19.825390386588243, 10.658608608379573, 9.031780878793768, 8.067284356304327, 7.334813663658964, 6.549497843709759, 5.924596820612427, 5.429028430130369, 5.087620166293336, 4.914603009144113, 4.8538468688798915, 4.811302556212427, 4.82820043592498, 4.81276752877464, 4.808519398062539, 4.8025630132751855]}, "1": {"train": [49.88876485121849, 44.606309919948146, 41.350188986292075, 38.01572356317531, 29.926541970171527, 13.817712814651994, 9.62720187994045, 8.537261262610672, 7.691897779391855, 6.946264231762741, 6.228498404007952, 5.639490051695266, 5.214554268567752, 4.983396474751199, 4.8529130218195835, 4.814451810951686, 4.7980929085549615, 4.781196704765709, 4.798001075544861, 4.780428749823505], "valid": [46.60090295527179, 43.11037810218234, 40.11651740576989, 35.9774687441314, 19.629028276647343, 10.797678967234505, 9.141447629722544, 8.117402740840937, 7.3309479261914925, 6.602030629780112, 5.955633445365318, 5.442022745250069, 5.089525467030292, 4.923113508684336, 4.850905953976436, 4.841566296772719, 4.833734527338999, 4.810966902151693, 4.791196957663382, 4.796930351044456]}, "2": {"train": [49.9919605634468, 44.55120276722517, 41.339704318421134, 37.94581850057065, 28.41504062243773, 12.989992875025361, 9.533085048957723, 8.446124582403906, 7.6674741574973915, 6.922629952550122, 6.205517643731898, 5.614519353144192, 5.197125039569365, 4.963564715410681, 4.85326019038218, 4.812932234837921, 4.784751099021433, 4.7909922215675556, 4.7839281674634915, 4.785084972362489], "valid": [46.61738711089804, 42.946419062404985, 39.70207556035321, 35.70034205362612, 17.85907026087032, 10.387091501977997, 8.848331036051212, 8.06178934520569, 7.27405814343997, 6.580791846179949, 5.89451942001738, 5.4170626761627085, 5.062786074458384, 4.926151705190746, 4.873170364430098, 4.828483683064459, 4.815297103709359, 4.844558531335025, 4.8282915170756615, 4.813648825910303]}, "3": {"train": [49.90513029874932, 44.64968202246806, 41.470322216370704, 38.2397951428207, 30.791946176432596, 14.437461166392753, 9.804161526986604, 8.554592180600032, 7.770707195247596, 6.9994394299912, 6.290789611964867, 5.685750325975679, 5.236781056303547, 4.988970953979143, 4.863331254246, 4.81609461232135, 4.800756948429861, 4.798410931989894, 4.795816713792433, 4.794754894800769], "valid": [46.572954923166094, 42.91179978903791, 39.84937055279111, 36.25241467444098, 21.41173194211719, 10.977307477790854, 9.097917492083681, 8.143504031551535, 7.37698396133377, 6.630667547416168, 5.971586859743045, 5.454059562077251, 5.100355730426552, 4.916117089724981, 4.854292675940191, 4.832870441916539, 4.801951632306613, 4.811275195625143, 4.811202588110698, 4.8002884668723285]}, "4": {"train": [49.77787650421226, 44.47039435339308, 41.135264578014336, 37.24427381682795, 25.306686169941855, 12.051294493528545, 9.340887405105134, 8.304646167654152, 7.539685030866376, 6.802720696889615, 6.102994252110879, 5.536915949271427, 5.144226063029554, 4.9420632807068055, 4.843915348213994, 4.805747124817532, 4.797239739421714, 4.785494407711665, 4.787351277239897, 4.7737651240383885], "valid": [46.424504638008166, 42.703259104429726, 39.464986316737125, 34.43580642069234, 15.631051449291968, 10.186400253726001, 8.866754481372514, 7.916869108522377, 7.165949219029457, 6.447640857158906, 5.7945007267454045, 5.316680588355851, 5.059348976003167, 4.891682203311677, 4.827677953940874, 4.8251823461316725, 4.802008196150801, 4.8466194263086555, 4.8023636665513445, 4.79747858127993]}}