{"0": {"train": [11.02316919962565, 14.86724599202474, 9.635728200276693, 7.708798726399739, 5.916592280069987, 2.0778684616088867, 0.4907042582829793, 1.2483163674672444, 1.052328109741211, 3.6825927098592124, 2.3955276807149253, 2.5324360529581704, 3.8015333811442056, 0.26314079761505127, 4.056485811869304, 0.002319637220352888, 0.13832788666089377, 0.009879496569434801, 2.654829502105713, 0.1480844517548879], "valid": [29.482635498046875, 20.078227996826172, 13.720647811889648, 8.440404891967773, 5.140501499176025, 4.1068339347839355, 4.047531604766846, 4.368551731109619, 4.771174430847168, 5.084248065948486, 5.364425182342529, 5.520817756652832, 5.60075569152832, 5.725282192230225, 5.939702033996582, 6.298926830291748, 6.8530707359313965, 7.564380168914795, 7.593623161315918, 7.686124801635742]}, "1": {"train": [11.631362915039062, 1.2166738510131836, 3.283100128173828, 1.263635555903117, 2.3168134689331055, 0.5553781986236572, 2.573634306589762, 1.4248766899108887, 0.018375533322493236, 0.1645625631014506, 0.31671271721522015, 0.28138317664464313, 3.9521862665812173, 0.2591729760169983, 0.529988169670105, 0.1818586786588033, 0.018606411914030712, 0.20124965906143188, 0.11886533101399739, 0.2619609832763672], "valid": [2.637298583984375, 1.350571870803833, 0.26872310042381287, 0.11592474579811096, 0.08400330692529678, 0.07226027548313141, 0.15654253959655762, 0.7933250069618225, 2.629669666290283, 5.288462162017822, 7.63742208480835, 9.551804542541504, 10.931650161743164, 10.636431694030762, 8.996783256530762, 7.148484230041504, 5.498541355133057, 4.74531888961792, 4.432510852813721, 4.184725761413574]}, "2": {"train": [39.66632080078125, 25.483257293701172, 10.637369155883789, 16.61883544921875, 20.518564224243164, 11.995420455932617, 4.816091060638428, 7.604725360870361, 1.1649179458618164, 4.445250988006592, 5.330111503601074, 0.06199371814727783, 6.927857875823975, 0.65491783618927, 11.471366882324219, 8.771485328674316, 1.816384196281433, 0.16118718683719635, 9.477911949157715, 5.6718268394470215], "valid": [0.030015498399734497, 0.09127316623926163, 0.47546815872192383, 0.9364833235740662, 1.1801693439483643, 1.5602834224700928, 2.3612303733825684, 3.8353629112243652, 6.581663131713867, 10.495715141296387, 14.6939697265625, 18.969444274902344, 21.187973022460938, 23.198692321777344, 25.042348861694336, 26.391666412353516, 27.590717315673828, 28.686311721801758, 29.363849639892578, 29.851266860961914]}}