{"0": {"train": [16.703321365179313, 17.072677586999898, 17.50751613028607, 16.934895833333332, 15.606416971133914, 14.082142995957712, 12.841771367770523, 11.987514818485696, 11.773312393112562, 11.377913694871994, 11.249306446284203, 11.269962848517828, 11.0742659181307, 11.007747922172989, 10.910367798054, 10.859541606744921, 10.879561745309909, 10.650993891220978, 10.816608890767517, 10.712281488067475], "valid": [23.739393625827816, 28.365244884364653, 29.52189019815811, 27.987014467353063, 25.44151861936051, 23.409247594163908, 22.322543718956954, 21.193675464352236, 20.878675043977648, 20.514088207522764, 20.818737712127483, 20.47341049901697, 20.562491915873345, 20.332935863772764, 20.425402912872517, 20.469169566173427, 20.551665653456126, 20.295935624482617, 20.259006525507036, 20.771104421047184]}, "1": {"train": [14.249565364907234, 16.67741776145315, 17.571745763370647, 17.001560394641377, 15.457898900678897, 14.297743865308872, 12.847632767153815, 12.23641780517983, 11.695340841366086, 11.458786592752384, 11.258169601212687, 11.063549440298507, 11.003528702516066, 10.892699183120854, 11.231827718503835, 10.997770951557317, 10.961284884172885, 10.84905145496476, 10.67650132313692, 10.8137678712557], "valid": [21.959294805463575, 26.7399667904077, 28.6737294986548, 27.969902796461092, 25.35136605572227, 23.110362071864653, 22.149979142953228, 21.030922592870446, 20.447100708816226, 19.90792988151904, 20.26814643910389, 20.04115952245447, 20.31895113307119, 20.227300580763657, 20.43384072006933, 20.4786376953125, 20.30653714817881, 20.33662626759106, 20.401603243998345, 20.02796299410182]}, "2": {"train": [16.828681907843595, 17.035292288557216, 17.70261465297212, 17.118371359349087, 15.549122470330639, 14.122838970835925, 12.89595661827581, 11.96580006866708, 11.584093691697761, 11.41520850338153, 11.076549017607276, 11.072264410370025, 11.063105493042599, 10.95229783698694, 10.905143067216004, 11.167163855203151, 10.86074267335199, 10.840380616449005, 11.187406271053586, 10.849630833462895], "valid": [23.746351633640316, 28.809487045995446, 29.161657472319952, 27.547765870757452, 25.334462146885347, 23.672619548064983, 22.3162348665149, 21.01054008433361, 20.599618671745652, 20.24803959928601, 20.213148508640316, 19.912267015469784, 20.042199949555048, 20.209404749586092, 19.82648149705091, 20.056879106736343, 21.074116890004138, 20.65096055592922, 20.36733705634313, 20.041273508640316]}, "3": {"train": [14.128372217687604, 15.346275620594941, 16.828843251191955, 16.71531907519693, 15.562050991785862, 13.571215577386505, 12.617089519848673, 11.967555006542806, 11.480325018786276, 11.15249821044517, 11.226543673235385, 10.946870465381426, 10.939581875777364, 10.89774030239428, 10.895192211144797, 10.908588770017102, 10.931093839072865, 10.770270757216522, 10.868196655071, 10.732112549233001], "valid": [22.31607803445778, 27.78545132062293, 29.254242549668874, 28.20523091499379, 27.51427252561051, 24.255612000724337, 22.647596750827816, 21.855453390159354, 21.42840859116308, 21.689220302152318, 21.437741715387002, 21.357402068889694, 21.3826645604822, 21.627438172599337, 21.379544896005793, 21.609592463007036, 21.588157401179636, 21.28379164942053, 22.071593025662253, 21.521798039114238]}, "4": {"train": [14.445230648217612, 15.803932442570364, 17.560531515159354, 17.122831028818293, 15.726693058645488, 14.104555243687914, 12.994935294650249, 12.290346663519246, 11.862184638219164, 11.330618346763762, 11.098459812189569, 11.152737446968128, 11.096693430515314, 10.973609570635865, 11.09865019337231, 11.203503135024317, 10.924862084799255, 10.99013413182947, 10.940132191639073, 10.899360909367239], "valid": [20.457645670572916, 26.025575358072917, 28.081051432291666, 26.88463134765625, 24.38696533203125, 22.87851318359375, 21.311743977864584, 20.011660970052084, 19.703518880208332, 19.470611165364584, 19.665891927083333, 18.954813232421873, 19.163340250651043, 19.14144287109375, 18.9416796875, 18.98556640625, 18.701700032552083, 18.93671346028646, 18.869627278645833, 19.219931640625]}}