{"0": {"train": [427.90386037844036, 134.91782396788992, 134.99520283830276, 134.85526662844038, 134.66737815366972, 134.38426175458716, 134.0866148222477, 133.69321961009175, 133.48581565366973, 133.42269925458714, 133.37860235091742, 133.38922735091742, 133.40584862385322, 133.50257955848625, 133.56922161697247, 133.518798021789, 133.40166571100917, 133.65312930045872, 133.5957439793578, 133.61622276376147], "valid": [134.9282740825688, 135.0435378440367, 134.80747133027523, 134.2569380733945, 134.36333142201835, 133.92835722477065, 133.63842889908256, 133.35784403669726, 133.21923451834863, 133.30144495412844, 133.30280963302752, 133.25704128440367, 133.43095183486238, 133.3906880733945, 133.5178239678899, 133.18981651376146, 133.59716456422018, 133.55348623853212, 133.4994380733945, 133.50842316513763]}, "1": {"train": [431.8022921444954, 135.02978999426605, 135.20632310779817, 135.13174311926605, 135.11814506880734, 135.07899799311926, 134.99369194380733, 134.91981579701834, 134.89397219036698, 134.77756594036697, 134.86999211582568, 134.82618047591743, 134.70930977637616, 134.62196961009175, 134.4172018348624, 134.3143635321101, 134.2205504587156, 134.16641413417432, 133.9658142201835, 133.95470900229358], "valid": [135.10268061926607, 135.17220756880735, 135.164122706422, 135.07016055045872, 135.05265194954129, 135.0398222477064, 134.71486525229358, 134.97727064220183, 134.6461754587156, 134.72504587155964, 134.79110665137614, 134.6319724770642, 134.7597993119266, 134.20418577981653, 134.4760493119266, 134.08521502293578, 134.1177121559633, 133.79243692660552, 133.79613245412844, 133.8388245412844]}, "2": {"train": [410.70214162844036, 134.85973767201835, 134.91568592316514, 134.80188933486238, 134.66776089449542, 134.52517201834863, 134.5076963876147, 134.47205633600916, 134.4135493119266, 134.36572247706422, 134.2761647075688, 134.2464693233945, 134.22890481651376, 134.22716599770644, 134.2220054472477, 134.2148215309633, 134.1979952694954, 134.198701978211, 134.19307912844036, 134.2031694380734], "valid": [135.61144495412844, 135.6346129587156, 135.31600917431192, 135.4327608944954, 134.98637614678898, 135.1513474770642, 135.14925458715595, 135.14131307339449, 134.92489392201836, 134.99090596330277, 134.95533256880734, 134.94064793577982, 134.93030963302752, 134.94573394495413, 134.9274254587156, 134.90783830275228, 134.90875, 134.91122706422018, 134.91131880733946, 134.94174311926605]}, "3": {"train": [416.1360794151376, 135.14136252866973, 135.23548666857798, 135.0548064793578, 134.8596057912844, 134.7495391341743, 134.7536202694954, 134.76838446100916, 134.56821745986238, 134.35398724197248, 134.1304200114679, 134.07749856651375, 134.07879587155963, 134.1887686353211, 134.2471237098624, 134.2101705848624, 134.21459504013762, 134.17948251146788, 134.1438245412844, 134.1199741972477], "valid": [134.79116972477064, 134.84712729357798, 134.40564793577983, 134.44320527522936, 134.06968463302752, 134.16025229357797, 134.38624426605506, 134.00616399082568, 134.1615883027523, 133.64666857798164, 133.61821674311926, 133.73093463302752, 133.74833142201834, 133.87344610091742, 133.7990883027523, 133.82084575688074, 133.81451548165137, 133.65343463302753, 133.77198394495412, 133.58307339449541]}, "4": {"train": [432.8817395355505, 134.84243549311927, 135.08359518348624, 134.8559045298165, 134.63253440366972, 134.25839521215596, 134.00881020642203, 133.91898724197247, 134.00551175458716, 134.1766176892202, 134.0398623853211, 134.2213732798165, 134.13869982798164, 134.0535779816514, 134.11666571100918, 133.87458500573393, 133.90218176605504, 133.93903454701834, 133.93529458142203, 133.8068785837156], "valid": [135.0955504587156, 135.18959288990825, 134.8569380733945, 134.5601748853211, 134.38113245412845, 134.11524655963302, 134.03052178899082, 134.07321674311927, 134.28231077981653, 134.1864134174312, 134.34615538990826, 134.2150630733945, 134.17810779816514, 134.25301892201836, 134.05685206422018, 134.05528956422017, 134.1067373853211, 134.13659116972477, 133.90994266055046, 133.97001433486238]}}