{"0": {"train": [6.3599536308932665, 5.612616247637134, 5.700429911696206, 5.704061983063523, 5.776172403360487, 5.740063207622252, 5.937138244426606, 5.849581005373855, 5.890748587563898, 5.9397952265152805, 5.9185166455449405, 5.893048168293192, 5.1592524179870285, 5.010429739622048, 4.997110032356606, 5.014778737860085, 5.0344468034761745, 5.073009675565717, 5.077905719687911, 5.090685573435825], "valid": [5.578321163013289, 5.670295900950489, 5.7145684683092375, 5.814290004451797, 5.771493460785503, 5.919369805253303, 5.853907284703912, 5.792388440070863, 6.0998309439446725, 5.773610529718143, 6.005238702575341, 5.945957969146748, 5.018518920251153, 5.022822960123596, 5.020469977271163, 5.0674025285117565, 5.069601567030994, 5.091237083049544, 5.106066496165484, 5.159664580023296]}, "1": {"train": [6.371150265532084, 5.566869384146824, 5.66811451799434, 5.694510841481192, 5.7068924113820465, 5.760153270237254, 5.816622101918929, 5.891840052999793, 5.980514838742476, 5.9174421031146425, 5.975106743098374, 5.9693354960095935, 5.1429751522059, 4.982490378603133, 4.9915251846596105, 5.011090675751166, 5.051632373294395, 5.056604775026961, 5.074157153163233, 5.099608612209297], "valid": [5.578730951453178, 5.70931051852773, 5.7810365720904775, 5.70281315147319, 5.706141123828186, 5.836243956072659, 5.837412462335635, 6.029953286116821, 5.987814638515004, 5.8948549209946925, 6.181144942808954, 5.940468174773161, 4.983367746202037, 4.975938930261604, 5.012225629981428, 5.048052682477983, 5.114533189379715, 5.088150962025243, 5.132246078139012, 5.131633270701541]}, "2": {"train": [6.435737865108563, 5.5522501419758745, 5.600737804278079, 5.68041340925295, 5.805233984314074, 5.8008570048958354, 5.828580483718678, 5.82327010383716, 5.866523281568337, 5.853041349516768, 5.930987061422682, 5.933017895224127, 5.14144813212145, 4.979432585049204, 4.994185498191573, 5.023000190459388, 5.050588884303808, 5.061761728307716, 5.06529240718658, 5.064953167762212], "valid": [5.580280304550102, 5.824343902535529, 5.73454938956085, 5.750799778563577, 5.779324864917232, 5.880676286191915, 5.844417007343945, 5.896602203983205, 5.801516432785204, 5.980467878885229, 6.03213940818119, 5.895752886122241, 5.023695651054234, 5.019529195978013, 5.054052507313937, 5.092126144482963, 5.08870434735015, 5.111960401997665, 5.111810234663658, 5.104683382911665]}, "3": {"train": [6.539786297083366, 5.538048582442194, 5.582579090862428, 5.729048396276162, 5.718761746042801, 5.806371100261432, 5.813831609282546, 5.795866826353509, 5.778948268252267, 5.900935862241553, 5.935680749663081, 5.867641295172965, 5.885855192737629, 5.196462286584957, 5.002021423639713, 4.999300101966742, 5.0224700263739654, 5.026930454935102, 5.040584635308777, 5.0605692485281875], "valid": [5.60378648933169, 5.48568293360685, 5.600997060830202, 5.706692491078261, 5.809786905905439, 5.720180077702295, 5.748851413753583, 5.856997054223058, 5.850366140486688, 6.201362718157604, 5.852851573734048, 5.995332152920456, 6.133687101610178, 5.04132961665314, 5.016082282892684, 5.0697304263462275, 5.068352182352902, 5.067995755985958, 5.053611222229813, 5.0566200205175615]}, "4": {"train": [6.401241404528849, 5.6121344454415105, 5.662345899914948, 5.78190479042061, 5.743019555591713, 5.743195750993546, 5.749301420436545, 5.932820869665347, 5.924411259918701, 5.815253838374984, 5.836430921854285, 5.814325195350579, 5.131395991019783, 4.988631943928269, 5.002199000578946, 5.0636321133778175, 5.041262882116348, 5.0582881791537915, 5.074281371365859, 5.085937671353476], "valid": [5.535563098679576, 5.649598512722426, 5.701532587918043, 5.690871528336307, 5.747656360912427, 5.7369634699401235, 5.826164042107346, 5.89521124790247, 5.889951368851662, 5.950302428675598, 5.890381180687825, 5.86222165788583, 5.020118643166104, 5.059347624861307, 5.068396985261233, 5.026379140337104, 5.052380583398224, 5.116194664790466, 5.106715844808438, 5.12226434855505]}}