{"0": {"train": [13.626203532893696, 14.395677025899097, 14.803796156603374, 14.819124530459835, 14.825638930844312, 14.968425587533899, 14.84750569144754, 14.839249463940336, 14.824587414919316, 14.937226376661092, 14.819757043181067, 14.745051104651617, 8.699662354698951, 8.340327134748474, 8.50476242220441, 8.640736763698039, 8.64708587126869, 8.69898304984982, 8.672997103380123, 8.649722575390863], "valid": [13.537400516799837, 14.760555737280235, 15.062065282797912, 14.936802060499367, 15.088400992086337, 15.119369805942261, 14.185640279137026, 15.125890729901172, 15.052727890724206, 14.849876073045031, 15.244219789929376, 14.496903987551029, 8.231002984461073, 8.661549214352046, 8.547820734899261, 8.628265483472493, 8.738088505447875, 8.490685708977528, 8.62204184500099, 8.666725978504726]}, "1": {"train": [13.685735552142765, 14.25303088914241, 14.619404230460296, 14.917167100293696, 14.709295382262948, 14.875647395989946, 14.830226692421308, 14.787416803903344, 14.949918306203065, 14.647506385286881, 14.67147476626391, 14.873317905720219, 8.742961857891641, 8.31246874393491, 8.529929651349617, 8.619269639709882, 8.675333804950505, 8.627644049693185, 8.704277171207133, 8.63267846761778], "valid": [13.687996162810812, 14.480002842776372, 15.025937085704992, 14.96516157557719, 15.180922752355263, 15.166799838117544, 14.885735109378073, 14.874482742551912, 14.860230286893355, 14.570758054894018, 15.221266108600345, 15.096308703960856, 8.217496504342202, 8.416273784323607, 8.731477753528285, 8.570654094705324, 8.476247434060722, 8.811729698601429, 8.600306757769882, 8.637802676387672]}, "2": {"train": [13.54311533065667, 14.435466630449621, 14.511233983795126, 14.955861429882281, 14.816516127909077, 14.773810723561692, 14.82617413139698, 14.936768532208678, 14.707482534854227, 14.773004955139466, 15.188977610350236, 14.853402031186075, 8.706013248720332, 8.328054820268276, 8.517931834603093, 8.630154392309567, 8.642848606630873, 8.603745848993697, 8.698511514733287, 8.642368446008417], "valid": [13.716974509224595, 14.689192736570135, 14.37117909354907, 14.975973195043103, 14.961101868749944, 14.724023567622167, 14.7671750563036, 15.506725023635076, 14.810747769653652, 14.745266120616996, 15.332778806218366, 15.099680108187588, 8.281843359266711, 8.428085139388264, 8.583131000640515, 8.44978689045537, 8.661422867037432, 8.642437955479984, 8.641689938594213, 8.57866267964195]}, "3": {"train": [13.686098646479694, 14.199657913406684, 14.692237529790116, 14.715050902962258, 14.72309711853106, 14.62822872941834, 14.758086582914684, 15.042125979723858, 14.727183814791758, 14.887093643753941, 14.78026860158388, 14.86066533049249, 8.665449022103966, 8.313073615520224, 8.549358212908615, 8.595680637990036, 8.64578858327927, 8.608167906212762, 8.612992454110715, 8.62955087488993], "valid": [13.592756975735867, 14.566562990447041, 14.668694984522274, 14.90561785952423, 14.613865633893719, 14.710847676405836, 15.214694297267638, 14.841138103145065, 14.969680644221052, 15.037673175138778, 14.95009942381555, 14.71686608864013, 8.22004563253416, 8.33303697864152, 8.558430953195703, 8.59297738216486, 8.63308349032995, 8.88761309537616, 8.694936560465553, 8.676251335979138]}, "4": {"train": [13.717893101862357, 14.333419376252666, 14.564266059101524, 14.728568724013991, 14.735651105476016, 14.97405916891618, 14.919032982310302, 15.188801369044143, 14.635669956597532, 14.954141896005385, 14.835839494647072, 14.751442957681755, 8.714844791413991, 8.305631797223972, 8.519227090525275, 8.564062404264144, 8.626665934351044, 8.632070264380998, 8.660694675224502, 8.636085028845551], "valid": [13.699253097012381, 14.729571911343383, 14.565591431974017, 14.980648344790138, 14.4977943550314, 14.590952294803106, 15.42847019839072, 15.174235896433792, 15.467099976686299, 15.397593247291782, 14.793740575312544, 15.241745787639784, 8.386217928116952, 8.370414152048504, 8.474547051721624, 8.709448712461239, 8.574740692719418, 8.68813962031714, 8.667602956064748, 8.857440336628319]}}