{"train": [1.4634649753570557, 1.4598461389541626, 1.4300700823465984, 1.3408684333165486, 1.3551735083262126, 1.2848394711812336, 1.2577195167541504, 1.2683212359746296, 1.2270725965499878, 1.19058358669281, 1.1612226168314617, 1.115342656771342, 1.1669803857803345, 1.0804837147394817, 1.079347550868988, 1.0449618101119995, 1.0600003004074097, 1.0501802762349446, 1.0362718900044758, 1.0407082438468933, 1.018881360689799, 0.9894901514053345, 1.0187190969785054, 1.005865454673767, 0.976731518904368, 0.9611786603927612, 0.9776568611462911, 0.9657108783721924, 0.9449938535690308, 0.9639798601468405, 0.9574036995569865, 0.9546738664309183, 0.9315667351086935, 0.9421320160230001, 0.9399076700210571, 0.9344900846481323, 0.9224446813265482, 0.9317548076311747, 0.9118838906288147, 0.909713089466095, 0.9233389695485433, 0.9048982659975687, 0.9075865745544434, 0.8863765796025594, 0.892595112323761, 0.8981644908587137, 0.8900606036186218, 0.8907802700996399, 0.905486524105072, 0.910064160823822, 0.8997574249903361, 0.914281964302063, 0.8848393162091573, 0.8859560688336691, 0.894657572110494, 0.8946139216423035, 0.883916954199473, 0.8652814030647278, 0.8896202643712362, 0.8833101193110148, 0.8768136699994405, 0.8781926433245341, 0.8772126038869222, 0.8814504146575928, 0.8610919117927551, 0.8780120809872946, 0.8659210801124573, 0.8722708026568095, 0.8780482411384583, 0.8830772042274475, 0.8918407360712687, 0.8748240272204081, 0.8738730748494467, 0.8892538944880167, 0.8655547897020975, 0.866925060749054, 0.8857480883598328, 0.8567305008570353, 0.8710881471633911, 0.8632203737894694, 0.8698218464851379, 0.8759925166765848, 0.8681259552637736, 0.8573611577351888, 0.8770362933476766, 0.8720862865447998, 0.8596143126487732, 0.8519569436709086, 0.8585162957509359, 0.870128333568573, 0.851614773273468, 0.8634613355000814, 0.8755267063776652, 0.8426793018976847, 0.8603109916051229, 0.8610154787699381, 0.8644464214642843, 0.8636330366134644, 0.8423594832420349, 0.8496230642000834], "valid": [0, 0, 0, 0, 0, 0, 0, 0, 0, 0, 0, 0, 0, 0, 0, 0, 0, 0, 0, 0, 0, 0, 0, 0, 0, 0, 0, 0, 0, 0, 0, 0, 0, 0, 0, 0, 0, 0, 0, 0, 0, 0, 0, 0, 0, 0, 0, 0, 0, 0, 0, 0, 0, 0, 0, 0, 0, 0, 0, 0, 0, 0, 0, 0, 0, 0, 0, 0, 0, 0, 0, 0, 0, 0, 0, 0, 0, 0, 0, 0, 0, 0, 0, 0, 0, 0, 0, 0, 0, 0, 0, 0, 0, 0, 0, 0, 0, 0, 0, 0]}