{"train": [1.9706640243530273, 1.8587653239568074, 1.8801232973734539, 1.836774746576945, 1.8325330018997192, 1.7064124743143718, 1.6479028463363647, 1.6281938155492146, 1.6102941036224365, 1.5372811555862427, 1.4826643069585164, 1.4261422157287598, 1.4260404109954834, 1.4786840279897053, 1.4070172707239788, 1.4095081488291423, 1.340823809305827, 1.3344305356343586, 1.293793797492981, 1.2802881797154744, 1.2135518391927083, 1.186694582303365, 1.2033467292785645, 1.1878832578659058, 1.1703681548436482, 1.1238358815511067, 1.1230154434839885, 1.1379359364509583, 1.0741057395935059, 1.0980488459269206, 1.0841817458470662, 1.0634150107701619, 1.054584304491679, 1.0664817889531453, 1.028357446193695, 1.0239070256551106, 1.0322096745173137, 1.0284650723139446, 1.019174297650655, 1.0044836004575093, 0.9740011096000671, 0.9990506768226624, 0.9733082056045532, 0.9786767760912577, 1.0048332810401917, 0.9706676999727885, 0.9670768976211548, 0.9754842718442281, 0.9661983847618103, 0.9750585754712423, 0.9571094314257304, 0.9737998644510905, 0.9779474933942159, 0.9439662496248881, 0.9626021583875021, 0.970308780670166, 0.9597605665524801, 0.9397330085436503, 0.9508254130681356, 0.935933252175649, 0.9403130014737447, 0.9490820566813151, 0.9268961548805237, 0.9078232049942017, 0.9291908740997314, 0.9200441042582194, 0.9306966265042623, 0.9286004304885864, 0.9238648414611816, 0.9266566236813863, 0.9212685028711954, 0.9171762267748514, 0.9233106176058451, 0.9325750271479288, 0.8981693585713705, 0.9348617196083069, 0.9175939758618673, 0.9076622525850931, 0.9238867163658142, 0.8966498970985413, 0.9169887105623881, 0.9004105528195699, 0.9069850246111552, 0.9185331066449484, 0.8960568110148112, 0.8893997669219971, 0.905805786450704, 0.8953881661097208, 0.8952210942904154, 0.8998156785964966, 0.9016403357187907, 0.8923255602518717, 0.9022690057754517, 0.9220412174860636, 0.8976480960845947, 0.9037516315778097, 0.903651495774587, 0.8955333828926086, 0.8903438250223795, 0.882035473982493], "valid": [0, 0, 0, 0, 0, 0, 0, 0, 0, 0, 0, 0, 0, 0, 0, 0, 0, 0, 0, 0, 0, 0, 0, 0, 0, 0, 0, 0, 0, 0, 0, 0, 0, 0, 0, 0, 0, 0, 0, 0, 0, 0, 0, 0, 0, 0, 0, 0, 0, 0, 0, 0, 0, 0, 0, 0, 0, 0, 0, 0, 0, 0, 0, 0, 0, 0, 0, 0, 0, 0, 0, 0, 0, 0, 0, 0, 0, 0, 0, 0, 0, 0, 0, 0, 0, 0, 0, 0, 0, 0, 0, 0, 0, 0, 0, 0, 0, 0, 0, 0]}