{"train": [1.8159393866856892, 1.7387056350708008, 1.6584964195887248, 1.6590766906738281, 1.596563458442688, 1.4835622708002727, 1.487614591916402, 1.464937647183736, 1.4158353010813396, 1.4046038786570232, 1.2957536379496257, 1.2910316785176594, 1.2768498261769612, 1.2272104422251384, 1.204270601272583, 1.157384196917216, 1.167061448097229, 1.1528761386871338, 1.1287912130355835, 1.0815113186836243, 1.1051768064498901, 1.0566356976826985, 1.0972919066747029, 1.0698073705037434, 1.0419997970263164, 1.0378292004267375, 1.0235723654429119, 1.0464860200881958, 0.9847655495007833, 1.0108516216278076, 0.9947497049967448, 0.9718578855196635, 0.9539881745974222, 0.9538473089536031, 0.957365612188975, 0.9602457483609518, 0.9513728221257528, 0.9327623844146729, 0.9302115043004354, 0.9326060811678568, 0.9491324226061503, 0.9269595146179199, 0.9328204393386841, 0.9130545854568481, 0.9205613931020101, 0.9049874345461527, 0.9169245958328247, 0.881511926651001, 0.9144505063692728, 0.9081858992576599, 0.9107943971951803, 0.9109490911165873, 0.896974245707194, 0.8990736802419027, 0.8762503862380981, 0.9003523588180542, 0.8784890174865723, 0.9037505189577738, 0.8734412988026937, 0.8829885125160217, 0.8977993130683899, 0.8953782121340433, 0.8946802020072937, 0.8871540625890096, 0.8896576563517252, 0.892704427242279, 0.8844912449518839, 0.877460261185964, 0.871401290098826, 0.8698915044466654, 0.8634602030118307, 0.8739311695098877, 0.8658878604571024, 0.8697312076886495, 0.8630064725875854, 0.8657182455062866, 0.8788536389668783, 0.886321504910787, 0.8759068449338278, 0.8757657408714294, 0.8603677948315939, 0.86781907081604, 0.8711390892664591, 0.8754878242810568, 0.8762798110644022, 0.8757229248682658, 0.8615612188975016, 0.8676548401514689, 0.8725007375081381, 0.8488947749137878, 0.8596665064493815, 0.8808769385019938, 0.8459885517756144, 0.8505498568216959, 0.8621485431989034, 0.8712274630864462, 0.8575463692347208, 0.8437142173449198, 0.8590418299039205, 0.8658521771430969], "valid": [0, 0, 0, 0, 0, 0, 0, 0, 0, 0, 0, 0, 0, 0, 0, 0, 0, 0, 0, 0, 0, 0, 0, 0, 0, 0, 0, 0, 0, 0, 0, 0, 0, 0, 0, 0, 0, 0, 0, 0, 0, 0, 0, 0, 0, 0, 0, 0, 0, 0, 0, 0, 0, 0, 0, 0, 0, 0, 0, 0, 0, 0, 0, 0, 0, 0, 0, 0, 0, 0, 0, 0, 0, 0, 0, 0, 0, 0, 0, 0, 0, 0, 0, 0, 0, 0, 0, 0, 0, 0, 0, 0, 0, 0, 0, 0, 0, 0, 0, 0]}