{"0": {"train": [25.19089195376537, 23.527015560963115, 24.785640528944672, 24.024357363174524, 23.851738601434427, 23.217699394851433, 22.273086631232925, 21.294784462517075, 20.316296186603484, 19.05277373100239, 18.04695104380123, 16.95589726349044, 15.815798566641051, 15.270107581967213, 14.100070307163593, 13.33374356962944, 12.887683972634905, 12.68074010630123, 12.241243622993512, 12.032308609759221], "valid": [42.835136081861414, 45.89289656929348, 47.5753173828125, 47.65662151834239, 48.64735478940217, 46.818545134171195, 45.87633215862772, 43.59243376358695, 40.86081330672555, 39.097603175951086, 37.339236052139945, 34.71687913977581, 32.807741911514945, 31.578910495923914, 30.431953761888586, 28.944728685461957, 28.84325110394022, 27.766421110733695, 26.28601604959239, 26.494814665421195]}, "1": {"train": [25.553328717341188, 24.48244455473019, 24.52871654072746, 24.148304089822403, 23.4403743222763, 23.31070830131489, 22.26471447553791, 21.354775017076502, 20.031488804217897, 19.331228120730874, 17.96905017289959, 16.721312142460725, 15.902962773224044, 15.035289660177595, 14.278661842554644, 13.544376227373634, 12.999215548155737, 12.802553604209358, 12.282858593216359, 11.988773533555328], "valid": [41.48695174507473, 44.9266357421875, 47.30708113960598, 47.12342370074728, 46.465767238451086, 46.31875743036685, 45.62563688858695, 42.97457753057065, 42.026375148607336, 39.37979258661685, 37.14215087890625, 34.304862644361414, 32.99692170516305, 31.37502388332201, 30.16605277683424, 29.20905071756114, 27.97706139605978, 28.401136315387227, 25.48885444972826, 26.344272779381793]}, "2": {"train": [25.430559335510587, 24.58332799692623, 23.8850264418972, 23.850403165556695, 23.788044580344945, 23.208648848403346, 22.448372929474044, 21.56862352715164, 20.401854801699113, 19.299503180498633, 17.609320301827186, 17.062405278773905, 15.937897562329235, 14.892461391094605, 14.208362016521516, 13.602378303235998, 13.293475708674864, 12.5880377097208, 12.280645985420936, 12.206552307462431], "valid": [42.415774138077445, 44.052914826766305, 46.2794189453125, 46.39323624320652, 47.98636527683424, 47.010200832201086, 44.71578316066576, 43.17656143851902, 40.81237262228261, 39.27004076086956, 36.77950386379076, 34.930117399796195, 33.077811863111414, 31.74500042459239, 31.370329483695652, 28.95745849609375, 28.826328443444293, 27.902890412703805, 27.074736221976902, 26.879604173743207]}, "3": {"train": [25.57039921661544, 25.319367288891733, 24.358870709528688, 24.206210777407787, 24.395968077612704, 23.433628436646174, 22.488552072660518, 21.560334752817624, 20.24440877945697, 19.002195931523225, 17.900602747182376, 16.883092661372952, 16.008546255976775, 14.761493286799864, 14.2335538603569, 13.588152775998976, 13.040037728398223, 12.713597698941257, 12.129103030011953, 11.842684052681012], "valid": [44.74900220788044, 44.53687584918478, 47.624941618546195, 48.12924592391305, 49.259707243546195, 48.14155379585598, 46.23963994565217, 44.66679581351902, 42.32377823539402, 39.81003205672555, 38.14982273267663, 36.07065217391305, 34.789619777513586, 33.19930366847826, 31.616513459578805, 31.325752590013586, 29.781125275985055, 28.294385827105977, 28.178923233695652, 28.184089992357336]}, "4": {"train": [25.212345289147418, 24.0978015402089, 24.126162321671195, 24.123880137567934, 23.694755885912024, 23.001815132472824, 22.807998657226562, 21.427531366762906, 20.38308118737262, 18.911620430324387, 17.870208076808762, 16.69858915909477, 15.848415208899457, 14.820325105086617, 14.132294364597486, 13.47337009595788, 13.38294385827106, 12.614091292671535, 12.708490454632303, 12.018453183381453], "valid": [42.383585611979164, 44.27902018229167, 47.01083984375, 47.880886501736114, 47.484890407986114, 46.15675455729167, 44.504443359375, 42.92056206597222, 40.22896592881944, 39.199666341145836, 36.396031358506946, 34.832728407118054, 32.81482204861111, 30.933561197916667, 29.48423394097222, 28.817629665798613, 28.32292209201389, 27.733748372395834, 26.594205729166667, 26.86985134548611]}}