{"0": {"train": [51.97679827253729, 53.56033080888087, 53.508100946745834, 53.16619081220145, 61.24116100505398, 61.39547320726811, 61.30589986359731, 61.471407567569216, 61.47941089614508, 61.26827746484451, 61.36173015497051, 61.32135766368322, 61.24120256941229, 61.36670176059234, 60.8822854818343, 60.91990442482392, 61.068503650732964, 60.80872108963736, 60.75604265420891, 60.75919920351799], "valid": [53.24634664800862, 53.183104193218036, 53.11152415712848, 55.617640675564374, 61.70183035409681, 61.55058919676973, 61.45360056400597, 61.44611041187422, 61.58189806161786, 61.13042493262145, 61.394164353702045, 61.36208624789214, 61.295625892491614, 61.431719898359525, 60.57754807879757, 60.783630828000724, 60.326452187426895, 60.75448564611519, 60.564301355734365, 60.83502288647019]}, "1": {"train": [50.701994822638426, 50.848064696456426, 51.09988873013745, 50.81971652841075, 51.04222625595572, 51.15397245214101, 58.15641618127315, 61.59241396196871, 61.61773030234025, 61.36653650276004, 61.535457939078036, 61.31485283208837, 61.46091150085604, 61.51649271071968, 61.452447032575186, 60.70246307378997, 60.92501127169039, 60.856160150157194, 60.97547344907633, 60.82397140113204], "valid": [51.258850145250726, 51.16762180530645, 50.77420541783533, 50.73395816757764, 50.80436208704748, 51.11400853167157, 61.745780730649074, 61.37016740919126, 61.56732581335533, 60.9517896132252, 61.08831052250663, 61.143156721527994, 61.57417831373304, 61.97480196128841, 61.403379976935334, 61.203503547425726, 61.30955531072111, 61.096280998091956, 61.1688460113849, 61.34502614117085]}, "2": {"train": [51.36879604267905, 52.055359224665885, 52.12570679501067, 52.035287011741595, 51.82025546785135, 51.879791985637986, 52.0861537385673, 52.113586468619616, 52.217373841193556, 52.15687166089193, 52.03898895128017, 52.246528226258484, 52.0608505419187, 52.5596399010506, 52.88085247326276, 52.82774219633422, 53.613584869320505, 53.55323964880306, 53.57109266285739, 53.58462097220327], "valid": [52.4385795349302, 52.11241299134301, 52.170182581086216, 52.56182054951938, 51.94362427005343, 52.176720530691874, 52.035814241544074, 52.061494571707804, 52.09650811121144, 52.29441693308498, 51.42992689947575, 52.070396279344095, 52.743955682097905, 52.7286224055822, 52.87003555976179, 53.73595416447317, 53.625562197480406, 53.85417447337827, 53.65424902557007, 53.99717865442452]}, "3": {"train": [51.30704837963584, 52.297179609362814, 52.16050914296454, 52.46843732750417, 52.41858394705802, 52.19606297110782, 52.45295962485621, 67.67185868334121, 70.42521671645311, 70.62567193409791, 70.44833165305384, 70.5453744766484, 70.40808860376009, 70.61152849433148, 70.3276589947019, 70.46111759250346, 70.00448070300924, 69.792131973858, 70.08647537856172, 69.917203180747], "valid": [52.178704615967675, 52.56650876545196, 52.5086694674863, 52.2800824015547, 52.172558449040224, 52.73491556717702, 52.28378790482179, 70.77984726720919, 71.4863503646077, 71.4166298799183, 70.93239559113486, 70.89091990329122, 70.95466935796385, 71.24310560736673, 70.72459299994638, 71.23298715708353, 70.06016434613116, 70.8681367199686, 70.47264855753295, 70.0580180716615]}, "4": {"train": [51.47401100866119, 52.11480201210106, 52.256187459789054, 52.321837193711374, 52.17422821632759, 52.33592187827475, 65.56374223654517, 67.7443076756, 67.37834832308157, 67.52913245181998, 67.34963979976166, 67.35745698342335, 66.92680733365461, 66.9754649809851, 66.89221546488731, 66.83524163353326, 66.84623041772474, 66.7668855904064, 66.85839428693802, 66.80438972573695], "valid": [52.1076651587908, 52.56071685186471, 52.35235821336131, 52.505913983899745, 52.47670244958616, 52.49523638265774, 68.22984550784297, 67.99249413239939, 67.57727185970646, 67.58790239218969, 67.37209906404763, 68.01024880332632, 67.40715165615008, 67.26704959158332, 67.4904105020302, 67.23042861207787, 67.01649874239588, 67.02074620281547, 67.20751336204376, 67.43212422222304]}}