{"0": {"train": [0.06225244998931885, 0.06167634725570679, 0.061107087135314944, 0.06054406762123108, 0.059986543655395505, 0.05943358540534973], "valid": [0.12429274320602417, 0.12309002876281738, 0.12190108299255371, 0.12072572708129883, 0.11956311464309692, 0.11841201782226562]}, "1": {"train": [0.06232908368110657, 0.06165034770965576, 0.060983669757843015, 0.060327619314193726, 0.05968051552772522, 0.05904114842414856], "valid": [0.12336771488189698, 0.1222564697265625, 0.12116144895553589, 0.12008143663406372, 0.1190147876739502, 0.11796011924743652]}, "2": {"train": [0.06407145261764527, 0.06340362429618836, 0.06274715065956116, 0.06210048794746399, 0.061462461948394775, 0.06083221435546875], "valid": [0.1266925811767578, 0.12558308839797974, 0.12448875904083252, 0.12340853214263917, 0.12234129905700683, 0.12128551006317138]}}