{"0": {"train": [50.716739654541016, 73.31396484375, 73.33887481689453, 91.4586181640625, 84.7178726196289, 83.98785400390625, 107.27064514160156, 87.0693359375, 86.03247833251953, 64.9825210571289, 72.36575317382812, 88.5257797241211, 91.63311767578125, 73.01558685302734, 79.55876159667969, 77.75933074951172, 81.88471984863281, 82.48934173583984, 87.8528823852539, 82.50466918945312, 84.82451629638672, 88.7076416015625, 82.50626373291016, 82.50812530517578, 64.67752838134766, 77.65479278564453, 82.51242065429688, 80.79358673095703, 83.13243103027344, 82.51309204101562, 84.48902893066406, 84.40638732910156, 82.24899291992188, 93.29505920410156, 82.51284790039062, 77.7755355834961, 84.6147689819336, 93.2957534790039, 82.5167236328125, 81.66429901123047, 82.51612854003906, 78.71149444580078, 100.48969268798828, 75.29071807861328, 76.23973846435547, 93.29698181152344, 90.2744140625, 75.5248031616211, 73.17033386230469, 75.91898345947266, 73.98028564453125, 77.7750473022461, 81.28784942626953, 75.31957244873047, 77.77853393554688, 77.7773208618164, 82.5146713256836, 76.20770263671875, 77.77666473388672, 82.74016571044922, 76.06034851074219, 82.5164794921875, 82.51536560058594, 88.55895233154297, 77.77671813964844, 78.40161895751953, 77.777099609375, 77.77778625488281, 93.29605102539062, 78.73462677001953, 88.55521392822266, 83.69901275634766, 82.51399993896484, 86.48590087890625, 77.77782440185547, 94.99117279052734, 88.55940246582031, 82.51325225830078, 88.55947875976562, 72.93982696533203, 73.03734588623047, 82.51707458496094, 82.51561737060547, 82.51667785644531, 82.51374816894531, 82.51427459716797, 86.28507995605469, 79.69419860839844, 81.9681625366211, 88.55799865722656, 77.77706909179688, 77.56534576416016, 77.77759552001953, 75.89349365234375, 77.77459716796875, 76.05953979492188, 72.79680633544922, 77.77582550048828, 82.18843841552734, 80.79700469970703], "valid": [79.0325927734375, 95.81906467013889, 68.74118381076389, 99.14056396484375, 61.44251166449653, 75.97432454427083, 69.11874050564236, 99.97637939453125, 67.19525146484375, 63.74072265625, 83.95638020833333, 62.894992404513886, 71.09221733940973, 82.98009575737848, 69.80520968967014, 82.99062771267361, 81.24153645833333, 79.77395290798611, 83.00082736545139, 73.64898681640625, 89.81840684678819, 83.00450303819444, 71.67740885416667, 68.44933403862848, 76.70072428385417, 76.20351833767361, 74.57877604166667, 67.62618001302083, 74.58002387152777, 76.3656005859375, 66.44559054904514, 72.09468587239583, 83.01498074001736, 80.53982204861111, 86.89651150173611, 68.56731499565973, 74.58308241102431, 64.91607666015625, 74.58340115017361, 74.58504909939236, 83.01780192057292, 83.01778157552083, 74.05026584201389, 63.13841417100694, 76.03867594401042, 73.46116807725694, 73.34489610460069, 74.58433702256944, 74.58712429470486, 79.84659152560764, 61.86854383680556, 66.41856553819444, 74.58501519097223, 69.11627875434027, 74.58490668402777, 96.81648763020833, 73.68273247612848, 74.58428276909723, 80.35822211371527, 65.09941948784723, 74.58712429470486, 83.0186767578125, 83.01370578342014, 68.46359592013889, 70.52744547526042, 74.58281114366319, 67.84465874565973, 73.62786187065973, 68.4608154296875, 74.58315022786458, 83.01030815972223, 83.02212185329861, 71.52402072482639, 79.03580050998264, 79.95364718967014, 71.52653672960069, 71.52357991536458, 73.89777967664931, 71.52273220486111, 74.58224826388889, 67.25950113932292, 85.32609727647569, 74.6024169921875, 76.89510091145833, 71.52711995442708, 93.55787489149306, 88.38849555121527, 71.52693684895833, 83.01592339409723, 71.52732340494792, 74.58467610677083, 74.52929009331598, 71.52386474609375, 79.95453559027777, 71.50082058376736, 74.58100721571181, 79.95908610026042, 71.52386474609375, 66.02939860026042, 75.04422336154514]}, "1": {"train": [74.10529641544117, 80.04518037683823, 104.52353084788604, 54.34541231043198, 91.2693732766544, 95.8535515280331, 91.10200051700367, 77.5111945657169, 81.0514275045956, 71.51513671875, 69.85661046645221, 80.15412454044117, 70.73487046185662, 74.67025936351104, 84.20260799632354, 82.32040584788604, 66.13250373391544, 60.108832864200366, 60.50631175321691, 77.67959415211396, 72.48185460707721, 69.16887350643383, 87.42288028492646, 80.5242058249081, 75.0965576171875, 73.5116828469669, 82.81549431295956, 77.69959932215073, 80.12988999310662, 75.27602251838235, 66.56278722426471, 74.64912683823529, 75.28058220358456, 85.82435518152573, 77.71263930376838, 68.73591883042279, 70.68472110523896, 77.7157341452206, 77.71836224724265, 69.08055204503677, 77.71864229090073, 74.8829345703125, 75.86656996783088, 79.79691808363971, 75.02754480698529, 77.31033145680146, 70.23522231158088, 69.91193704044117, 75.29986931295956, 80.5692138671875, 69.16346650965073, 68.0906982421875, 80.57338579963235, 77.72504021139706, 80.5673469094669, 80.01272403492646, 77.72845099954044, 67.37500718060662, 78.4988654641544, 78.06603285845588, 75.30239688648896, 74.38770967371323, 74.52363855698529, 72.8859001608456, 75.30109719669117, 70.54974006204044, 79.52147001378677, 75.30145622702206, 75.2994743795956, 80.57052791819854, 78.24531824448529, 80.22593060661765, 74.70739028033088, 75.30027860753677, 66.49319278492646, 80.572998046875, 74.88616584329044, 91.11533490349265, 80.5740966796875, 75.30149931066177, 80.57323500689338, 72.4767204733456, 80.57652372472427, 80.57455623851104, 75.30331600413604, 68.66227452895221, 75.29999138327206, 80.57221536075367, 80.57478601792279, 80.57407513786765, 75.30017807904412, 68.68604951746323, 76.2351433249081, 75.30238970588235, 75.30208093979779, 75.30103257123162, 75.30441463694854, 80.5755256204044, 69.43321317784927, 73.92257869944854], "valid": [110.29740905761719, 71.13053131103516, 89.58183288574219, 95.13567352294922, 65.04541778564453, 85.19125366210938, 90.5136947631836, 76.8326644897461, 69.99458312988281, 69.98321533203125, 63.15419006347656, 76.6231918334961, 72.26516723632812, 74.32109069824219, 73.62725067138672, 61.28227233886719, 69.7203140258789, 70.75125885009766, 61.490413665771484, 85.78256225585938, 63.125675201416016, 83.98054504394531, 59.392059326171875, 82.66889190673828, 61.51931381225586, 62.544132232666016, 71.00874328613281, 63.24637222290039, 61.53526306152344, 61.53852081298828, 62.407588958740234, 69.30571746826172, 84.82787322998047, 56.53389358520508, 60.668418884277344, 61.56004333496094, 84.80754852294922, 77.08221435546875, 83.13143157958984, 64.78194427490234, 69.32906341552734, 82.82384490966797, 60.55683135986328, 68.08152770996094, 59.66482925415039, 69.34002685546875, 61.58456039428711, 58.97517395019531, 61.58424377441406, 61.58268737792969, 77.10735321044922, 73.71659088134766, 68.31705474853516, 84.86701202392578, 63.031105041503906, 61.58836364746094, 61.5894775390625, 62.46003341674805, 78.8277587890625, 61.587013244628906, 61.58961486816406, 61.584869384765625, 46.66685485839844, 61.59589385986328, 61.59242248535156, 54.39230728149414, 65.38670349121094, 58.78062438964844, 61.5890007019043, 61.08732223510742, 64.30998229980469, 58.46502685546875, 61.589603424072266, 56.41377258300781, 61.590614318847656, 69.3517074584961, 66.51004791259766, 75.39884185791016, 63.306488037109375, 63.30727767944336, 61.59038162231445, 65.02934265136719, 61.610633850097656, 68.03925323486328, 61.58834457397461, 65.47897338867188, 57.37631607055664, 62.728172302246094, 69.35277557373047, 75.39232635498047, 58.98214340209961, 70.513916015625, 75.38862609863281, 58.26892852783203, 56.264278411865234, 75.39010620117188, 82.11351013183594, 61.590797424316406, 59.053138732910156, 69.35216522216797]},