{"0": {"train": [14.341110537803337, 12.402964699105041, 12.395455754946356, 12.218685056085455, 12.262491586763565, 12.347584319441285, 12.318072049911708, 12.27377597861094, 12.395660180914891, 12.33073773318774, 12.45420082823871, 12.486535477311644, 12.49169083686724, 12.478917788152826, 12.492383596341904, 9.6942918437801, 8.764052566110271, 8.68814474131963, 8.688486397103087, 8.677792180727605], "valid": [12.714519287861606, 12.67136611598928, 12.809913705775527, 12.551483290116291, 12.659576990636234, 12.702506164947792, 12.662897085825167, 12.569694417178406, 12.705234129271332, 12.735839509425283, 12.824299531209881, 12.858313602602918, 12.780282882173271, 12.761843160585522, 12.758000766606578, 9.253262716709282, 9.083471479092669, 8.99613086004365, 9.019744820808638, 9.045223017989345]}, "1": {"train": [14.356652725437877, 12.354031975838167, 12.309692330560846, 12.455063578139715, 12.36530884405632, 12.154936100826127, 12.425843178659521, 12.476366357743744, 12.354068264611401, 12.2969178202299, 12.454138384240098, 12.4524906231273, 12.45761055885526, 12.552725304112982, 12.612644260544634, 12.549284699946762, 9.777923706775761, 8.761851129563702, 8.703862087947641, 8.656296712978074], "valid": [12.660524049523758, 12.627579696864299, 12.560967097870291, 12.7334445483064, 12.422870040266481, 12.48150337950824, 12.808941859415132, 12.787420696101776, 12.70804932476723, 12.620392347361944, 12.75319661179634, 12.936221606110873, 12.668608574018087, 12.906840995893086, 12.990598370277718, 12.886452494582084, 9.270315426343108, 9.086787268233627, 8.930197436188998, 8.99212399835456]}, "2": {"train": [14.607785504705825, 12.423126918262698, 12.298470472883315, 12.233586506875817, 12.349104545651391, 12.378705864909495, 12.38693101711647, 12.338256982242129, 12.453484251017278, 12.61708882797786, 12.513586359944167, 12.440797674993712, 12.235591914880134, 12.259345584409244, 12.456943488123073, 9.685273802634553, 8.779025976303332, 8.64332694866898, 8.646134335949204, 8.687878035486648], "valid": [12.848664500615369, 12.586231848311751, 12.614901649788635, 12.481509023169949, 12.723379014942743, 12.586265334037885, 12.649519076412671, 12.706501122043557, 12.82435411427119, 12.884194026581229, 12.838250356177761, 12.686753071824166, 12.489203131688784, 12.499558749264233, 12.836547726147796, 9.220223330145012, 9.042111498688998, 8.984469458175033, 9.031645307148972, 9.107826901788581]}, "3": {"train": [14.316024943559855, 12.455447366533393, 12.293217974710869, 12.228292499989967, 12.223824576067706, 12.18124362738836, 12.176088312065936, 12.334101324650474, 12.43931550459547, 12.34422658210482, 12.207545965361417, 12.379518357218052, 12.429739396342084, 12.309423171844234, 9.703823677757281, 8.766709007574734, 8.622934920607584, 8.667354631093295, 8.692979902592885, 8.687958445555951], "valid": [12.797032938918022, 12.780918988789598, 12.516340114645763, 12.730191625307684, 12.521258503116973, 12.583471721492401, 12.705257133588399, 12.814376956469392, 12.779357575717038, 12.710788381916203, 12.574258130217252, 13.012766631662029, 12.924915595903789, 12.950102672838185, 9.353162206362372, 9.116487058874679, 9.13105113408337, 9.160481847475653, 9.22075632173721, 9.197320598445527]}, "4": {"train": [14.335592487558253, 12.302487370984398, 12.275324192247961, 12.347826721018976, 12.378281894994409, 12.265190830562185, 12.35907305859609, 12.257850006236758, 12.366712647424905, 12.501107411090258, 12.449545887151142, 12.328784703249067, 12.441051377671272, 9.653253184800972, 8.71301262738535, 8.685387026742145, 8.667975495688445, 8.708500947928593, 8.716253003216027, 8.721340302561318], "valid": [12.658808250949807, 12.54670736234482, 12.621142118271083, 12.811478789865154, 12.909066939680544, 12.647099366906572, 12.636545426878211, 12.702124232462008, 12.756338124732448, 12.772834088051155, 12.922943867722603, 12.817832716850385, 12.864118978421981, 9.210271088064534, 9.104065693894478, 9.118482845776702, 9.105740356445313, 9.15974342659728, 9.14337808269344, 9.18748750033444]}}