{"0": {"train": [29.148357391357422, 22.82122802734375, 12.935078620910645, 14.57656478881836, 11.642868041992188, 10.524850845336914, 26.558347702026367, 11.764391899108887, 7.5318098068237305, 28.383007049560547, 7.735686779022217, 6.978209018707275, 5.480107307434082, 10.602545738220215, 13.536370277404785, 7.030208587646484, 9.074515342712402, 11.186239242553711, 10.875955581665039, 7.994450569152832], "valid": [13.622376441955566, 30.278621673583984, 7.705489158630371, 13.351420402526855, 18.07693862915039, 17.323741912841797, 13.085902214050293, 12.770737648010254, 11.873974800109863, 24.31205940246582, 11.68457317352295, 9.832926750183105, 0.4566658139228821, 6.986495494842529, 6.996983528137207, 8.699434280395508, 16.389516830444336, 7.02496862411499, 7.007981300354004, 7.086489677429199]}, "1": {"train": [73.86941528320312, 58.71839141845703, 44.537254333496094, 59.74769592285156, 50.66007614135742, 41.07845687866211, 19.226367950439453, 22.669950485229492, 26.873817443847656, 27.82329750061035, 29.4086971282959, 22.48477554321289, 14.784951210021973, 8.518967628479004, 4.963283538818359, 41.85411834716797, 20.78346061706543, 3.5127112865448, 29.086755752563477, 10.190685272216797], "valid": [56.41802215576172, 76.399658203125, 55.80655288696289, 51.7656135559082, 65.49060821533203, 28.71607780456543, 48.57209014892578, 13.014244079589844, 49.791358947753906, 34.77458572387695, 33.22178649902344, 28.123624801635742, 20.90625, 36.43244171142578, 34.510372161865234, 14.51259994506836, 9.357526779174805, 14.040745735168457, 13.920477867126465, 20.75994873046875]}, "2": {"train": [45.49350357055664, 54.570865631103516, 51.406105041503906, 67.04082489013672, 35.62253952026367, 32.90932083129883, 45.83921432495117, 42.27616882324219, 16.431869506835938, 11.26949691772461, 3.543180465698242, 6.748098373413086, 10.544023513793945, 18.971614837646484, 7.31807279586792, 9.437286376953125, 2.060652732849121, 13.94282054901123, 6.242714881896973, 7.5558905601501465], "valid": [34.048091888427734, 62.377479553222656, 35.291175842285156, 46.24061965942383, 50.145591735839844, 42.41521072387695, 45.92472839355469, 10.86050033569336, 43.147151947021484, 11.74593448638916, 7.085994720458984, 9.305793762207031, 11.399057388305664, 34.04193115234375, 49.90039825439453, 25.707277297973633, 17.91084098815918, 16.726041793823242, 7.69218111038208, 14.035970687866211]}}