{"0": {"train": [4.2959673792287845, 3.7218346384030965, 3.5310408453985094, 3.4022610109661695, 3.318835964377867, 3.254259828340023, 3.174812482081422, 3.1492662006343175, 3.128835785192087, 3.1007137193592316, 3.087708594645929, 3.0524834365144784, 3.042626213983658, 3.0451697785263763, 3.022220313395929, 3.0176370771215595, 2.998988093104931, 2.9756915003225344, 2.972454050046588, 2.9751467419545583], "valid": [3.806981615538991, 3.609922950114679, 3.50568341456422, 3.4665736095183486, 3.443884747706422, 3.427371882167431, 3.4331126361811926, 3.423288059059633, 3.4271255913130734, 3.4952006880733943, 3.4456710507454127, 3.4518599483944956, 3.515445276662844, 3.502217603211009, 3.5049221437786695, 3.532440151949541, 3.519879049598624, 3.543772756594037, 3.552740108944954, 3.543371918004587]}, "1": {"train": [4.332378243262615, 3.777673855002867, 3.5472449738388763, 3.4331081117402524, 3.3297056425602065, 3.277645274870986, 3.2218689076834863, 3.1920977503225343, 3.13928937159547, 3.125060475200688, 3.0971480343319953, 3.05552725415711, 3.0607983174455273, 3.0493057446961007, 3.0254406850272364, 3.006296577103641, 3.0008658032898508, 2.986463947821101, 2.9581929786052177, 2.940294245448681], "valid": [3.810103479787844, 3.607230504587156, 3.464960041571101, 3.4357642273509175, 3.4185432196100916, 3.3985550458715594, 3.4217008314220183, 3.415981310923165, 3.418501110951835, 3.4439542717889906, 3.4365932303612383, 3.4555305690940368, 3.4717837944380734, 3.4747330131880734, 3.5256428289850916, 3.4936792216169725, 3.530603408113532, 3.5401089449541283, 3.498139693233945, 3.5377123351490827]}, "2": {"train": [4.366590273795872, 3.796592692803899, 3.5547570240825688, 3.4303677564148507, 3.3373783328555047, 3.2886802071387615, 3.2338382042001146, 3.179114508672592, 3.158980612098624, 3.1156869086869268, 3.1116943359375, 3.0816638519567086, 3.045363724734805, 3.0412292928433198, 3.0285212693520642, 3.0249837836869267, 3.005763589001577, 2.988624838732798, 2.9784379927608944, 2.9387799240252295], "valid": [3.9125442588876145, 3.6039322319380735, 3.4948763618119267, 3.462936317373853, 3.3997403598050457, 3.428686568233945, 3.371052895642202, 3.432083034690367, 3.4182414707568807, 3.4133959288990825, 3.4369162127293578, 3.4642267237672018, 3.454526232798165, 3.494239177178899, 3.4901590273795873, 3.523616864965596, 3.486985736811927, 3.542680708858945, 3.4994642345183484, 3.521193556479358]}, "3": {"train": [4.359637283185206, 3.81150852028383, 3.5854121944882453, 3.452638174634461, 3.3503007409331995, 3.289076118119266, 3.2340413560779817, 3.215129864893922, 3.1701108712012616, 3.1319322946530965, 3.1254177268491974, 3.0808875071674313, 3.060594157647649, 3.0449568834217318, 3.048152930583429, 3.0247280407826835, 3.019575004927609, 3.0053998642667716, 2.983504974645212, 2.9584795862600344], "valid": [3.9149406895068806, 3.5997536195527524, 3.5275119158543577, 3.462215990538991, 3.4372994911123853, 3.430885894495413, 3.368099555619266, 3.4093112098623855, 3.436221599053899, 3.431590632167431, 3.423084683199541, 3.4724349555619267, 3.458291821961009, 3.4867896179759175, 3.5002894746272935, 3.5189533758600917, 3.4839664564220185, 3.5248252938646787, 3.5331038560779815, 3.517077300745413]}, "4": {"train": [4.349847333715596, 3.757327130518922, 3.539398226956709, 3.3975938261539564, 3.31074227709289, 3.2539689650229358, 3.18780743800172, 3.1627847710005734, 3.1162952668076263, 3.076886781465023, 3.0783452193233947, 3.0529517833464737, 3.040317718785837, 3.0207009299741974, 3.0076419151376146, 2.9890346702085724, 2.981208921659977, 2.9675640141198394, 2.9510756410371273, 2.9150297448394493], "valid": [3.8762185528956423, 3.6203725272362384, 3.5284738747133026, 3.4940406393348624, 3.494459665280963, 3.4833099197247708, 3.468916015625, 3.45098650731078, 3.499965058772936, 3.4847543362958717, 3.522868495556193, 3.515215918864679, 3.5332935242259174, 3.5505199075401377, 3.6213680834288993, 3.548473516341743, 3.5946507669151377, 3.602442033400229, 3.6594489141341744, 3.6272182303612386]}}