metrics,mean.after,mean.before
ndkl,0.10536051565771523,0.10536051565771523
skew.majority,0.10536051565771523,0.10536051565771523
skew.minority,-25.3284360229445,-25.3284360229445
