{"0": {"train": [3.873964611654908, 3.4526406929810283, 3.219849575789135, 3.0321130584618343, 2.8677808888218843, 2.8064798348384734, 2.744540085799457, 2.743744517006356, 2.7288754880066666, 2.7478317751650043, 2.7523695377012607, 2.7867063373926175, 2.8170779528507635, 2.8421550905072586, 2.9018638796680305, 2.9017633533006406, 2.9530891307585017, 2.9888095047882692, 2.8568016709574873, 2.6927263450300782], "valid": [3.3927454134973956, 3.2824537372735882, 3.085079597300632, 2.9079842452849385, 2.79267787380135, 2.704902974983722, 2.6647170003496066, 2.680100598250026, 2.7012263709332824, 2.7241493316321623, 2.7669676000216423, 2.807185020731288, 2.838996974818168, 2.872430576718713, 2.9824052559803036, 3.025234550728069, 3.1088979329754647, 3.1943166738884736, 2.9492892435461555, 2.9377523851039014]}, "1": {"train": [3.8747128292917763, 3.470412435290848, 3.233143060640002, 3.0279446754090884, 2.892427465514658, 2.786016858890346, 2.7362049671933732, 2.749553758888404, 2.7233633090551654, 2.7287605966005786, 2.7293211799517936, 2.771172657995771, 2.8045335671934657, 2.834745982182496, 2.8494898662600447, 2.876329503118803, 2.934322804617438, 2.9307838747266883, 2.8510890173411743, 2.657421502144871], "valid": [3.3919663861106386, 3.2771325511623024, 3.094660079195554, 2.886834851916731, 2.759535386546259, 2.6750847902384907, 2.6358823002873617, 2.6361018953428363, 2.661890235161152, 2.660555337693856, 2.7435464589175522, 2.7394068778810157, 2.80248386856789, 2.8517153660785635, 2.91568615654735, 2.977487305092137, 3.045643075423875, 3.1394704188964093, 2.955084151201055, 2.913180506947733]}, "2": {"train": [3.888004211413136, 3.479391054159144, 3.247404567007096, 3.0364513362780987, 2.8840724685275587, 2.796964499682755, 2.765759177265387, 2.7285595727692975, 2.7371064600821877, 2.769939309590227, 2.7770353496722113, 2.8048967757800707, 2.8165363952273617, 2.8486559352987095, 2.855250730911667, 2.893767222149514, 2.9505088431987523, 2.958730797382777, 3.0038407257691566, 2.9047401824065098], "valid": [3.4478577606717806, 3.308577145431625, 3.126695819221136, 2.9376245703911152, 2.8081889323571794, 2.742592180355267, 2.7151773804332344, 2.689463920137142, 2.71623276766622, 2.7384245276267647, 2.7744040188315746, 2.8197003781506194, 2.8581773033787883, 2.925615739015146, 2.990674424964577, 3.0505954276828127, 3.076419671809333, 3.155879020126413, 3.1764334959434564, 3.026513521581257]}, "3": {"train": [3.8986112435835185, 3.4694718830928597, 3.215170752115705, 3.0115389656747134, 2.878250338165927, 2.7832726441107103, 2.7365614233606177, 2.7276931881243063, 2.7372316060858304, 2.732077444332686, 2.7534157793423972, 2.7749624982658156, 2.786366175892527, 2.8337635266370698, 2.8624222146110805, 2.8980214547493524, 2.9166665799574547, 2.9548461634064003, 2.9654733311367, 2.8755194243086386], "valid": [3.4326770267386086, 3.322478187618392, 3.1577648916387333, 2.959823432262531, 2.8402836164572602, 2.7453154280110477, 2.7098590641047697, 2.70607167603399, 2.7133874113561274, 2.764438750864818, 2.7924667391819096, 2.8558652382481835, 2.902029877621278, 2.945473627320673, 3.0088469868251644, 3.05698494088944, 3.1138013693957927, 3.1699000449867363, 3.21164071402541, 3.0443219073266294]}, "4": {"train": [3.8825254636052535, 3.4683182892850537, 3.237310106825749, 3.026288137601739, 2.8822853874745653, 2.7991534073830002, 2.749573224484369, 2.7481916649324822, 2.72620242554569, 2.75266760890677, 2.7717169363323158, 2.7768421010798185, 2.812773567563818, 2.858512705789863, 2.8492665918077136, 2.906803594963929, 2.962258926713374, 2.9609849082616537, 3.000105741884018, 2.886396553019793], "valid": [3.4095271250596584, 3.260478232940419, 3.0921183925803217, 2.904301933261928, 2.7968041987851846, 2.6838073893055743, 2.6722382915977585, 2.6405451155919795, 2.6585733680948653, 2.68029119633502, 2.717606616021614, 2.7628316976937564, 2.784381309820451, 2.86013219290627, 2.917093005886314, 2.98067103712059, 3.0520626811724902, 3.162915922090511, 3.1480816440472754, 2.989800079856949]}}