{"0": {"train": [13.909794844683889, 12.573148770868706, 13.655868187160909, 14.237868043489852, 14.518600388370155, 14.610363861355284, 14.588247020095721, 14.74913698503642, 14.696329440522486, 14.637290172100956, 14.502329940713036, 14.801664025953707, 8.70148436233123, 8.218916118841106, 8.434328803018182, 8.577733963837844, 8.640767878031129, 8.689819252461106, 8.700542184739714, 8.680374494349113], "valid": [11.981189943632257, 13.318785013785533, 14.062622639908488, 14.834278260341245, 14.443843243517867, 14.8113707333987, 14.514055808883917, 14.690582286848015, 14.595575325992224, 14.479339627434467, 14.435107500439964, 15.038809540457814, 8.044714434033715, 8.33019544213219, 8.539861194695503, 8.653196336987127, 8.687849692653861, 8.691648930626089, 8.71098674713814, 8.795295399026214]}, "1": {"train": [13.871984979984521, 12.502625479881234, 13.88151041393868, 14.087117967503419, 14.521251236890999, 14.555096035105706, 14.625835146942546, 14.73063450465488, 14.698861268074374, 14.762978312204487, 14.828926910243668, 14.623929881741383, 8.665165642992928, 8.23269592881767, 8.461131774937535, 8.562012582157793, 8.602599985535996, 8.693950256921353, 8.714911144911667, 8.741146649219598], "valid": [11.761181247800181, 13.466965979537493, 13.919031491718206, 14.47547918735544, 14.448994394651717, 14.58876684694707, 14.019250799267565, 14.658437510475329, 15.325924277516593, 14.599996313993781, 14.81488946826185, 14.639437516760525, 8.067426605920236, 8.356428172243731, 8.512263205199115, 8.703896298437918, 8.64480397517766, 8.74561229735477, 8.678584899656828, 8.72622378679983]}, "2": {"train": [13.935788812502933, 12.515775573408838, 13.628751985625142, 14.36947590875217, 14.46876594071754, 14.491831620493768, 14.642463631397789, 14.800517845969647, 14.609888263606692, 14.910897124269022, 14.669859002544701, 14.715908581420374, 8.676540011950676, 8.189951139433783, 8.418582302309307, 8.572414156510787, 8.634745826363655, 8.681003808147233, 8.676589926741903, 8.705428151337948], "valid": [11.848734344621548, 13.17833478809458, 14.16581827635802, 14.271645917659727, 14.55979170856798, 15.18487819549896, 15.020001048842266, 14.355555865450691, 14.683723801203406, 14.702574122115095, 14.977751698574517, 14.802560707147526, 8.018805934980684, 8.345834403780964, 8.543468436263911, 8.592868943034116, 8.565501191437676, 8.730145428985653, 8.709412501676052, 8.703370076857485]}, "3": {"train": [13.917873334845641, 12.572602869629018, 13.705564563222179, 14.252788216291616, 14.585079901181235, 14.549970383230367, 14.696097826266861, 14.620165918072196, 14.838873783771865, 14.485891160453596, 14.649391900335969, 14.695024049778066, 8.700346849160946, 8.227024952671831, 8.381831241543678, 8.55249184988873, 8.64946216208887, 8.69472151086877, 8.661113846990796, 8.69747424887483], "valid": [11.79675002278384, 13.419126686266006, 14.251546891760526, 14.84669686049167, 14.577625706560907, 14.551194678480742, 14.963941379014146, 14.959382692819371, 14.556727576773683, 14.447968630843139, 14.636694041318886, 14.85877044260358, 8.068444781662729, 8.363493061142398, 8.586563220833543, 8.660447388841051, 8.697470532246204, 8.801428121176505, 8.757575279638894, 8.755094440324148]}, "4": {"train": [13.906049777189763, 12.572975150098364, 13.776830309957115, 14.328211663702149, 14.518222953487447, 14.490056134011924, 14.58826015694399, 14.727126552247272, 14.609080307731107, 14.597706752540791, 14.69302440181946, 14.662520354872704, 8.69740059715265, 8.224182669858761, 8.432889439651108, 8.546099496699748, 8.632437851512742, 8.663810128058271, 8.699283650388791, 8.68239424386591], "valid": [11.693683590711991, 13.21763454683603, 14.145202479580394, 14.479370398727054, 14.331223218386278, 14.369443561559684, 14.491589771885392, 14.629210201411563, 14.435231393561601, 14.673301934121735, 14.988408505878231, 14.694515671041538, 8.104950985666049, 8.448134465883587, 8.499775590059762, 8.593009760491814, 8.690414851020268, 8.779718490302677, 8.670470713443752, 8.801526190563989]}}