{"0": {"train": [0.03562499845729155, 0.035243742606219125, 0.03487165184581981, 0.0345076883540434, 0.034150807296528536, 0.03380102269789752], "valid": [0.06636149353451198, 0.06581205791897243, 0.06527446375952826, 0.06474924087524414, 0.06423607799741957, 0.0637367500199212]}, "1": {"train": [0.040788187700159406, 0.04023037237279555, 0.03969092579448924, 0.03916938515270457, 0.038664937019348145, 0.03817668732474832], "valid": [0.07399245103200276, 0.07303336593839857, 0.07210500372780694, 0.07120710611343384, 0.07033563322491115, 0.0694960355758667]}, "2": {"train": [0.03876444366243151, 0.03822154468960232, 0.037695752249823675, 0.03718744383917914, 0.036694996886783175, 0.036217447784211904], "valid": [0.08818144351243973, 0.08713752031326294, 0.08613093197345734, 0.08516240119934082, 0.08422978222370148, 0.0833330750465393]}}