{"0": {"train": [21.846467391304348, 18.664637822690217, 19.486251698369564, 18.888930876358696, 18.20762992527174, 18.494847571331523, 18.99299210258152, 18.889111328125, 19.18079144021739, 19.232421875, 19.073533033288044, 18.891153617527173, 18.486962890625, 18.25885062839674, 18.24235945991848, 17.457950492527175, 17.397292162024456, 16.84971976902174, 17.665915845788042, 16.213115658967393], "valid": [55.82135641163793, 59.50745049838362, 63.99905290274784, 65.20264092807112, 67.02725114493535, 68.94510203394397, 71.39436287715517, 71.71979391163794, 72.27117288523706, 73.17222858297414, 72.71144261853448, 70.68337486530173, 70.61400104391164, 70.16788456357759, 69.6822930697737, 67.60667261584052, 65.46402293238147, 65.13760270743535, 61.65648572198276, 60.394270272090516]}, "1": {"train": [20.272635020380434, 20.99967730978261, 18.38610945991848, 18.172983186141305, 18.29340183423913, 18.58898819633152, 18.809262483016305, 18.828103770380434, 19.509629755434784, 18.785185971467392, 18.82897418478261, 18.24407269021739, 18.40345405910326, 22.292527173913044, 17.69425101902174, 17.513015879755436, 16.96525242017663, 16.540249235733697, 16.40758746603261, 16.039363960597825], "valid": [57.779368433459055, 65.02637981546336, 62.82501852101293, 65.54572164601294, 67.13559065193965, 70.56409112338362, 70.8528252963362, 73.3092840786638, 72.6344793911638, 73.42029229525862, 72.48926623114224, 71.38074151400862, 72.02726798221983, 71.86158068426724, 68.86358432112068, 68.22642780172414, 67.47600266029094, 64.63898757408406, 62.11941423087284, 61.768415779903016]}, "2": {"train": [22.18963145380435, 19.432402768342392, 18.415113366168477, 18.820652173913043, 18.803640879755434, 18.619590692934782, 18.563508406929348, 18.846709408967392, 19.21979237432065, 18.945337975543477, 18.952180281929348, 18.676997707201085, 18.55048191236413, 18.499906589673913, 18.141875424592392, 17.85968495244565, 17.749276069972826, 16.997354789402173, 16.58445567255435, 15.959793223505434], "valid": [53.66452131600216, 57.52337015086207, 60.58685092268319, 63.85280845905172, 66.71148471174568, 66.64972976158406, 67.82548575565733, 69.75496699892241, 71.0736883755388, 70.25726949757544, 70.19669315732759, 69.83477993669182, 68.30045292295259, 67.45481714709052, 65.92073848329741, 65.33946491109914, 64.81021854795259, 61.42721241918103, 59.67391652074353, 57.897599845096984]}, "3": {"train": [21.82277088994565, 19.43609035326087, 18.608905825407607, 18.58839164402174, 19.318690557065217, 18.874560546875, 19.27313816236413, 18.741573963994565, 19.15509086277174, 18.918183169157608, 19.345539656929347, 18.592019786005434, 18.297170091711955, 19.326157014266304, 17.85235011888587, 17.635281504755437, 17.168486752717392, 16.77653277853261, 16.433545983355977, 16.033910071331523], "valid": [57.513011011584055, 60.59088345231681, 62.35367136988147, 64.49795847925647, 67.55042345770474, 70.03446171201509, 70.55703630118535, 71.40135876885776, 71.85425646551724, 72.40862405711206, 73.089111328125, 71.17025862068965, 70.64916150323276, 70.48973767510776, 67.41701744342673, 66.53436489762932, 65.4338799838362, 63.55886314655172, 61.273967874461206, 61.250538793103445]}, "4": {"train": [21.162553458378234, 20.795003956761853, 18.492955701104528, 18.315804317079742, 20.258831155711206, 18.322137240705818, 18.157016096443964, 18.735633587015087, 18.832769985856682, 19.103791335533405, 18.801860940867456, 18.474832469019397, 18.37450750942888, 18.255659432246766, 17.76927237675108, 17.677507071659484, 17.169331517712823, 16.924566860856682, 16.376929973733837, 15.721218766837284], "valid": [57.31451851981027, 60.83962140764509, 63.61476353236607, 66.11692592075893, 68.27298409598214, 70.50980922154018, 74.20063999720982, 73.49509974888393, 73.97121756417411, 74.43781389508929, 74.41097586495536, 73.69938441685268, 73.54124232700893, 71.90604073660714, 69.551025390625, 68.79427664620536, 66.98900059291294, 65.48738316127232, 63.85487583705357, 61.44500732421875]}}