{"0": {"train": [52.768630926863864, 56.42439102127003, 59.0753924606832, 60.600846474391396, 63.83704203634171, 65.01404181930842, 65.39687969749757, 67.2235105762599, 71.01258912320505, 71.83862586327761, 73.3183337086208, 75.7175639277109, 74.08983327472887, 74.98008919935708, 75.43984175362903, 75.75906568563518, 75.13993829117771, 75.8707347787455, 75.73279424272462, 75.91676066610533], "valid": [55.57581219636997, 58.83390209237842, 58.58508726953181, 64.14659448105952, 64.01261933512707, 65.74359330845793, 64.9244138668801, 69.44907503923577, 72.09801503786083, 73.11965957665618, 73.41148917257811, 75.72229026612132, 75.30765428541726, 74.58771634862596, 75.9133680493454, 75.58190322376011, 75.78193505391285, 75.4368708025558, 75.88885142612499, 76.21935879708292]}, "1": {"train": [52.528555270342515, 56.92463447635207, 59.081730532431266, 63.70726215571596, 67.43569730583188, 67.2032559518054, 71.1659930195483, 72.11109248161452, 74.36384764821561, 77.24180220302244, 77.43085226805907, 80.55040575585015, 80.4191225886703, 80.19177901944406, 79.60051717361098, 79.69504943489602, 79.20070357492578, 78.35081347226586, 78.12212274562035, 77.58823352747677], "valid": [55.67402280173532, 57.02421812820817, 61.000818162776994, 68.1812689297188, 66.60337549477863, 71.47412839456423, 71.11447173683646, 71.84553237677063, 74.39367261835562, 78.02409698359699, 78.53625273448678, 82.93571929997138, 80.51814212163198, 80.16491718431419, 79.71712317598414, 79.80339902855157, 78.73138124698187, 78.64737021877012, 78.18679954101982, 77.40602673131998]}, "2": {"train": [52.45632835013755, 56.46381254492271, 59.111217857379394, 61.71653770482801, 64.68315641725502, 66.03549419648147, 66.23016183197899, 68.58109752301887, 71.66557409166693, 75.89420541186652, 76.09095252186192, 81.15849760718433, 80.31385465036017, 81.19693381347307, 80.72060907461865, 80.02476445791768, 79.96228205934241, 79.76185433031203, 80.12289885011826, 80.09050876160585], "valid": [54.59663174315777, 58.124825933218716, 59.60975109672901, 63.0094709026573, 66.51312277691953, 66.19357857408741, 68.38787540507293, 69.76266272082692, 75.15778407922271, 76.4739476906791, 81.38375311734288, 81.87277045709105, 81.40475190086654, 80.90233341009086, 80.40941298170004, 79.71401068867148, 79.7421029293242, 79.86636607106927, 79.97817887931035, 80.39267499178396]}, "3": {"train": [52.50960746980188, 55.87976194734583, 58.23604819204593, 59.36233485139036, 62.83498592270275, 65.99078109769593, 69.0791374203268, 68.33524652072536, 68.11030910250147, 73.42905492287267, 80.6450992288943, 82.3373398763766, 85.58089822650996, 86.05477573854897, 86.05755611741162, 85.0687138400103, 85.13662418873632, 84.16360602445025, 83.05570884548487, 82.94937487913485], "valid": [55.01796954819907, 56.66224663205406, 58.92156709951296, 59.17087320777237, 66.45188969524655, 69.71047737404314, 68.32312441383894, 68.22108042688734, 71.49899622537424, 81.07646416955998, 80.34786315297923, 87.60137080996141, 85.53564732582004, 86.47883207512474, 85.67392762915944, 84.47341958680605, 84.80920312346299, 83.64661959725774, 82.65025349894141, 83.47208825363965]}, "4": {"train": [52.0710857880953, 55.98664605100705, 59.28182556789855, 61.7154090303876, 68.06242855943687, 71.00317444817023, 73.65586987734352, 75.95208205772855, 74.9699540579672, 73.93513037926786, 75.66518942783414, 77.79184176103463, 79.13775041792795, 78.65248301565127, 78.3320772949079, 78.31837961816672, 78.4593554284034, 78.94355414343215, 78.65447388044633, 78.95680842233806], "valid": [54.69603194459038, 58.29730582663661, 60.72184367636308, 65.05703106136652, 69.9465155274695, 71.54203340740807, 74.78015561144075, 75.89578182009228, 74.29631500309638, 74.96993280176885, 78.46305733856887, 80.35434037248265, 79.1213202149695, 78.19971314437196, 78.18097064429931, 77.91712066785753, 78.48315944936351, 78.84701391807663, 78.53298939279023, 79.05265563798916]}}