{"train": [1.4445678885553923, 1.1826354164472768, 1.0537966162386074, 0.9837325181759579, 0.935459873206179, 0.9045899535568667, 0.8864288984889716, 0.8692686927150672, 0.8611562394760024, 0.8556385854600181, 0.8444955516868914, 0.8444217586181533, 0.8418443698278615, 0.8382900676257173, 0.8367435915369383, 0.8339558193381403, 0.8326943214510528, 0.8339655298582265, 0.8319829643612177, 0.8323885622158856, 0.8315353603430198, 0.831227677808681, 0.8299797991631737, 0.8294710466559504, 0.8310107597163026, 0.8309322125475171, 0.8288374417264697, 0.8313109093988446, 0.8324547896922474, 0.8339789451008112, 0.8287900803794324, 0.8312324864763609, 0.827270700897969, 0.8292372722021291, 0.8300660663927105, 0.8297454488109535, 0.8280164053742315, 0.8277776425992939, 0.827019752750934, 0.8288318464453791, 0.8275592805634082, 0.8303725484391333, 0.8267585643580262, 0.8279758297221761, 0.8268256061513659, 0.8264999465203621, 0.8278082374116065, 0.8287506481291542, 0.8301871654013513, 0.8262623875913485, 0.8278488080266496, 0.8277387484698229, 0.8267418666624687, 0.8295671973429936, 0.8266086914169957, 0.8274206451966729, 0.8278264663588832, 0.8262635519806768, 0.8264904265672388, 0.828633619026399, 0.8273849621625013, 0.8262104878962879, 0.8293247609071328, 0.8300703797541874, 0.8266703822243382, 0.8255278577267284, 0.8254606757365482, 0.8282625801126722, 0.8287967762476961, 0.825601275538055, 0.826953477422956, 0.8264876696425425, 0.8266156819504751, 0.828419137168938, 0.8259387125431652, 0.8251210509891241, 0.8264733603302862, 0.8260691459749786, 0.82895341893317, 0.8288581354517333, 0.8264948490639807, 0.8256807344060548, 0.8278701406129649, 0.825119996574563, 0.8277251258702345, 0.8270154158834001, 0.8274735480966703, 0.8276132135324075, 0.826684448081003, 0.8248525043608437, 0.8234338659635732, 0.8276937797035969, 0.8262580020326964, 0.8251901680315045, 0.8248807007158306, 0.8283204679757776, 0.8267448704007646, 0.8248724467317823, 0.8277488191362837, 0.8276612750241454], "valid": [0, 0, 0, 0, 0, 0, 0, 0, 0, 0, 0, 0, 0, 0, 0, 0, 0, 0, 0, 0, 0, 0, 0, 0, 0, 0, 0, 0, 0, 0, 0, 0, 0, 0, 0, 0, 0, 0, 0, 0, 0, 0, 0, 0, 0, 0, 0, 0, 0, 0, 0, 0, 0, 0, 0, 0, 0, 0, 0, 0, 0, 0, 0, 0, 0, 0, 0, 0, 0, 0, 0, 0, 0, 0, 0, 0, 0, 0, 0, 0, 0, 0, 0, 0, 0, 0, 0, 0, 0, 0, 0, 0, 0, 0, 0, 0, 0, 0, 0, 0]}