{"train": [1.4909952442410965, 1.1957939611354345, 1.0529198881605981, 0.9811344289443862, 0.9315820512637286, 0.9063125739634876, 0.880178559833849, 0.8691775521761934, 0.8609082388206267, 0.849295221583944, 0.8508273195212995, 0.8426755565992543, 0.8383382659562877, 0.8383552633540731, 0.8365008276952824, 0.8336285000116053, 0.8309086964163982, 0.8330240896050359, 0.8329723259093056, 0.8297212249796155, 0.8310366398851636, 0.8304841644327405, 0.8308795212020337, 0.8298415314983314, 0.8324724763212069, 0.8311860494210687, 0.8300317257222994, 0.8308410728481453, 0.8290000641849679, 0.8308346271514893, 0.8307410235136328, 0.8318874961893323, 0.8308112142791211, 0.8304141264566234, 0.8303470687127449, 0.8316069799409785, 0.8273061908466716, 0.8285318478732042, 0.8306905669225774, 0.8303623980199787, 0.8286054058813713, 0.8291038341925178, 0.8277711289029726, 0.8298695121012943, 0.8305767102980278, 0.8299269415962864, 0.8290516683753107, 0.8283510350845229, 0.8291860172446345, 0.8284248986714323, 0.8279294413580022, 0.8268413736786641, 0.8297024965286255, 0.8300508428627337, 0.8302638740606711, 0.8280197877279469, 0.8276909850013088, 0.8300037711438998, 0.8247782940595922, 0.8284014816015539, 0.8272991574985881, 0.8279140541251276, 0.8294580897814791, 0.8281760736250542, 0.826704547438823, 0.8271904092439464, 0.8262282769444963, 0.8255745995212609, 0.8288199523804893, 0.8255692292267168, 0.8249800104490468, 0.8271435490796264, 0.8258257533462954, 0.8277186726180601, 0.8271165809161226, 0.8279226346754692, 0.8269637117923145, 0.8291494275482607, 0.8271800875663757, 0.8246642107694921, 0.8242026726964494, 0.8300027175688408, 0.8276306348787227, 0.8285040788247552, 0.8242817764550867, 0.8269186817424398, 0.8263561137965028, 0.8267281038660399, 0.8261640936555997, 0.8285868545653114, 0.8279860775235673, 0.825685313050176, 0.8299634322314196, 0.8238828744686825, 0.8244540263229693, 0.8261052412046513, 0.8261462701878077, 0.8281684710945881, 0.8283970095741917, 0.8245373989494753], "valid": [0, 0, 0, 0, 0, 0, 0, 0, 0, 0, 0, 0, 0, 0, 0, 0, 0, 0, 0, 0, 0, 0, 0, 0, 0, 0, 0, 0, 0, 0, 0, 0, 0, 0, 0, 0, 0, 0, 0, 0, 0, 0, 0, 0, 0, 0, 0, 0, 0, 0, 0, 0, 0, 0, 0, 0, 0, 0, 0, 0, 0, 0, 0, 0, 0, 0, 0, 0, 0, 0, 0, 0, 0, 0, 0, 0, 0, 0, 0, 0, 0, 0, 0, 0, 0, 0, 0, 0, 0, 0, 0, 0, 0, 0, 0, 0, 0, 0, 0, 0]}