{"0": {"train": [325.95699637276783, 275.3349086216518, 224.76543317522322, 197.75198800223214, 177.57638113839286, 163.62318638392858, 145.54042271205358, 136.5074201311384, 134.65275355747767, 130.4624285016741, 134.48095703125, 136.03834751674108, 140.44142368861608, 139.39864676339286, 149.44482421875, 149.05058942522322, 155.71684919084822, 162.36338588169642, 166.7911376953125, 171.82451520647322], "valid": [904.9736328125, 765.5830688476562, 672.3818359375, 604.9521484375, 547.459228515625, 500.07684326171875, 486.47491455078125, 459.8837890625, 466.2530212402344, 452.20220947265625, 461.23980712890625, 471.7661437988281, 495.7056884765625, 499.6959228515625, 514.0939331054688, 530.5244140625, 552.483642578125, 571.2575073242188, 577.75732421875, 585.0916748046875]}, "1": {"train": [318.6988002232143, 270.35574776785717, 230.46547154017858, 195.7388916015625, 176.15996442522322, 159.3577880859375, 148.15738351004464, 142.98499407087053, 134.79957798549108, 133.77897426060267, 142.35114397321428, 137.49823869977678, 140.51643589564733, 140.90033830915178, 147.23078264508928, 160.72492327008928, 156.44669015066964, 163.77420479910714, 164.27957589285714, 169.54506138392858], "valid": [902.1574096679688, 772.3391723632812, 678.9381713867188, 614.2500610351562, 560.9268188476562, 519.8663330078125, 487.01593017578125, 473.52142333984375, 449.89886474609375, 448.13995361328125, 461.27203369140625, 485.1734924316406, 488.4665832519531, 498.4169921875, 533.1671142578125, 548.1168823242188, 552.3776245117188, 562.8896484375, 569.2118530273438, 589.7353515625]}, "2": {"train": [323.066162109375, 264.19119698660717, 228.75837053571428, 198.39266531808036, 178.1759033203125, 159.70310756138392, 151.09048897879464, 140.08253696986608, 135.5055193219866, 135.1812482561384, 132.38113839285714, 136.51778738839286, 136.38213239397322, 139.21858433314733, 150.63368443080358, 157.68699428013392, 159.55876813616072, 166.89543805803572, 164.91748046875, 162.945068359375], "valid": [907.6836547851562, 774.5397338867188, 684.6793823242188, 615.9126586914062, 563.7680053710938, 517.7047119140625, 483.07647705078125, 478.95404052734375, 466.39410400390625, 441.4627685546875, 471.4365234375, 483.4321594238281, 488.78887939453125, 526.3609619140625, 537.815185546875, 537.6508178710938, 553.968505859375, 572.6473388671875, 580.18994140625, 601.0848388671875]}, "3": {"train": [318.44677734375, 267.14915248325894, 228.83189174107142, 200.955810546875, 176.63399832589286, 160.8040771484375, 152.57310267857142, 142.20438929966517, 138.2088623046875, 132.45863560267858, 132.38285609654017, 135.23396519252233, 138.93382045200892, 142.11272321428572, 145.25130789620536, 148.91957310267858, 157.83536202566964, 161.60979352678572, 165.5970458984375, 170.1868896484375], "valid": [910.2667846679688, 785.1405029296875, 695.6817016601562, 625.5709838867188, 568.9669189453125, 525.4273071289062, 500.28753662109375, 490.931640625, 470.102783203125, 457.050048828125, 479.24493408203125, 473.70245361328125, 517.41162109375, 508.2181396484375, 533.49267578125, 557.4069213867188, 573.7730712890625, 574.8612060546875, 578.0726928710938, 599.6987915039062]}, "4": {"train": [288.169921875, 236.7733154296875, 200.50729370117188, 173.7964324951172, 159.5226593017578, 144.7450714111328, 135.1101531982422, 126.0002670288086, 123.01116943359375, 120.1076431274414, 121.0540542602539, 116.15074920654297, 121.056396484375, 125.885986328125, 131.1400909423828, 138.36561584472656, 143.82737731933594, 138.67697143554688, 144.72694396972656, 149.70176696777344], "valid": [1803.9271240234375, 1538.6666259765625, 1349.47900390625, 1219.139404296875, 1094.8848876953125, 1033.087890625, 966.9917602539062, 926.3287353515625, 906.0751953125, 892.51318359375, 900.9046020507812, 946.1310424804688, 953.3159790039062, 1003.0994262695312, 1033.240234375, 1066.4378662109375, 1090.5150146484375, 1129.9803466796875, 1124.92431640625, 1161.8768310546875]}}