{"0": {"train": [177.0538330078125, 388.8695373535156, 1279.39697265625, 617.60693359375, 341.88848876953125, 439.7804870605469, 284.16046142578125, 225.74673461914062, 208.1036834716797, 172.77597045898438, 170.67318725585938, 173.05856323242188, 161.64712524414062, 163.68748474121094, 160.99818420410156, 160.548583984375, 160.43206787109375, 160.00906372070312, 156.80612182617188, 160.2218780517578, 156.05047607421875, 155.3666229248047, 156.13885498046875, 156.37850952148438, 156.011474609375, 154.9774627685547, 154.9790496826172, 153.96743774414062, 156.40725708007812, 154.9539794921875, 154.63912963867188, 155.2781219482422, 155.03182983398438, 155.95130920410156, 155.13600158691406, 155.22433471679688, 155.89828491210938, 155.8966064453125, 154.84193420410156, 155.6721954345703, 154.6519012451172, 154.4063720703125, 155.0215301513672, 154.13623046875, 155.08551025390625, 155.0639190673828, 156.1959228515625, 152.8624725341797, 154.71945190429688, 154.19410705566406, 154.98802185058594, 153.5330810546875, 154.6630096435547, 154.82379150390625, 153.7912139892578, 153.79217529296875, 153.4855499267578, 153.9642333984375, 156.1194610595703, 153.13890075683594, 154.14601135253906, 153.26773071289062, 154.8825225830078, 153.50006103515625, 153.84178161621094, 153.65469360351562, 153.97747802734375, 154.53912353515625, 154.41629028320312, 154.44805908203125, 154.51022338867188, 155.66619873046875, 153.3781280517578, 154.02972412109375, 153.50453186035156, 153.62156677246094, 153.90782165527344, 153.62693786621094, 153.90101623535156, 153.8040771484375, 152.77891540527344, 153.83802795410156, 153.56370544433594, 154.07762145996094, 153.2311248779297, 153.6455841064453, 153.6719512939453, 153.6355438232422, 153.30970764160156, 152.9921417236328, 154.76609802246094, 153.3894805908203, 156.38172912597656, 154.5891571044922, 153.3852081298828, 154.79058837890625, 152.71505737304688, 153.0625457763672, 153.24168395996094, 153.60403442382812], "valid": [209.26520453559027, 777.9337022569445, 366.02001953125, 197.54671223958334, 198.52235243055554, 132.22749837239584, 114.2315673828125, 96.43978542751736, 87.57797580295139, 90.72349717881944, 94.91250949435764, 91.84618462456598, 90.98720974392361, 88.23782687717014, 85.93368191189236, 85.56582980685764, 86.40033637152777, 86.39975314670139, 85.70309787326389, 85.00773790147569, 85.60657416449652, 86.14299180772569, 86.01691351996527, 85.61038547092014, 85.50552029079861, 85.56798638237848, 85.59727647569444, 85.53793674045139, 85.33266194661458, 85.09488932291667, 84.88945855034723, 84.80087619357639, 84.87957763671875, 85.08514404296875, 85.31233723958333, 85.640380859375, 85.76962619357639, 85.81039089626736, 85.65895589192708, 85.41325547960069, 85.17700873480902, 84.87843153211806, 84.61834716796875, 84.36330159505208, 84.34220377604167, 84.40078396267361, 84.58328586154514, 84.84754096137152, 85.02448866102431, 85.13094753689236, 85.14979383680556, 85.18893093532986, 85.15071614583333, 85.19645860460069, 85.17414008246527, 85.10670979817708, 85.05794270833333, 85.02062310112848, 84.96912299262152, 84.9097900390625, 84.87468804253473, 84.85215928819444, 84.86949327256944, 84.86762830946181, 84.85182698567708, 84.86155870225694, 84.87730577256944, 84.88741726345486, 84.8897705078125, 84.88389756944444, 84.89602322048611, 84.88337537977431, 84.87819417317708, 84.89818657769098, 84.92106119791667, 84.93544514973958, 84.943359375, 84.95222981770833, 84.95720079210069, 84.96183268229167, 84.97351752387152, 84.98993598090277, 84.99768744574652, 85.00624593098958, 85.01287163628473, 85.01457383897569, 85.00971137152777, 85.00888400607639, 85.01070149739583, 85.00655110677083, 84.99770100911458, 84.98712158203125, 84.97858344184027, 84.97530110677083, 84.967041015625, 84.95685492621527, 84.94784884982639, 84.93621826171875, 84.92593722873264, 84.92196316189236]}, "1": {"train": [190.11939912683823, 417.4632352941176, 1117.3190487132354, 500.5211971507353, 416.52857881433823, 361.9979894301471, 248.6886776194853, 214.26111557904412, 189.63763786764707, 191.33590877757354, 189.1250430836397, 182.27728630514707, 178.61427217371323, 175.26720473345588, 175.13941865808823, 172.9228515625, 168.74741498161765, 175.48504997702207, 171.07894358915442, 166.556396484375, 166.68831858915442, 167.57904411764707, 169.4465762867647, 164.615234375, 165.23822380514707, 165.11886776194854, 172.3493221507353, 165.1089585248162, 166.96701229319854, 165.74175666360293, 164.82467830882354, 166.4398696001838, 165.21389590992646, 165.07480755974265, 166.0022690716912, 165.68385225183823, 165.32997759650735, 164.9123965992647, 165.2174574908088, 165.17835190716912, 164.6841538373162, 164.63101734834558, 166.11569393382354, 165.13881548713235, 164.98797966452207, 164.29337086397058, 164.31336167279412, 164.2531307444853, 165.0084731158088, 164.75406422334558, 165.13400448069854, 164.36922679227942, 164.82958984375, 164.71352251838235, 164.69516888786765, 164.30807674632354, 165.1494571461397, 164.62599092371323, 164.52451459099265, 164.88279813878677, 165.52676930147058, 164.5870863970588, 164.96095186121323, 164.60974839154412, 164.77651079963235, 164.83116957720588, 164.71332146139707, 165.46814682904412, 164.72091854319854, 164.92308134191177, 164.84471220128677, 164.6624253216912, 164.6228745404412, 164.50400677849265, 165.35694795496323, 164.44216739430146, 164.90540268841912, 164.473388671875, 164.5526912913603, 164.73731904871323, 164.74939682904412, 165.15981158088235, 165.3782169117647, 165.13393267463235, 164.30987189797793, 164.22153607536765, 164.54497931985293, 164.91376091452207, 164.45220588235293, 164.84409466911765, 164.70367072610293, 164.8515625, 164.9387637867647, 164.34237132352942, 164.3820082720588, 164.6590073529412, 164.7939883961397, 164.65540268841912, 165.23874080882354, 164.7449161305147], "valid": [157.03323364257812, 617.4332275390625, 227.57666015625, 163.16207885742188, 143.99261474609375, 92.08763885498047, 81.37377166748047, 89.19629669189453, 90.0522232055664, 84.78443908691406, 75.09893035888672, 76.17245483398438, 73.75792694091797, 72.82149505615234, 75.37965393066406, 72.69251251220703, 72.673828125, 77.70148468017578, 75.9944839477539, 74.19676208496094, 73.14328002929688, 73.72613525390625, 73.19683837890625, 72.77521514892578, 72.23371124267578, 72.99707794189453, 71.53975677490234, 71.39026641845703, 71.36183166503906, 71.46568298339844, 71.96969604492188, 72.05045318603516, 72.43733978271484, 72.81844329833984, 73.13043212890625, 73.31660461425781, 73.47251892089844, 73.51245880126953, 73.48308563232422, 73.41443634033203, 73.33675384521484, 73.2188491821289, 73.03411102294922, 72.81717681884766, 72.6138687133789, 72.41563415527344, 72.28044128417969, 72.18917846679688, 72.1110610961914, 72.05465698242188, 72.02491760253906, 72.02318572998047, 72.0179672241211, 72.02216339111328, 72.09091186523438, 72.14195251464844, 72.19205474853516, 72.26502227783203, 72.33708953857422, 72.39763641357422, 72.46292877197266, 72.51432037353516, 72.5299301147461, 72.54788208007812, 72.56657409667969, 72.58465576171875, 72.60196685791016, 72.62950134277344, 72.6507797241211, 72.66815948486328, 72.68768310546875, 72.71185302734375, 72.73843383789062, 72.74916076660156, 72.75450897216797, 72.75763702392578, 72.76398468017578, 72.76629638671875, 72.76466369628906, 72.75846099853516, 72.75493621826172, 72.74559020996094, 72.73424530029297, 72.71531677246094, 72.7055892944336, 72.69454956054688, 72.68523406982422, 72.67520141601562, 72.66454315185547, 72.65347290039062, 72.64344787597656, 72.63422393798828, 72.62403106689453, 72.61471557617188, 72.6063461303711, 72.60248565673828, 72.59869384765625, 72.59551239013672, 72.5931396484375, 72.59061431884766]},