{"0": {"train": [17.419673658762857, 15.416607845817229, 17.075872968950605, 17.718627842937522, 18.01793999843863, 18.424666373663435, 18.25729185282448, 18.308486765999604, 18.148089753713343, 18.545221643638794, 18.411547906231355, 18.060363397161066, 9.949373358101184, 9.133008602415831, 9.513418716469333, 9.641103431853985, 9.872053648320385, 9.920530116737579, 9.903566357532522, 9.950373995356696], "valid": [14.228275897107133, 16.008656150222496, 17.548008915028326, 17.915635213445295, 18.175907084883683, 18.400565202896637, 18.860839961597446, 19.070378625511196, 18.28098128163549, 18.39182399300667, 17.93377107767037, 18.887119182526312, 8.783197271910197, 9.348553314577257, 9.51313082755619, 9.63389976053399, 9.89699272305117, 9.820135061029264, 9.84201601232527, 9.85608510523515]}, "1": {"train": [17.57353106492465, 15.333019124369692, 16.96171496311797, 17.99767012803223, 18.08928513907023, 18.011701493301672, 18.414417094624493, 18.28371564386632, 18.424857701556927, 18.56505046897627, 18.118230002303555, 18.353271543299513, 9.867148943727038, 9.122639503653424, 9.494861811934534, 9.692699256775953, 9.857568651869736, 9.861703644373751, 9.910125137857172, 9.85667061201199], "valid": [14.539333850290795, 16.14583404696509, 17.18861745566841, 17.690290961415176, 17.80740428299519, 18.033946022203505, 18.431733174527352, 18.166720261066136, 18.31858632299209, 17.807141378438004, 18.329994060488737, 18.165594765583098, 8.870436766857946, 9.478406544094847, 9.6855456605166, 9.662691858915133, 9.739818661588227, 9.952531048873693, 9.846212409283655, 9.734722433911152]}, "2": {"train": [17.685067663214614, 15.311219763475433, 17.001207690628394, 17.801353493770552, 17.973810915113923, 18.423193210099566, 18.319744975100857, 18.697166792223893, 18.056720801620596, 18.140219203247355, 18.50119764399894, 18.55907543825172, 9.93547578994071, 9.118528299466316, 9.472773519601487, 9.704514399913545, 9.768213254320187, 9.857633670977776, 9.951648052172969, 9.91565788118765], "valid": [14.358985285044165, 16.58828276892263, 17.50092591428667, 18.097813628716647, 18.25107379973686, 18.315011839740045, 18.522807749438524, 18.640077258166567, 18.31529103343306, 18.520971201750637, 18.138891660486223, 18.25848986092954, 8.809524342175559, 9.498313806011582, 9.653922071019585, 9.812045396931147, 9.910397889640318, 9.914389218949031, 10.085274640853362, 10.043378859111021]}, "3": {"train": [17.577651556269714, 15.44132231366812, 17.350813166789788, 17.538113023134446, 18.160374871400524, 17.919199434282774, 18.436636058612134, 18.224564893539902, 18.460823569454245, 18.32016851140548, 18.1775463125066, 18.68341844630044, 9.842181778920832, 9.122884248254682, 9.562741400635149, 9.700966459237542, 9.782281163426797, 9.893543768460395, 9.874812644600755, 9.876696819736663], "valid": [14.432967927686713, 16.56603861834607, 17.670292898041534, 18.05292797216496, 18.302507335348785, 18.61810863491804, 19.18219384019258, 18.969166590720533, 18.310900692314462, 18.18602317509302, 18.744134254690852, 18.29455238397526, 8.86142579434416, 9.358655367846398, 9.701728134584926, 9.875417179957763, 9.817360552426925, 10.029870988472949, 10.030734993568148, 10.061461646155973]}, "4": {"train": [17.354740318570453, 15.513755921506792, 17.160017707233425, 18.0160251870108, 17.82806917795645, 18.443329286255636, 18.377018589256085, 18.2223310008705, 18.25102845793213, 18.477135065088454, 18.42486760494184, 18.351751910307094, 9.837034288172621, 9.076582029940583, 9.439677003229805, 9.708409122335077, 9.788676188707543, 9.85554677810321, 9.895891116227435, 9.858979183165308], "valid": [14.356639686098326, 16.451614370061666, 17.845787063071565, 18.736244815481857, 18.79117514662056, 18.274261389492764, 18.427667879285895, 18.001544787888363, 18.19671158134822, 18.17239421786374, 18.46322177444193, 18.09869044299188, 8.875025924554942, 9.346174978744418, 9.67742344402648, 9.675100467717078, 9.804298530190678, 9.903217026768415, 9.837779148431634, 9.881574924144077]}}