{"0": {"train": [51.878899471753755, 52.27956838565022, 52.203905202799035, 52.41015505047889, 52.247859159467, 52.016919321352844, 52.43987130090539, 52.11277621353456, 52.179769524395596, 52.02285866442654, 52.10230461324393, 55.34088953248379, 58.60937971240434, 58.451501514823796, 58.04576557625756, 58.22998325811257, 57.953646077680226, 57.95421183276162, 58.10407970455986, 57.887511271690386], "valid": [52.85766831919765, 51.9602564230459, 51.98379842147779, 51.560550834860415, 52.02137534557397, 52.24334848157629, 52.26528370953022, 51.92338146035997, 51.86272081552411, 51.867556452379326, 51.5429759462848, 59.100533697802945, 58.70844602436106, 57.66794575234911, 58.308855138863166, 57.403376626284214, 57.91546859312861, 57.46743287046626, 57.891021804666785, 57.641678855929314]}, "1": {"train": [50.8601891225903, 51.00901509606831, 51.71134194805274, 51.34998391118517, 51.445160770100166, 51.523822051234404, 60.143172916108156, 63.68117655313231, 63.10122789073162, 63.00690061643961, 62.795884795327424, 62.70900587117981, 62.20281089683052, 62.092602791342735, 61.885205354205254, 62.09878183871734, 62.04451912150882, 61.990022183524445, 61.79101244531707, 61.756315507180375], "valid": [51.0340284512925, 51.67388381053713, 51.43156706297762, 52.03828663388715, 51.287958765059656, 51.15312843060984, 64.20113608395391, 64.08133256308972, 63.24723727392243, 63.07236344116744, 63.08082981311895, 62.5410973351967, 62.18720609459071, 62.2732045535958, 61.9003520544365, 62.20009479296631, 61.825652676378276, 61.99178195698739, 61.99274827715611, 61.5096467530363]}, "2": {"train": [51.087805138654666, 50.81359359692423, 51.20546950585922, 57.38263005614606, 62.50857627956114, 61.92895652510991, 61.73002203148761, 61.44502896711475, 61.1814946318383, 61.35613567676855, 61.09710645285205, 61.06044252073301, 60.20419005705081, 60.39007661175841, 60.41348257319916, 60.251119718809704, 59.994438351664854, 60.20508881555298, 60.37029961231467, 60.038346404303425], "valid": [51.09662365054326, 51.557549526159264, 51.35493856003719, 62.657595800918344, 62.35404484388405, 61.93075503925139, 61.983500800625876, 61.74157522532074, 61.56920448009281, 61.43311255191273, 61.28889970150181, 61.45039272709991, 60.84619475742377, 60.393821981689186, 60.45018720113623, 60.45216427941234, 60.38850827678989, 60.36559767270121, 60.05352174850842, 60.449897591176295]}, "3": {"train": [51.016489164139266, 51.125151324158736, 56.966882494620265, 56.70185096786536, 56.62542740316777, 56.13062963758664, 56.3448133815946, 56.194291690224595, 56.00578608331038, 55.981768132929474, 56.056390011021456, 56.11618883290157, 55.36000189669259, 55.376870399349556, 55.46417627109247, 55.45870415494863, 55.233360606460316, 55.53948860849706, 55.5358709082313, 62.63620111018775], "valid": [51.10939670646643, 56.70574969260597, 57.51144719068057, 57.34718034524401, 56.734661525356806, 56.88447491067598, 56.39380417857856, 56.45611940704332, 56.25449270540867, 56.399633297810894, 56.114548298334896, 56.439892376292946, 55.96474121550728, 55.36636421561818, 55.539240416861645, 55.53035847353426, 55.54531259139565, 55.7355771764655, 55.6736185623952, 64.05091190769527]}, "4": {"train": [51.15808050254852, 50.99213449465804, 50.825144867940544, 51.231096208351204, 52.0805078414397, 52.15919619455154, 52.148824635100866, 52.23699553727007, 52.196126733640234, 52.23727928910698, 52.275514875309504, 52.190145516799035, 51.8945020818305, 52.14356875752432, 51.555317471535524, 51.64837958252505, 51.64141371149192, 51.40198366018945, 51.73268857716603, 51.694411694775745], "valid": [51.140751668656044, 51.336316182635315, 50.86011121098625, 52.33991410560828, 52.6152863372341, 52.39793451928326, 52.905521405317764, 52.62244859527935, 52.64853521718043, 52.27309903144985, 52.365106782867095, 52.575103993014935, 51.63456786766641, 52.12314320220495, 51.85524330740134, 51.75402691129626, 51.761969935706205, 51.834860706939246, 51.63515868340913, 51.784878864208004]}}