{"0": {"train": [15.980980330977697, 16.583124817654305, 16.855466723936722, 16.975519330669737, 16.320997562645875, 15.177746278121758, 13.896858690190612, 12.790493407190093, 12.186887369116313, 11.536758106279175, 11.27324477073068, 10.81203121960905, 10.594581192459803, 10.550690836926218, 10.484612809177257, 10.377772667595954, 10.147810686673367, 10.051142395779305, 10.205931857413772, 10.108828975946576], "valid": [16.8072318084969, 19.249541984116735, 20.77159131262913, 20.564323992768596, 19.95441632231405, 18.893970331869834, 18.017283542097108, 17.090091926007233, 17.2806588165031, 16.519065163352273, 15.937564566115702, 16.215874790160125, 16.126143022017047, 15.860203262202996, 15.748841845299587, 15.691343701575413, 15.864548360020661, 15.35236957644628, 15.720710186918906, 15.15594936402376]}, "1": {"train": [15.577709403770099, 15.854975403591805, 16.83847007909751, 17.189834278154176, 16.15631078189834, 14.915973330929072, 13.720060356425051, 12.807788896362812, 12.145063091610478, 11.654374118662474, 11.341728242106457, 11.030882522772952, 10.919429794881355, 10.640069605403916, 10.540798836229254, 10.371333331982624, 10.2720141905472, 10.21583094933221, 10.057292764117609, 10.171464215670383], "valid": [17.459549328512395, 19.363240896177686, 20.291350561725206, 20.656371061466942, 20.133333064307852, 19.12610367704029, 18.618579706869834, 17.702991832386363, 17.09451672262397, 16.297928234762395, 16.66812814759814, 16.525811313597625, 16.271095969460227, 15.950222551330063, 15.751287286931818, 16.009309626807852, 15.714359504132231, 15.633728531766529, 15.343861981856922, 15.565141157670455]}, "2": {"train": [14.17838499457015, 15.191743842793699, 16.595556235412346, 16.946194344041754, 16.31982421875, 14.948576741198782, 13.770921382666623, 12.67671678471862, 12.139065691049662, 11.615267805044088, 11.190467676186463, 11.05185936892181, 10.847901403656639, 10.773033047118128, 10.389975646719398, 10.498131716399767, 10.197595873314315, 10.235228732413772, 10.21990916145293, 10.226401934485217], "valid": [15.154900164643594, 18.605101530216942, 20.0909615508781, 19.844968685433884, 19.37038957580062, 18.637703383264462, 17.426055655991735, 16.384190583032026, 15.86519200348657, 15.300759055397727, 14.899283921423038, 15.2042236328125, 15.053633256392045, 15.277265060046487, 15.44084734956095, 15.260683674457646, 14.816208516270661, 14.452541887267563, 14.582134152246901, 14.462417476433368]}, "3": {"train": [14.364926292782737, 14.885743451167832, 16.892254626035196, 16.89763026898939, 16.18933990036232, 14.953485398065476, 13.822698052131859, 12.947604287978779, 11.980593347648162, 11.484515014395704, 11.278410538383152, 10.942653490149457, 10.674133174414466, 10.29906746368724, 9.742727591631082, 8.936043749191253, 8.580290673929218, 8.060045577971337, 7.7688290297861675, 7.545956060753106], "valid": [15.274325561523437, 18.316259765625, 20.19990234375, 20.317451985677085, 19.57508544921875, 18.527783203125, 17.567578125, 16.96235555013021, 16.062715657552083, 15.625948079427083, 15.434372965494791, 15.514383951822916, 14.904166666666667, 14.7364990234375, 13.742555745442708, 13.407822672526041, 12.954510498046876, 12.60081075032552, 12.213661702473958, 12.122953287760417]}, "4": {"train": [14.046552764703028, 15.163397052520057, 17.157729502296842, 16.83988368190347, 16.024731748592778, 15.073438561480978, 13.882887561869177, 12.823135281201475, 11.947350543478262, 11.534331327639752, 11.084155981091486, 10.93130272022192, 10.717994073903338, 10.367653793429737, 10.3566078201831, 10.264453074453288, 10.235384417863612, 10.053858786636258, 10.04375171858825, 10.052084849734731], "valid": [16.12669474283854, 19.4979736328125, 21.138409423828126, 21.187646484375, 21.03282470703125, 19.554227701822917, 18.273409016927083, 17.777083333333334, 16.809923299153645, 16.659722900390626, 16.024178059895835, 16.411029052734374, 16.56741739908854, 16.105550130208332, 16.258402506510418, 16.137734985351564, 15.946096801757813, 15.927201334635416, 15.736970011393229, 15.35560811360677]}}