{"0": {"train": [6.246320342868828, 5.436479669259663, 5.510761386977694, 5.609883560058689, 5.565463471631135, 5.6462794306311235, 5.7356544451491365, 5.742684149337712, 5.774771260369193, 5.709679257100404, 5.788793202751815, 5.7881865604227345, 5.101992549736334, 4.956467065720048, 4.977652704034732, 4.994530681179476, 5.004857165596364, 5.018056557800923, 5.039752493575898, 5.034980025117592], "valid": [5.400990258286464, 5.431822721465855, 5.605706622432487, 5.543738388375647, 5.644652211361205, 5.7078964985391165, 5.729082817891502, 5.711237540337271, 5.707867518262572, 5.750229893218556, 5.939280033409037, 5.720425925251847, 4.961986033677014, 4.981406004222125, 4.98727968374194, 5.004396287486171, 5.012575651657857, 5.022946465409553, 5.0419610416747895, 5.104607681445755]}, "1": {"train": [6.327203406030659, 5.413502747284132, 5.522530001593649, 5.487552950288799, 5.609830352729653, 5.599766457524767, 5.651470009544761, 5.669839115183729, 5.776223988718028, 5.771621646386509, 5.738174004721163, 5.673777363123218, 5.094404555343238, 4.938229658692453, 4.9644036733144254, 4.990998278354013, 5.01519556192423, 5.015116815981657, 4.993013445251191, 5.0242718597489455], "valid": [5.4121006509325165, 5.462424684597118, 5.5353244964732875, 5.553881294788306, 5.608013369631038, 5.704963229554783, 5.659749250596416, 5.646142344436122, 5.847154944521594, 5.730088427300314, 5.805079535700274, 5.782275458685101, 4.991249315305866, 4.92241564469269, 5.008499419176051, 5.030199749352258, 4.983777951093591, 5.031247146711153, 5.002585914978294, 5.044328744308843]}, "2": {"train": [6.311455474427512, 5.454596546764801, 5.475435896112423, 5.566942636358527, 5.551385025872852, 5.6498171632230205, 5.687524955729877, 5.679114771235112, 5.717891602381189, 5.726521553658922, 5.8074007359308135, 5.704502578422393, 5.098958252019762, 4.933998121594636, 4.965576188534365, 4.959312364592675, 5.0111152144979965, 4.9797258850825905, 5.008974815617948, 5.032206530802653], "valid": [5.45472914119013, 5.574251062169757, 5.507694271160834, 5.601664955949582, 5.500686231371282, 5.557833523855178, 5.725595096105571, 5.772886924523494, 5.697632028725195, 5.754434802457446, 5.81874745187029, 5.757523037605958, 4.965788013420766, 4.97731022469582, 4.989041671312612, 5.013645839140765, 5.064982343884047, 5.043380069688039, 5.038457913027597, 5.037536158165272]}, "3": {"train": [6.321015286053305, 5.43404906950493, 5.52619287817636, 5.58587763813908, 5.607038577503025, 5.649145537323377, 5.665979973957318, 5.703880278524794, 5.712165847393965, 5.732533825937768, 5.719080500397083, 5.741680741133486, 5.111456718644142, 4.968136573594567, 4.964571002864116, 4.9692418737232265, 5.007256618613694, 5.0001433835910545, 5.039764232943399, 5.022214401496198], "valid": [5.482305695422632, 5.501885830193893, 5.529020848242248, 5.607712363214988, 5.555452738624898, 5.599560592572824, 5.769952469693203, 5.7777401548227045, 5.794362167098968, 5.774944857006939, 5.759584818703023, 5.731342897012032, 5.022523857691493, 5.012329670405205, 4.983754656798679, 5.028573775957126, 4.989045875750435, 5.061270176350949, 5.047574157667242, 5.0367258893329705]}, "4": {"train": [6.350696765120535, 5.474329701137833, 5.509173313150686, 5.476261489060184, 5.5525130696056095, 5.627671493510044, 5.64929578576307, 5.688476850469036, 5.712465520824702, 5.7508832343532195, 5.720569876253089, 5.742529697651742, 5.102381241188623, 4.964717908721069, 4.979102541594724, 4.971405506468708, 4.99487654653176, 5.0161014126418655, 5.012623837871205, 5.0232222943133795], "valid": [5.446134825203538, 5.519232517135922, 5.554636073287276, 5.496417119227451, 5.576041800428006, 5.573749461908122, 5.729074980646971, 5.842036833798081, 5.735753581966816, 5.704952082308941, 5.6904172753045605, 5.773468845851186, 4.961971951170656, 5.036195892157857, 4.948627712908447, 5.009279846419895, 4.9923177149976, 5.013398472296989, 5.022102098906771, 5.030883186898464]}}