{"0": {"train": [27.637618885869564, 24.709825067934784, 23.525827955163045, 22.124569038722825, 23.84126613451087, 21.04918902853261, 23.08978855298913, 20.70394234035326, 20.55676375679348, 19.543669327445652, 19.210563858695654, 18.7857421875, 20.045705247961955, 18.275779127038042, 17.924048913043478, 18.306239385190217, 17.51944633152174, 17.102530570652174, 16.387368376358694, 16.171396272078805], "valid": [60.25982455549569, 60.85423962823276, 63.7175503434806, 65.78543406519397, 68.84006263469827, 69.10753973599138, 70.83302464978448, 69.94205448545259, 72.18901535560344, 70.74365234375, 69.89299905711206, 69.54299400592673, 69.24803845635776, 68.40463362068965, 67.00127963362068, 65.68698225350215, 63.520002693965516, 62.433391702586206, 61.301837789601294, 58.703196558459055]}, "1": {"train": [25.61754203464674, 20.803526239809784, 22.591896654211958, 20.16300101902174, 20.808201002038043, 22.012417204483697, 20.514389436141304, 20.903872282608695, 19.947785750679348, 18.997452445652176, 19.419921875, 19.28552139945652, 18.260360054347824, 18.537064792798912, 18.29597061820652, 17.661258067255435, 17.614904254415762, 17.319059952445652, 16.28553944463315, 15.839289656929347], "valid": [58.912976495150865, 64.28379242995689, 62.706248316271555, 66.35054805360991, 72.36659819504311, 70.99745757004311, 72.14492692618535, 72.95102033943965, 70.30927566002156, 70.99414904364224, 69.96023033405173, 71.36913220635776, 69.51140726023706, 68.93465449892241, 66.57768723060344, 65.74049535290948, 64.62514311691811, 62.29503973599138, 61.02294921875, 58.397688240840516]}, "2": {"train": [23.99182659646739, 23.35735394021739, 23.369197944972825, 22.291499660326085, 20.146134086277176, 21.745047129755434, 19.908156419836956, 20.080825407608696, 20.197367527173913, 19.341953974184783, 19.164491338315216, 19.880838145380434, 18.616079313858695, 18.352889351222824, 18.679090947690216, 17.805844514266305, 17.266933806046197, 17.200791864809784, 16.53150050951087, 15.875337550951087], "valid": [57.20001431169181, 58.805226293103445, 61.764265389278016, 63.24731024380388, 66.72423053609914, 66.59076138200432, 68.43576575969827, 71.10800276131465, 69.3561590786638, 68.62406132139009, 68.37762661637932, 67.58456105199353, 67.46576138200432, 66.07728313577586, 65.86403050915948, 63.14815547548491, 61.96378300107759, 60.21944874730603, 57.888503502155174, 56.293040308459055]}, "3": {"train": [29.172853685461956, 31.930311650815216, 29.00353897758152, 27.177651579483694, 26.058364470108696, 25.58343028192935, 24.619841202445652, 21.73924719769022, 21.612113620923914, 20.03717730978261, 20.05524371603261, 20.44529551630435, 19.51464206861413, 19.22843707540761, 20.268989894701086, 18.987393851902173, 18.091032608695652, 17.449369480298913, 16.670974864130436, 16.157789147418477], "valid": [63.9739990234375, 72.21544989224138, 68.83506617052802, 68.77112658270474, 68.99706189385776, 69.17178239493535, 71.35171403556035, 71.74905711206897, 70.74387122844827, 74.54716965247844, 69.98940092941811, 69.97850299703664, 68.53476057381465, 68.43015052532327, 68.71412395608836, 67.19822535021552, 63.97852404364224, 62.38049737338362, 60.59941995554957, 58.74286099137931]}, "4": {"train": [23.38458041487069, 23.748551993534484, 22.593049148033405, 22.564032192887932, 21.35217706088362, 19.48383620689655, 19.912911250673492, 19.28747769059806, 19.550069874730603, 19.62640591325431, 18.92908977640086, 18.857202990301722, 18.382774616109913, 18.549493197737068, 17.893146383351294, 17.49925600249192, 17.50299072265625, 16.99391121699892, 15.99719448747306, 16.021676951441272], "valid": [61.5782470703125, 64.41077968052456, 66.82859584263393, 69.31861223493304, 72.20416259765625, 72.84074183872768, 74.44767543247768, 77.67699323381696, 73.91319056919643, 73.50178745814732, 74.945068359375, 71.09259469168526, 71.43343244280133, 69.30946568080357, 68.77384294782367, 67.37718854631696, 66.32785034179688, 63.833849225725444, 60.47084263392857, 62.42576381138393]}}