{"0": {"train": [18.21311725118886, 19.810064033840014, 17.820361328125, 15.218164327870245, 13.345942223590352, 12.684593797766643, 12.3990710714589, 12.07802090852157, 12.029341457201086, 11.873282192064368, 11.806430451766305, 11.828257287066915, 11.76837914508322, 11.754939336362092, 11.667364501953125, 11.71941382366678, 11.634491431194803, 11.64952856976053, 11.631457187818445, 11.550650953209919], "valid": [20.018364448051948, 21.897083629261363, 19.653713474025974, 17.35014098856872, 16.63652111235119, 16.022402280336852, 15.778670670150163, 15.9519888477408, 16.02741561823593, 15.874710941727542, 15.766048811214826, 16.133776908313042, 15.862359645562771, 16.08320597859172, 15.916123955796808, 16.083691617627164, 16.50857874222132, 15.822204854065205, 15.671691101866884, 16.21224698153409]}, "1": {"train": [18.43914112335437, 19.30873013474654, 17.71890162696797, 15.089436583876221, 13.30129325609901, 12.543044828566096, 12.114899841374864, 12.134140892732933, 11.988460047884432, 11.942091553529622, 11.709400487645054, 11.7754276039546, 11.78537991303186, 11.91184608219242, 11.60349030965832, 11.57412100097126, 11.646569863981068, 11.70858145019001, 11.596692809064535, 11.608756828515201], "valid": [20.367160962975543, 21.67301078464674, 19.869355044157608, 18.16845703125, 17.372405740489132, 17.000557808254076, 16.975700046705164, 16.788899562669837, 16.61592964504076, 16.49659370754076, 16.5384765625, 16.7803466796875, 16.82043510105299, 16.593338145380436, 16.850128439198368, 17.22131453804348, 16.992660920516304, 16.82100140115489, 16.934169603430707, 17.113297702955162]}, "2": {"train": [18.28083965289088, 19.364835161339577, 17.530090530842834, 15.266564318463287, 13.422472229997965, 12.539952579461014, 12.385457688123473, 12.019480089152417, 11.983674520519475, 11.842069511952023, 11.822324870851995, 11.626053635124016, 11.557154089050623, 11.646544813721498, 11.702907566397768, 11.545683588448357, 11.468709243625305, 11.460437290054967, 11.4975339411136, 11.378714529362615], "valid": [20.966507090692936, 22.358052394701087, 20.351426630434784, 18.02162502122962, 17.182559867527175, 16.560953952955163, 16.85622505519701, 17.015615446671195, 16.91322658372962, 16.57255912449049, 16.28784710427989, 16.391853133491846, 16.779874320652173, 16.963261081861415, 16.942451808763586, 16.761382260529892, 16.71143108865489, 16.89454398777174, 16.529110054347825, 17.005190641983695]}, "3": {"train": [18.368639752349686, 19.180887924343445, 17.421070608331636, 15.047611133024565, 13.417607575622625, 12.392277985778875, 12.149891210301304, 11.984922195749355, 11.966542263631583, 11.818147176769475, 11.865010910779723, 12.12344946845735, 11.711376674788783, 11.837956299093207, 11.745179481796281, 11.708532873893017, 11.61287282473619, 11.584436605082791, 11.39894493343258, 11.537529530147259], "valid": [21.659325110394022, 21.55106784986413, 19.992912491508154, 18.121695078974184, 16.992702318274457, 16.69493992017663, 16.434567658797555, 16.6735792077106, 16.44932967476223, 16.652699876868205, 16.110377038043477, 16.702613896908968, 16.37713516898777, 16.81499766474185, 17.18101912788723, 16.489799698539404, 16.557157566236413, 16.842926821501358, 16.465778384001357, 16.820662257982338]}, "4": {"train": [18.180556704244708, 19.70303116093241, 18.32186601371641, 15.23764849899905, 13.761705363353352, 12.81090009691402, 12.443117620114007, 12.176558073128732, 11.954874939561279, 11.83445449812534, 11.80646659859358, 11.759855752918025, 11.787917875441096, 11.72590085504886, 11.800476471841918, 11.599445289172774, 11.643622681061686, 11.646812215301813, 11.67337331036662, 11.639678590590222], "valid": [20.58684612771739, 20.78126061480978, 19.381167204483695, 17.702510402513585, 16.563169263756794, 16.377400008491847, 15.746975840692935, 15.923978855298913, 15.684963591202445, 15.722541079313858, 15.758112899116847, 15.645907460088315, 15.998747983186142, 16.064347507642662, 15.958464780061142, 15.71115085767663, 16.08748089334239, 15.838710088315217, 16.069694718070654, 15.975340204653532]}}