{"0": {"train": [73.144287109375, 23.277555465698242, 28.307186126708984, 10.725273132324219, 13.800629615783691, 5.217268466949463, 1.6666584014892578, 0.05002199485898018, 0.4484562873840332, 0.07990634441375732, 0.09645373374223709, 0.058983214199543, 0.06821227073669434, 0.06292185187339783, 0.067720927298069, 0.07521268725395203, 0.06800341606140137, 0.06955848634243011, 0.06344675272703171, 0.07268327474594116], "valid": [34.201438903808594, 14.851967811584473, 36.264503479003906, 19.946773529052734, 22.07352638244629, 20.814300537109375, 17.98412322998047, 18.729991912841797, 49.70277786254883, 36.030460357666016, 47.71489715576172, 24.36949920654297, 48.47537612915039, 48.471641540527344, 48.48025131225586, 48.48680114746094, 48.48059844970703, 48.49203109741211, 48.49310302734375, 15.761886596679688]}, "1": {"train": [36.634986877441406, 19.963699340820312, 18.029603958129883, 8.50822639465332, 13.120978355407715, 10.11850357055664, 22.21744155883789, 22.4656925201416, 21.304977416992188, 20.672883987426758, 0.908320963382721, 21.860719680786133, 5.67237663269043, 13.085733413696289, 15.810964584350586, 2.347231149673462, 3.616882562637329, 8.721136093139648, 5.251379013061523, 16.32221221923828], "valid": [58.68729782104492, 26.03413200378418, 14.25546932220459, 12.500309944152832, 25.946250915527344, 24.213546752929688, 46.336551666259766, 2.4103503227233887, 6.579966068267822, 34.824989318847656, 31.67674446105957, 9.602551460266113, 3.5378732681274414, 41.662567138671875, 4.067574977874756, 0.9194681644439697, 2.9499120712280273, 12.836203575134277, 1.0009608268737793, 13.528154373168945]}, "2": {"train": [29.57547378540039, 39.806209564208984, 57.178314208984375, 22.262346267700195, 14.721002578735352, 8.520752906799316, 12.862876892089844, 7.844320297241211, 7.741521835327148, 2.689149856567383, 9.124177932739258, 1.0674771070480347, 2.9227073192596436, 3.456101179122925, 11.531438827514648, 11.513256072998047, 12.879716873168945, 0.22040753066539764, 5.068221569061279, 8.952295303344727], "valid": [48.5275764465332, 13.903997421264648, 4.446935653686523, 9.631908416748047, 21.88037872314453, 4.282894134521484, 11.262622833251953, 43.59321212768555, 22.513206481933594, 22.449169158935547, 0.15671655535697937, 3.1704132556915283, 22.91686248779297, 5.220423698425293, 1.6271823644638062, 25.652761459350586, 3.4425973892211914, 0.15942315757274628, 7.842904090881348, 0.16350407898426056]}}