{"0": {"train": [11.226310729980469, 8.303549766540527, 7.386936664581299, 7.013801574707031, 5.262109756469727, 4.474044322967529, 5.212858200073242, 4.398775100708008, 4.455898761749268, 5.167774200439453, 3.4441308975219727, 4.119787693023682, 4.479743957519531, 5.680727958679199, 3.669203758239746, 5.904775619506836, 2.713376998901367, 3.110365867614746, 4.878897190093994, 4.213935375213623, 3.262951612472534, 3.2529072761535645, 3.331354856491089, 3.13869047164917, 3.205345630645752, 2.63264799118042, 2.879328727722168, 3.219179391860962, 2.451125144958496, 3.216111660003662, 2.503965139389038, 2.550692319869995, 2.7878894805908203, 3.1606903076171875, 2.800435781478882, 3.0508687496185303, 2.7519397735595703, 2.131013870239258, 2.256129264831543, 2.5912177562713623, 2.68927001953125, 2.591604471206665, 2.8029050827026367, 2.6223676204681396, 1.798269510269165, 2.253580093383789, 2.280900478363037, 2.8271279335021973, 1.942373514175415, 2.228027105331421, 2.220705270767212, 2.1257498264312744, 2.1600608825683594, 3.1169071197509766, 2.9252817630767822, 2.0082147121429443, 1.9917805194854736, 2.6625189781188965, 2.4126148223876953, 2.5169427394866943, 2.2038769721984863, 2.0566418170928955, 2.0574138164520264, 2.2530288696289062, 2.004767894744873, 1.8913688659667969, 2.3628504276275635, 2.549196720123291, 2.390748977661133, 1.8381781578063965, 2.5098323822021484, 1.8876315355300903, 1.7439277172088623, 2.2734298706054688, 2.0559492111206055, 2.4052278995513916, 2.109501361846924, 1.5911145210266113, 2.518256902694702, 2.25523042678833, 2.1693453788757324, 1.7372281551361084, 2.174670696258545, 2.284119129180908, 2.2480523586273193, 2.5973286628723145, 2.2838358879089355, 2.2366557121276855, 1.7067029476165771, 1.937355875968933, 1.7962894439697266, 2.1420929431915283, 1.9386076927185059, 2.379795551300049, 2.096644878387451, 2.673229455947876, 2.8112142086029053, 1.9611417055130005, 1.7388901710510254, 2.0737924575805664], "valid": [9.488771226671007, 8.583529154459635, 8.416447957356771, 8.628028021918404, 9.515523274739584, 10.77990468343099, 11.985435485839844, 13.126066419813368, 13.946910434299046, 14.454815334743923, 14.808939615885416, 15.052480061848959, 15.560297648111979, 16.063608805338543, 16.344751993815105, 16.430552164713543, 16.503243340386284, 16.551076253255207, 16.331739637586807, 16.206612481011284, 16.173412746853298, 16.154654608832466, 16.112180921766495, 16.092212253146702, 16.067601521809895, 16.070293850368923, 16.126527574327255, 16.26068623860677, 16.40957811143663, 16.54444037543403, 16.744639078776043, 16.946634928385418, 17.159691704644096, 17.306715223524307, 17.465208265516495, 17.66555616590712, 17.75269232855903, 17.82272169325087, 17.897625393337673, 17.984298706054688, 18.064993964301216, 18.171278211805557, 18.269604153103298, 18.35535346137153, 18.44455125596788, 18.555457221137154, 18.64541456434462, 18.692036946614582, 18.740259806315105, 18.78034125434028, 18.821853637695312, 18.867977566189236, 18.91168212890625, 18.94824896918403, 18.983205159505207, 19.020082261827255, 19.061243693033855, 19.106272379557293, 19.128551907009548, 19.13739013671875, 19.146165635850693, 19.155254787868923, 19.163733588324654, 19.177625868055557, 19.19008551703559, 19.203201293945312, 19.221155802408855, 19.23761664496528, 19.25392829047309, 19.261586507161457, 19.269551595052082, 19.280702379014755, 19.29163275824653, 19.30251736111111, 19.314156426323784, 19.32645501030816, 19.33676317003038, 19.34636773003472, 19.355094061957466, 19.365132649739582, 19.370778401692707, 19.376705593532986, 19.382551405164932, 19.38796657986111, 19.392964680989582, 19.399849785698784, 19.406694200303818, 19.413658989800346, 19.420130411783855, 19.426345825195312, 19.432234022352432, 19.435555352105034, 19.438556247287327, 19.440907796223957, 19.442304823133682, 19.443695068359375, 19.444542778862846, 19.445802476671005, 19.447948879665798, 19.450592041015625]}, "1": {"train": [10.820545869715074, 7.888241936178768, 6.444698558134191, 5.498234917135799, 4.830660202923943, 4.343658447265625, 4.153927522547105, 4.397438049316406, 4.010592292336857, 3.4872602574965534, 3.7872857486500457, 3.758325688979205, 3.9475003410788143, 2.361157585592831, 2.669859493480009, 2.2517556583180145, 3.210527981028837, 1.941886677461512, 2.2450420155244717, 1.9111958672018612, 1.635702694163603, 1.7234808977912455, 2.086583978989545, 2.0851202572093293, 2.708108340992647, 1.289841147030101, 1.9622026331284468, 2.0477092967313877, 1.8200262855080998, 2.11519016939051, 1.8213393267463236, 1.4958800147561466, 2.586770674761604, 1.4918647092931412, 2.945463965920841, 1.3685905232149012, 2.504498650045956, 2.247152889476103, 1.0711101083194507, 2.2620546677533317, 1.4038771461038029, 1.2356825435862822, 2.111583709716797, 1.7454892326803768, 1.3199575087603401, 1.243271322811351, 1.383861878338982, 1.7935844870174633, 2.01348876953125, 1.7328071594238281, 1.331338321461397, 2.2564154232249543, 2.090882245232077, 1.389321944292854, 1.86892172869514, 1.368171916288488, 1.6696609048282398, 2.1294631958007812, 2.3000620673684513, 2.0498188243192783, 1.9074202144847197, 2.0622747084673714, 1.6076154147877413, 1.7682037353515625, 1.4506708032944624, 1.746667188756606, 2.249195098876953, 1.4948530758128447, 2.222446217256434, 1.7162321876077091, 1.6586684058694279, 1.3458560494815601, 1.739131254308364, 2.1310893788057217, 1.8975605684168197, 1.2380781734690947, 1.270303726196289, 1.4684600830078125, 1.1591210084802963, 1.0481568504782284, 1.776685826918658, 1.5002240573658663, 1.5911233565386604, 1.2076990464154411, 1.1238802741555607, 1.6418326882755054, 1.1738488814410042, 1.5571733362534468, 1.753314410938936, 1.268151227165671, 1.1700246474322151, 1.7510562223546646, 1.4323748420266544, 1.6804520102108227, 1.2785148620605469, 1.9231100643382353, 1.6487785788143383, 2.5911824843462776, 1.5744248558493221, 1.306534262264476], "valid": [7.915152072906494, 7.159878730773926, 7.891598701477051, 9.140277862548828, 10.401193618774414, 11.431692123413086, 12.323493003845215, 13.252470016479492, 14.049927711486816, 14.967646598815918, 16.072263717651367, 17.39374542236328, 19.136966705322266, 19.62592887878418, 19.94588851928711, 20.105823516845703, 20.29203224182129, 20.345775604248047, 20.27524185180664, 20.23103904724121, 20.258411407470703, 20.332700729370117, 20.47732925415039, 20.7520694732666, 20.847875595092773, 20.96892547607422, 21.117944717407227, 21.233928680419922, 21.372459411621094, 21.510475158691406, 21.666881561279297, 21.821701049804688, 21.98900604248047, 22.173112869262695, 22.34073257446289, 22.43914794921875, 22.524293899536133, 22.593835830688477, 22.678417205810547, 22.792123794555664, 22.9080753326416, 23.021230697631836, 23.122522354125977, 23.231998443603516, 23.336938858032227, 23.43293571472168, 23.48563575744629, 23.540918350219727, 23.602323532104492, 23.66689109802246, 23.72486114501953, 23.77988052368164, 23.82085609436035, 23.863719940185547, 23.891437530517578, 23.91057777404785, 23.930191040039062, 23.939083099365234, 23.952001571655273, 23.95265769958496, 23.95777130126953, 23.961332321166992, 23.96499252319336, 23.972822189331055, 23.978513717651367, 23.981151580810547, 23.98638343811035, 23.99770736694336, 24.001190185546875, 24.003732681274414, 24.007936477661133, 24.016815185546875, 24.027477264404297, 24.034700393676758, 24.04339599609375, 24.051647186279297, 24.058073043823242, 24.065509796142578, 24.07332992553711, 24.077497482299805, 24.079971313476562, 24.082120895385742, 24.08561897277832, 24.089868545532227, 24.09438133239746, 24.100120544433594, 24.105243682861328, 24.110912322998047, 24.115541458129883, 24.121395111083984, 24.12432861328125, 24.124797821044922, 24.124460220336914, 24.124242782592773, 24.12412452697754, 24.123018264770508, 24.121702194213867, 24.119829177856445, 24.118953704833984, 24.117511749267578]},