metrics,mean
P_2,0.2
P_5,0.16
P_10,0.15999999999999998
recall_2,0.2
recall_5,0.36666666666666664
recall_10,0.7
ndcg_cut_2,0.24525887710618335
ndcg_cut_5,0.3290067781675131
ndcg_cut_10,0.47151573643588146
map_cut_2,0.2
map_cut_5,0.2333333333333333
map_cut_10,0.3238095238095238
success_2,0.4
success_5,0.8
success_10,1.0
aucroc,0.5631313131313131
skill_coverage_2,0.9
skill_coverage_5,1.0
skill_coverage_10,1.0
