metrics,mean
P_2,0.2
P_5,0.12000000000000002
P_10,0.15999999999999998
recall_2,0.16666666666666666
recall_5,0.2333333333333333
recall_10,0.7
ndcg_cut_2,0.24525887710618335
ndcg_cut_5,0.25279354226511347
ndcg_cut_10,0.43948811605906013
map_cut_2,0.16666666666666666
map_cut_5,0.1933333333333333
map_cut_10,0.29250000000000004
success_2,0.4
success_5,0.4
success_10,1.0
aucroc,0.5631313131313131
skill_coverage_2,0.8
skill_coverage_5,0.9
skill_coverage_10,1.0
