metrics,mean
P_2,0.3
P_5,0.16
P_10,0.18
recall_2,0.3
recall_5,0.4
recall_10,0.8
ndcg_cut_2,0.36788831565927504
ndcg_cut_5,0.4153278582131342
ndcg_cut_10,0.5874450075780893
map_cut_2,0.3
map_cut_5,0.32
map_cut_10,0.42595238095238097
success_2,0.6
success_5,0.8
success_10,1.0
aucroc,0.5900673400673401
skill_coverage_2,0.8666666666666668
skill_coverage_5,1.0
skill_coverage_10,1.0
