{"0": {"train": [9449.331654463995, 113.79391921264096, 113.79894356557256, 113.80003542412763, 113.80022919318081, 113.80023936721224, 113.80023636124841, 113.80027636369017, 113.8002580966792, 113.80027636369017, 113.80029648052505, 113.80026017773108, 113.80026433983485, 113.80025139106758, 113.80026040895906, 113.80025370334744, 113.80025509071537, 113.80025994650309, 113.80024167949212, 113.80028029456595], "valid": [113.7174401322215, 113.72822359269563, 113.73064262829999, 113.73115293336392, 113.73120241468865, 113.73120634544809, 113.73127571179117, 113.73125027746538, 113.7312042644578, 113.73125258967681, 113.73124357205221, 113.73119455316976, 113.73117073739198, 113.73123547931218, 113.73118622920859, 113.73117698036285, 113.7312345544276, 113.73123316710074, 113.73119224095832, 113.73125559555167]}, "1": {"train": [9243.02538906421, 113.78933650516471, 113.7945615639891, 113.79564162991683, 113.79586846457217, 113.79589020000296, 113.79592627156894, 113.79592164700921, 113.79590962315388, 113.79592049086926, 113.79590892946992, 113.79591679122147, 113.7959378329683, 113.79590985438186, 113.79592002841329, 113.79589921789446, 113.79592858384882, 113.79591054806582, 113.79591517262557, 113.7958985242105], "valid": [113.7408665336066, 113.75214966297206, 113.7545871962679, 113.75512617275363, 113.75518698391441, 113.75528617778501, 113.7551763477418, 113.75522189830708, 113.75523577157571, 113.75520224450989, 113.75522004853794, 113.75518397803954, 113.75522767883568, 113.75522004853794, 113.75527392306441, 113.75521056847106, 113.75522374807625, 113.755236234018, 113.75522374807625, 113.75521704266308]}, "2": {"train": [8832.179098099861, 113.68929617900376, 113.69433278701868, 113.69542580171368, 113.69564431216148, 113.69567344688785, 113.69568570197117, 113.69567113460799, 113.69570003810637, 113.69569680091455, 113.69570789985794, 113.69570466266612, 113.69570026933435, 113.69570026933435, 113.69568801425105, 113.69569217635481, 113.69568801425105, 113.6956924075828, 113.69567252197591, 113.69571622406546], "valid": [114.1393135136735, 114.1501774391056, 114.15263208276608, 114.15314076928199, 114.15320296776962, 114.15321059806736, 114.15329499378477, 114.15324921199834, 114.15321522249023, 114.15326585992068, 114.15323487628744, 114.1532505993252, 114.15322516499941, 114.15325776718066, 114.15324343146975, 114.1532378821623, 114.15317984565526, 114.15324505001776, 114.15322585866284, 114.15316874704037]}, "3": {"train": [9091.919932944877, 113.75413290788013, 113.75895555863855, 113.75982033851277, 113.76020463374029, 113.76032140214576, 113.76027770070293, 113.76064419163892, 113.76026035886052, 113.76040325564188, 113.76033481317054, 113.7613572881983, 113.76024116722161, 113.76024972253052, 113.76126364224935, 113.76025087865335, 113.76181141324454, 113.760237236404, 113.76025180355161, 113.76020532741398], "valid": [113.87263862990588, 113.88312651690049, 113.88540903591725, 113.88591428402297, 113.88599452250932, 113.8859704740869, 113.88597509878352, 113.88601394623512, 113.88594388208134, 113.88600053461492, 113.88603360119576, 113.88600169078909, 113.88600515931155, 113.88602527674185, 113.88596099345882, 113.88598804793405, 113.8860391508317, 113.8859898978127, 113.88600747165987, 113.88599406003966]}, "4": {"train": [9789.786766786903, 113.86666944136145, 113.87177765445801, 113.87282695153533, 113.87305216426194, 113.87310742693303, 113.87309378468369, 113.87310025897152, 113.87308407325195, 113.87309124121347, 113.87311644469108, 113.8730757491676, 113.87310534591195, 113.87307598039216, 113.87308615427303, 113.87309216611173, 113.87309216611173, 113.87306326304106, 113.87308869774324, 113.87310673325935], "valid": [113.42796433803943, 113.4389466051027, 113.44140370641686, 113.44186987583615, 113.44193415911916, 113.44192514096075, 113.44200098598532, 113.44187681288108, 113.44193670270231, 113.44197277533594, 113.44200422327296, 113.44197647509323, 113.4419785562067, 113.44196861310898, 113.44194202110342, 113.44195173296632, 113.44197046298763, 113.44192120996863, 113.44192629713491, 113.44200653562126]}}