{"0": {"train": [92.08143107096355, 92.0814208984375, 92.0814208984375, 92.08143107096355, 92.08143107096355, 92.08143107096355, 92.08143107096355, 92.0814208984375, 92.0814208984375, 92.0814208984375, 92.0814208984375, 92.0814208984375, 92.0814208984375, 92.0814208984375, 92.0814208984375, 92.0814208984375, 92.0814208984375, 92.0814208984375, 92.0814208984375, 92.0814208984375], "valid": [41.43994140625, 41.43994140625, 41.43994140625, 41.43994140625, 41.43994140625, 41.43994140625, 41.43994140625, 41.43994140625, 41.43994140625, 41.43994140625, 41.43994140625, 41.43994140625, 41.43994140625, 41.43994140625, 41.43994140625, 41.43994140625, 41.43994140625, 41.43994140625, 41.43994140625, 41.43994140625]}, "1": {"train": [52.78447469075521, 46.47046407063802, 42.178436279296875, 42.69698588053385, 40.907239278157554, 42.91344197591146, 34.07576243082682, 43.81035359700521, 26.3935063680013, 40.939971923828125, 39.21892293294271, 39.18713887532552, 14.507208506266275, 34.753761291503906, 31.42236073811849, 39.31378428141276, 26.60985565185547, 18.693836212158203, 14.563465118408203, 15.593658447265625], "valid": [68.3619155883789, 59.020198822021484, 45.103004455566406, 32.41413879394531, 26.485801696777344, 25.764928817749023, 21.675371170043945, 21.64661407470703, 21.488248825073242, 21.345190048217773, 22.030174255371094, 23.700502395629883, 24.241382598876953, 21.25779914855957, 17.82227325439453, 15.427393913269043, 12.855299949645996, 10.966144561767578, 9.76579475402832, 10.091090202331543]}, "2": {"train": [45.142189025878906, 37.15908432006836, 17.716629028320312, 15.758724212646484, 17.654447555541992, 11.965795516967773, 6.413967609405518, 5.754691123962402, 10.728900909423828, 3.170819044113159, 5.848889350891113, 3.3215930461883545, 2.847529649734497, 4.8345770835876465, 1.358209252357483, 3.7998759746551514, 0.37888553738594055, 0.43962934613227844, 0.43635833263397217, 0.6819987297058105], "valid": [83.871337890625, 84.71803283691406, 60.89419174194336, 41.603050231933594, 29.440488815307617, 23.796659469604492, 20.023162841796875, 16.83964729309082, 13.794401168823242, 12.000970840454102, 10.251721382141113, 9.12182903289795, 8.496222496032715, 8.253412246704102, 8.1982421875, 8.119258880615234, 8.063898086547852, 8.03756332397461, 8.116698265075684, 8.275836944580078]}}