{"0": {"train": [96.6822001139323, 96.6822001139323, 96.68218994140625, 96.6822001139323, 95.1424051920573, 96.39697265625, 85.73436482747395, 93.26863606770833, 94.50828043619792, 78.79580179850261, 65.75006612141927, 47.0300038655599, 60.99073791503906, 62.28434753417969, 55.045196533203125, 47.37010701497396, 27.830149332682293, 38.695849100748696, 25.348655700683594, 19.334468841552734], "valid": [96.68219757080078, 96.68219757080078, 96.68219757080078, 96.68219757080078, 96.68219757080078, 96.68219757080078, 96.60093688964844, 91.45366668701172, 78.54915618896484, 64.24195098876953, 50.788665771484375, 55.70064926147461, 71.46515655517578, 70.5931625366211, 62.74853515625, 48.82205581665039, 40.09868240356445, 34.234466552734375, 28.558046340942383, 23.736549377441406]}, "1": {"train": [55.37751261393229, 37.7135264078776, 28.801340738932293, 14.588821411132812, 11.286198933919271, 24.083938598632812, 5.194961865743001, 12.76260757446289, 6.947115580240886, 4.021014213562012, 8.572549819946289, 3.71389102935791, 0.41987041632334393, 2.3116299311319985, 1.4984149932861328, 4.33021863301595, 4.387353261311849, 4.310090700785319, 1.613066832224528, 1.259767214457194], "valid": [40.773780822753906, 21.034700393676758, 10.982820510864258, 9.917252540588379, 13.685243606567383, 17.252742767333984, 14.980437278747559, 10.455475807189941, 6.41023588180542, 5.002427577972412, 3.932426691055298, 3.2496747970581055, 2.710737705230713, 2.602365732192993, 2.4758059978485107, 1.8456000089645386, 1.3650496006011963, 1.240129828453064, 1.1567738056182861, 1.181990146636963]}, "2": {"train": [50.593326568603516, 42.57938003540039, 37.20410919189453, 36.25623321533203, 36.077598571777344, 36.07072830200195, 35.870338439941406, 30.613571166992188, 34.73872756958008, 33.960208892822266, 32.13389587402344, 30.477642059326172, 14.601178169250488, 6.88152551651001, 24.34794807434082, 11.748787879943848, 17.42784881591797, 18.867263793945312, 14.515052795410156, 7.4359002113342285], "valid": [72.91178894042969, 74.29850006103516, 75.75228881835938, 76.20401000976562, 76.25334167480469, 75.93592071533203, 75.74479675292969, 75.74414825439453, 76.0360336303711, 73.77891540527344, 67.72225189208984, 55.22626876831055, 44.48334503173828, 44.98011016845703, 47.0919303894043, 44.92378234863281, 45.15240478515625, 45.87656784057617, 48.35750961303711, 54.349395751953125]}}