{"0": {"train": [18.7320545115355, 7.578780950444143, 5.971996065193344, 4.997370287458009, 4.51362814400694, 4.125709508626653, 3.994912247244687, 3.8439234065385723, 3.758124390425219, 3.7091882096964994, 3.6470438672441507, 3.5952032606730215, 3.5466368351732913, 3.516268334067097, 3.477886309129621, 3.4441023972330336, 3.4183727197452054, 3.3872127107874332, 3.3670973066332834, 3.3543743118077036], "valid": [8.358709314327571, 6.300216752480541, 5.531154014322762, 4.8414788014143335, 4.458371017562633, 4.232896282981384, 4.0879987064333125, 3.998265957033562, 3.887108169759789, 3.8662738296510595, 3.8250511461169645, 3.752478459438262, 3.7352497095862436, 3.688057004509275, 3.665510681376339, 3.6313148517502514, 3.612486803053229, 3.592419033292145, 3.580222963369484, 3.561916188289389]}, "1": {"train": [18.6344771391826, 7.292245960215838, 6.186422434224887, 5.0331072954510985, 4.534364380854693, 4.133330537401589, 3.928015410940691, 3.8301508462019416, 3.773897347433462, 3.6927142489160034, 3.6516765488691103, 3.6129263150398083, 3.5704076575425643, 3.515004405760259, 3.4802758625035146, 3.4344221748448924, 3.412402124083412, 3.389460131208009, 3.3441718104295846, 3.3314041958283696], "valid": [8.510654872615648, 6.761420561432683, 6.0908121330520455, 4.911099458850035, 4.570203724903257, 4.235690474891234, 4.086822715696956, 3.9701222396819875, 3.936296479496234, 3.866770275897693, 3.802929482291235, 3.7825492605085387, 3.7227413682834882, 3.6901931338187746, 3.6597925030128113, 3.623510646808778, 3.5954325240053793, 3.5748592542447577, 3.554940340320528, 3.5302059570543722]}, "2": {"train": [19.858634694695816, 7.478537606110523, 5.898610646407087, 5.044139789688897, 4.520265644538765, 4.250409548120394, 4.085359184352525, 3.8976351677882763, 3.815608657962012, 3.711739861115222, 3.646197500552635, 3.5854062103444004, 3.5654265081151775, 3.504684151529712, 3.4730476756269053, 3.4346887951657625, 3.402645321876295, 3.3672681985674964, 3.3390768607031736, 3.3177799176643386], "valid": [9.361885454664009, 6.588187021603454, 6.240704158558512, 5.050562298028331, 4.517551274444699, 4.224064935914748, 4.07269296502734, 4.009946859022619, 3.9834376583864834, 3.879085851023292, 3.8163611474256762, 3.7766867640231, 3.7409403509567007, 3.6959561618585, 3.6437527284094946, 3.643317338996093, 3.6081979398658546, 3.5625499871209825, 3.5444753652947236, 3.5053231731679886]}, "3": {"train": [18.600853189742878, 7.121724371647244, 5.770108935673326, 4.923871826442841, 4.380349091287458, 4.138812604051054, 4.026812309239734, 3.9124412039285055, 3.780797045528117, 3.7093669360432853, 3.65186311361219, 3.6021590666042362, 3.541090014278117, 3.5038774553158527, 3.4623594515931373, 3.4185718559239735, 3.3843488933014245, 3.3460208203269515, 3.313076067101369, 3.284296651001202], "valid": [9.04160304818379, 6.574260892547949, 5.314903570450778, 4.761292396328176, 4.3415766093713, 4.242045406196354, 4.27111665381001, 4.076099989871914, 3.9290415165952615, 3.8852664507395813, 3.8420524617491343, 3.802493023645149, 3.7400062618392234, 3.716467871192025, 3.6837592057476654, 3.629603972198174, 3.6032692226093093, 3.5639243776545757, 3.5689579841687387, 3.51273197767289]}, "4": {"train": [20.347708998103958, 7.85911769041343, 5.73028872722438, 4.7760436176239365, 4.327165591472438, 4.0699943494496855, 3.948455600548002, 3.832853267781169, 3.7764757907880133, 3.7161337590755643, 3.6659994248288936, 3.616041760601646, 3.5677665513434147, 3.5342935800499444, 3.4926405267295597, 3.4597991019815946, 3.4295639321471514, 3.3906030986982056, 3.3648923866421567, 3.3419660157695152], "valid": [9.026502546589194, 7.1641964138715, 5.386418650545899, 4.637931865732108, 4.381467739388171, 4.121370162336101, 4.082513793735756, 4.016228595169782, 3.9185857712421566, 3.8507286816516086, 3.8137767342149855, 3.757606990043953, 3.7395968750231234, 3.6801201114644377, 3.673865288772994, 3.63740077713402, 3.6159035035661033, 3.577391992811834, 3.5495636179625993, 3.539251353822127]}}