{"0": {"train": [30.125797047334558, 29.81940953871783, 22.843934900620404, 18.10410263959099, 30.00895960190717, 26.656328986672793, 25.091811236213236, 17.199827306410846, 16.60936243393842, 26.725519516888788, 14.139923095703125, 19.054524141199447, 20.04033167221967, 22.986276065602024, 21.7406005859375, 15.62333230411305, 14.125518798828125, 13.9227294921875, 14.198098575367647, 17.544744154986212], "valid": [25.96617974175347, 31.792921278211807, 25.885270860460068, 25.191786024305557, 17.19390190972222, 45.68798149956597, 26.398461235894096, 16.528459337022568, 25.53609890407986, 12.699696011013454, 29.309017605251736, 28.86318630642361, 39.796535915798614, 22.46987067328559, 27.301127115885418, 20.539215087890625, 20.27175733778212, 14.559931437174479, 19.031602647569443, 19.189809163411457]}, "1": {"train": [24.092014088350183, 26.579665240119486, 15.937395881204043, 37.82570154526655, 25.343259923598346, 38.561577292049634, 23.588335822610293, 22.687067368451288, 18.65179443359375, 27.536823945886947, 25.452372831456803, 32.112204159007355, 29.39511287913603, 19.455137365004596, 24.978086583754596, 15.467288746553308, 21.63646204331342, 27.08906285903033, 20.341960233800553, 15.212896010454964], "valid": [34.79656304253472, 18.409076266818577, 49.021341959635414, 31.36434597439236, 18.51282246907552, 17.012393527560764, 23.334569295247395, 19.922381930881077, 21.917404174804688, 16.77383253309462, 20.496729532877605, 26.23141649034288, 25.326983981662327, 22.34670681423611, 26.217090182834202, 19.57366265190972, 19.39621141221788, 23.422261555989582, 22.006727430555557, 21.977249145507812]}, "2": {"train": [28.27297125922309, 27.985524495442707, 36.59745619032118, 13.757398817274305, 16.80814446343316, 21.637652926974827, 34.564968532986114, 33.042029486762154, 28.566809760199654, 24.64834764268663, 26.564556545681423, 21.028905232747395, 14.947028266059029, 22.294969346788193, 17.05044216579861, 29.06332058376736, 23.49795362684462, 18.25076463487413, 17.158406575520832, 21.009896172417534], "valid": [28.35202980041504, 31.84054183959961, 30.43978500366211, 33.36363983154297, 30.50971794128418, 28.845138549804688, 34.78175354003906, 28.70415496826172, 32.688079833984375, 33.40557098388672, 33.388633728027344, 34.77055358886719, 30.34648323059082, 34.08494567871094, 19.193195343017578, 37.545799255371094, 24.407827377319336, 25.587894439697266, 25.723060607910156, 30.480937957763672]}}