metrics,mean
P_2,0.6
P_5,0.27999999999999997
P_10,0.18
recall_2,0.5333333333333333
recall_5,0.6333333333333333
recall_10,0.8
ndcg_cut_2,0.5547411228938166
ndcg_cut_5,0.5552527928454002
ndcg_cut_10,0.6217761232979004
map_cut_2,0.3833333333333333
map_cut_5,0.42333333333333334
map_cut_10,0.47055555555555556
success_2,1.0
success_5,1.0
success_10,1.0
aucroc,0.664983164983165
skill_coverage_2,1.0
skill_coverage_5,1.0
skill_coverage_10,1.0
