{"0": {"train": [0.5422959047205308, 0.46907615661621094, 0.4384419497321634, 0.4818532046149759, 0.4953678355497472], "valid": [0.7716841697692871, 0.5014461941189237, 0.506379657321506, 1.026906967163086, 0.9263730578952365]}, "1": {"train": [0.4196058161118451, 0.4843350017772001, 0.388278792886173, 0.5288985757266774, 0.5454993528478286], "valid": [1.1490000618828669, 0.6067834430270724, 0.45934057235717773, 0.5087347560458713, 0.6541597578260634]}, "2": {"train": [0.6659123102823893, 0.3330416679382324, 0.384274509218004, 0.3653665648566352, 0.36529069476657444], "valid": [1.0353965759277344, 1.003131628036499, 0.9957599639892578, 0.9476072788238525, 0.9469226002693176]}}