metrics,mean.after,mean.before
ndkl,0.08898144536765996,0.17103801224033496
skew.majority,0.025317807984262076,0.025317807984262076
skew.minority,-0.26236426446449096,-0.26236426446449096
