metrics,mean
before.ndkl,0.17103801224033496
after.ndkl,0.0947718052573113
before.skew.minority,-0.26236426446449096
before.skew.majority,0.025317807984262076
after.skew.minority,-0.26236426446449096
after.skew.majority,0.025317807984262076
