before.ndkl,after.ndkl,before.skew.minority,before.skew.majority,after.skew.minority,after.skew.majority
0.10034959131206456,0.10034959131206456,-0.26236426446449096,0.025317807984262076,-0.26236426446449096,0.025317807984262076
0.0660750627741903,0.08396483345856783,-0.26236426446449096,0.025317807984262076,-0.26236426446449096,0.025317807984262076
0.05501303401031115,0.0660750627741903,-0.26236426446449096,0.025317807984262076,-0.26236426446449096,0.025317807984262076
0.5220176037342419,0.1117347693708669,-0.26236426446449096,0.025317807984262076,-0.26236426446449096,0.025317807984262076
0.1117347693708669,0.1117347693708669,-0.26236426446449096,0.025317807984262076,-0.26236426446449096,0.025317807984262076
