before.ndkl,after.ndkl,before.skew.minority,before.skew.majority,after.skew.minority,after.skew.majority
0.08396483345856783,0.08396483345856783,-0.26236426446449096,0.025317807984262076,-0.26236426446449096,0.025317807984262076
0.1117347693708669,0.1117347693708669,-0.26236426446449096,0.025317807984262076,-0.26236426446449096,0.025317807984262076
0.0560608167164031,0.0560608167164031,-0.26236426446449096,0.025317807984262076,-0.26236426446449096,0.025317807984262076
0.0660750627741903,0.0660750627741903,-0.26236426446449096,0.025317807984262076,-0.26236426446449096,0.025317807984262076
0.1117347693708669,0.1117347693708669,-0.26236426446449096,0.025317807984262076,-0.26236426446449096,0.025317807984262076
