before.ndkl,after.ndkl,before.skew.minority,before.skew.majority,after.skew.minority,after.skew.majority
0.08396483345856783,0.0896518178447188,-0.26236426446449096,0.025317807984262076,-0.26236426446449096,0.025317807984262076
0.1117347693708669,0.0639660724097967,-0.26236426446449096,0.025317807984262076,-0.26236426446449096,0.025317807984262076
0.0560608167164031,0.0720644861051031,-0.26236426446449096,0.025317807984262076,-0.26236426446449096,0.025317807984262076
0.0660750627741903,0.07807980059919771,-0.26236426446449096,0.025317807984262076,-0.26236426446449096,0.025317807984262076
0.1117347693708669,0.0639660724097967,-0.26236426446449096,0.025317807984262076,-0.26236426446449096,0.025317807984262076
