P_2.before,P_5.before,P_10.before,recall_2.before,recall_5.before,recall_10.before,ndcg_cut_2.before,ndcg_cut_5.before,ndcg_cut_10.before,map_cut_2.before,map_cut_5.before,map_cut_10.before,success_2.before,success_5.before,success_10.before,skill_coverage_2.before,skill_coverage_5.before,skill_coverage_10.before,P_2.after,P_5.after,P_10.after,recall_2.after,recall_5.after,recall_10.after,ndcg_cut_2.after,ndcg_cut_5.after,ndcg_cut_10.after,map_cut_2.after,map_cut_5.after,map_cut_10.after,success_2.after,success_5.after,success_10.after,skill_coverage_2.after,skill_coverage_5.after,skill_coverage_10.after
0.50000,0.20000,0.20000,0.50000,0.50000,1.00000,0.61315,0.61315,0.79772,0.50000,0.50000,0.61111,1.00000,1.00000,1.00000,1.00000,1.00000,1.00000,0.50000,0.20000,0.20000,0.50000,0.50000,1.00000,0.61315,0.61315,0.79772,0.50000,0.50000,0.61111,1.00000,1.00000,1.00000,1.00000,1.00000,1.00000
0.50000,0.40000,0.20000,0.50000,1.00000,1.00000,0.38685,0.62405,0.62405,0.25000,0.45000,0.45000,1.00000,1.00000,1.00000,1.00000,1.00000,1.00000,0.50000,0.40000,0.20000,0.50000,1.00000,1.00000,0.38685,0.62405,0.62405,0.25000,0.45000,0.45000,1.00000,1.00000,1.00000,1.00000,1.00000,1.00000
1.00000,0.40000,0.30000,0.66667,0.66667,1.00000,1.00000,0.76536,0.91340,0.66667,0.66667,0.79167,1.00000,1.00000,1.00000,1.00000,1.00000,1.00000,1.00000,0.40000,0.30000,0.66667,0.66667,1.00000,1.00000,0.76536,0.91340,0.66667,0.66667,0.79167,1.00000,1.00000,1.00000,1.00000,1.00000,1.00000
0.50000,0.20000,0.10000,0.50000,0.50000,0.50000,0.38685,0.38685,0.38685,0.25000,0.25000,0.25000,1.00000,1.00000,1.00000,1.00000,1.00000,1.00000,0.50000,0.20000,0.10000,0.50000,0.50000,0.50000,0.38685,0.38685,0.38685,0.25000,0.25000,0.25000,1.00000,1.00000,1.00000,1.00000,1.00000,1.00000
0.50000,0.20000,0.10000,0.50000,0.50000,0.50000,0.38685,0.38685,0.38685,0.25000,0.25000,0.25000,1.00000,1.00000,1.00000,1.00000,1.00000,1.00000,0.50000,0.20000,0.10000,0.50000,0.50000,0.50000,0.38685,0.38685,0.38685,0.25000,0.25000,0.25000,1.00000,1.00000,1.00000,1.00000,1.00000,1.00000
