metrics,mean.after,mean.before
ndkl,0.085914050338179,0.085914050338179
skew.majority,0.025317807984262076,0.025317807984262076
skew.minority,-0.26236426446449096,-0.26236426446449096
