metrics,mean.after,mean.before
ndkl,0.07755819561214752,0.1596147624848225
skew.majority,0.025317807984262076,0.025317807984262076
skew.minority,-0.26236426446449096,-0.26236426446449096
