before.ndkl,after.ndkl,before.skew.minority,before.skew.majority,after.skew.minority,after.skew.majority
0.0639660724097967,0.05501303401031115,-0.26236426446449096,0.025317807984262076,-0.26236426446449096,0.025317807984262076
0.0720644861051031,0.0896518178447188,-0.26236426446449096,0.025317807984262076,-0.26236426446449096,0.025317807984262076
0.5220176037342419,0.5220176037342419,-0.26236426446449096,0.025317807984262076,-0.26236426446449096,0.025317807984262076
0.0560608167164031,0.0720644861051031,-0.26236426446449096,0.025317807984262076,-0.26236426446449096,0.025317807984262076
0.08396483345856783,0.09511507668826259,-0.26236426446449096,0.025317807984262076,-0.26236426446449096,0.025317807984262076
