{"0": {"train": [0.1789037585258484, 0.17293234169483185, 0.16737405955791473, 0.16226772964000702, 0.15753012895584106, 0.15308676660060883], "valid": [0.3196684718132019, 0.3179769217967987, 0.31637588143348694, 0.3148546516895294, 0.31340768933296204, 0.3120335638523102]}, "1": {"train": [0.17233730852603912, 0.16620425879955292, 0.16065867245197296, 0.1556047648191452, 0.15091967582702637, 0.1464751809835434, 0.1422053724527359, 0.13812287151813507, 0.13416258990764618, 0.13030752539634705], "valid": [0.34209612011909485, 0.33990538120269775, 0.33775654435157776, 0.33565041422843933, 0.33358490467071533, 0.3315523564815521, 0.32954877614974976, 0.32757389545440674, 0.32562538981437683, 0.32370173931121826]}, "2": {"train": [0.15822124481201172, 0.15480348467826843, 0.15153181552886963, 0.14842401444911957, 0.14545102417469025, 0.14259874820709229, 0.13982227444648743, 0.13711786270141602, 0.13447292149066925, 0.13188813626766205], "valid": [0.38484883308410645, 0.3811096251010895, 0.3774881362915039, 0.3739296495914459, 0.37045302987098694, 0.3670700490474701, 0.3637871742248535, 0.360602468252182, 0.35751035809516907, 0.35451260209083557]}}