{"0": {"train": [79.43162667410714, 67.73639787946429, 61.44361746651786, 64.29432198660714, 61.07826450892857, 59.74183872767857, 59.847035435267856, 52.30553501674107, 55.03279854910714, 50.690638950892854, 51.826136997767854, 48.431187220982146, 49.74328962053571, 48.382725306919646, 46.74863630022321, 45.5718017578125, 44.244782366071426, 42.95170200892857, 41.27026018415179, 40.05149623325893], "valid": [173.114013671875, 177.67054578993054, 187.86286078559027, 192.02090115017361, 192.38170030381946, 189.67599826388889, 196.51695421006946, 195.78983561197916, 195.61656358506946, 192.79201931423611, 184.24747721354166, 182.052978515625, 183.98189290364584, 175.45521375868054, 168.15568033854166, 163.73182508680554, 161.07203504774304, 153.51356336805554, 146.78621419270834, 148.23594835069446]}, "1": {"train": [61.82781808035714, 62.85779157366071, 60.06128627232143, 59.00009765625, 50.07903529575893, 51.45831124441964, 54.04500558035714, 50.47239815848214, 50.09259556361607, 50.229056222098215, 49.107920619419644, 50.03235560825893, 47.66557268415178, 46.793607003348214, 47.02095424107143, 45.326262555803574, 43.4238037109375, 42.76448800223214, 41.79628208705357, 40.05770089285714], "valid": [177.02155219184027, 166.81460232204861, 182.05617947048611, 177.67890082465277, 185.05657280815973, 188.66535101996527, 188.23550075954861, 184.35773383246527, 186.60218641493054, 185.76038953993054, 181.62331814236111, 182.50393337673611, 176.14607747395834, 172.97726779513889, 170.75663248697916, 165.87917751736111, 161.57085503472223, 157.45145670572916, 150.14251030815973, 145.63951280381946]}, "2": {"train": [72.27867606026786, 64.93720005580357, 67.25124162946429, 61.52154017857143, 55.54093540736607, 53.75465611049107, 52.962855747767854, 52.25150669642857, 51.03303571428572, 50.072073800223215, 48.95013602120536, 47.92555454799107, 50.497412109375, 46.66755719866072, 45.7309814453125, 45.11348353794643, 43.191336495535715, 42.699717494419644, 40.27030203683036, 39.42529645647321], "valid": [156.82282172309027, 168.04991319444446, 176.08964029947916, 174.63203938802084, 176.31894259982639, 180.66493055555554, 187.88273111979166, 184.43637424045139, 187.71506076388889, 188.59152560763889, 182.86490885416666, 177.77918836805554, 177.95654296875, 173.87977430555554, 170.28202311197916, 164.89105902777777, 158.49074978298611, 156.16139051649304, 150.4501953125, 143.86604817708334]}, "3": {"train": [75.31997767857143, 63.368136160714286, 63.21462053571429, 58.0226806640625, 57.580130440848215, 53.68170340401786, 57.62463727678571, 58.862583705357146, 52.457917131696426, 52.16377650669643, 49.85656040736607, 51.04998604910714, 50.054411969866074, 47.48189174107143, 48.88758719308036, 44.88438546316964, 43.96175362723214, 42.57698800223214, 41.2033203125, 39.802699497767854], "valid": [165.352294921875, 171.54519314236111, 180.68919542100696, 185.99118381076389, 195.27067057291666, 204.34925672743054, 196.26449924045139, 188.013916015625, 188.75983344184027, 186.64912923177084, 186.73261176215277, 185.64668782552084, 181.63062879774304, 175.27313910590277, 172.93775770399304, 172.92898220486111, 161.66451009114584, 157.82823350694446, 152.88126627604166, 145.16229926215277]}, "4": {"train": [66.91212293836806, 57.80267333984375, 55.84166802300347, 52.693820529513886, 60.180813259548614, 57.628323025173614, 52.65406629774306, 51.162807888454864, 49.51507568359375, 48.844567192925346, 48.030490451388886, 48.43230523003472, 46.54425387912326, 45.68077935112847, 45.247212727864586, 43.91166517469618, 42.24120415581597, 41.54277547200521, 40.65399169921875, 38.94429185655382], "valid": [177.6390838623047, 182.0863037109375, 187.88487243652344, 205.2042999267578, 211.4244384765625, 201.48011779785156, 209.20599365234375, 210.11683654785156, 209.90640258789062, 206.6556396484375, 207.34812927246094, 201.46495056152344, 197.40866088867188, 193.91281127929688, 191.24044799804688, 187.52426147460938, 180.80975341796875, 174.26568603515625, 169.68621826171875, 162.16583251953125]}}