{"0": {"train": [1104.0977783203125, 1433.1373291015625, 1569.3341064453125, 1431.8516845703125, 1591.6375732421875, 1632.8072509765625, 1746.5220947265625, 1803.0362548828125, 1888.306640625, 1755.416015625, 1419.5987548828125, 1508.6640625, 1726.014404296875, 1763.8978271484375, 1785.2374267578125, 1986.7181396484375, 1930.140380859375, 1843.88623046875, 1508.75634765625, 1997.9129638671875, 1918.337890625, 1915.3690185546875, 1795.7247314453125, 1636.230712890625, 1965.16845703125, 1872.05322265625, 1857.13720703125, 1573.201904296875, 1932.3037109375, 1812.16357421875, 2023.528076171875, 1848.747802734375, 1887.492919921875, 1852.896728515625, 1777.8568115234375, 1721.9991455078125, 1804.21728515625, 1547.5557861328125, 1615.37060546875, 1615.3724365234375, 1688.3560791015625, 1691.1854248046875, 1891.1512451171875, 1684.577392578125, 1967.8636474609375, 1813.1651611328125, 1635.083740234375, 1721.6368408203125, 1789.021240234375, 1539.5550537109375, 1518.6885986328125, 1433.595458984375, 1512.3330078125, 1679.442626953125, 1628.3343505859375, 1587.899169921875, 1511.658447265625, 1808.7347412109375, 1722.14013671875, 1687.8135986328125, 1561.566650390625, 1749.00439453125, 1691.185302734375, 1691.61669921875, 1796.5926513671875, 1630.6143798828125, 1611.2198486328125, 1385.212890625, 1920.44580078125, 1797.9537353515625, 1570.594482421875, 1871.02978515625, 1559.5240478515625, 1806.177001953125, 1909.32666015625, 1688.6082763671875, 1614.2017822265625, 1503.0191650390625, 1451.5, 1838.699951171875, 1607.8604736328125, 1785.8751220703125, 1689.94677734375, 1691.14111328125, 1521.29052734375, 1692.5625, 1508.8477783203125, 1694.912841796875, 1520.913330078125, 1521.07861328125, 1923.02783203125, 1808.7352294921875, 1981.232421875, 1646.818115234375, 1780.88916015625, 1633.659912109375, 1713.443603515625, 1691.1832275390625, 1684.0042724609375, 1869.90966796875], "valid": [863.2047526041666, 938.8850911458334, 856.3485785590278, 883.8948567708334, 787.2206488715278, 1042.4063585069443, 987.3332248263889, 1263.3245442708333, 1057.9444444444443, 1082.2594401041667, 967.7573784722222, 869.2489691840278, 897.4261067708334, 1084.0594618055557, 1139.1442057291667, 918.2439236111111, 1235.836697048611, 1139.1546223958333, 1132.4193793402778, 1235.83984375, 994.1343315972222, 1139.162109375, 1118.3599175347222, 1084.0908203125, 1111.6265190972222, 1145.9019097222222, 1014.9484592013889, 994.1429036458334, 994.1449652777778, 1063.2887369791667, 1263.3868272569443, 1063.289822048611, 994.1435546875, 1139.1692708333333, 1021.6861979166666, 1084.091579861111, 1021.6843532986111, 1263.390842013889, 966.6097005208334, 1139.1763237847222, 966.60546875, 994.1469184027778, 966.6072048611111, 1021.6886935763889, 869.9278971354166, 969.0625, 994.1481119791666, 1111.6370442708333, 1159.9786241319443, 994.1483289930555, 1084.0916883680557, 1021.6904296875, 1111.6343315972222, 1084.093532986111, 1084.099826388889, 1111.629123263889, 1084.0950520833333, 966.6095920138889, 887.6813693576389, 1173.4501953125, 918.2686631944445, 1111.6360677083333, 926.3428819444445, 994.1495225694445, 1159.9735243055557, 1042.490993923611, 966.6119791666666, 1084.0950520833333, 1084.0940755208333, 1084.0938585069443, 911.5325520833334, 945.8118489583334, 918.2707248263889, 1132.4370659722222, 1111.6342230902778, 918.2719184027778, 1035.751953125, 1132.4358723958333, 1035.753146701389, 1035.7532552083333, 994.1460503472222, 918.2684461805555, 890.7345377604166, 1111.6299913194443, 890.7314453125, 994.1462673611111, 918.2715928819445, 883.9916449652778, 1235.855251736111, 966.6060112847222, 922.3248697916666, 1132.4381510416667, 890.7317165798611, 939.0698784722222, 994.1528862847222, 939.0708550347222, 994.1522352430555, 1021.6893446180555, 1035.7545572916667, 1111.634982638889]}, "1": {"train": [1419.0172334558824, 1828.6686580882354, 2097.9802389705883, 1324.159237132353, 2104.4919577205883, 1479.9577205882354, 1789.971622242647, 1487.5425091911766, 1916.290096507353, 1384.6810661764705, 1541.3448988970588, 1599.6224724264705, 1618.9265854779412, 1535.038028492647, 1353.3653492647059, 1294.0541130514705, 1395.6324678308824, 1312.0980009191176, 1374.0196461397059, 1392.3038832720588, 1415.8543198529412, 1318.2084099264705, 1352.861328125, 1312.1108685661766, 1312.1120174632354, 1304.307674632353, 1312.1168428308824, 1308.8741957720588, 1267.3887867647059, 1264.8430606617646, 1309.7195542279412, 1312.1237362132354, 1312.1261488970588, 1309.6977251838234, 1312.1277573529412, 1371.360294117647, 1270.8513327205883, 1312.1263786764705, 1352.2886029411766, 1270.854549632353, 1270.8527113970588, 1312.1307444852941, 1270.8540900735295, 1309.4294577205883, 1394.1815257352941, 1309.7018612132354, 1312.1329273897059, 1312.1297104779412, 1270.8553538602941, 1312.1307444852941, 1309.7063419117646, 1302.7103630514705, 1348.5508961397059, 1270.8529411764705, 1309.7017463235295, 1264.9269301470588, 1270.8529411764705, 1307.1193704044117, 1311.7365579044117, 1269.4300321691176, 1312.1341911764705, 1342.599609375, 1270.8547794117646, 1311.6170726102941, 1312.1309742647059, 1312.127872242647, 1309.701171875, 1353.4060202205883, 1266.9488740808824, 1352.9711626838234, 1273.2859604779412, 1350.9772518382354, 1348.5526194852941, 1335.3477711397059, 1270.8542049632354, 1304.1232766544117, 1270.8551240808824, 1309.7043887867646, 1312.1315487132354, 1312.1305147058824, 1345.5543428308824, 1350.9773667279412, 1350.9792049632354, 1270.8575367647059, 1267.6039751838234, 1312.131778492647, 1309.7035845588234, 1346.4766773897059, 1350.98046875, 1312.1295955882354, 1270.8547794117646, 1309.7039292279412, 1353.405330882353, 1312.1324678308824, 1270.8590303308824, 1270.4610523897059, 1270.8575367647059, 1353.4065946691176, 1309.9172794117646, 1312.1315487132354], "valid": [849.2149658203125, 883.7561645507812, 1021.722900390625, 1150.3326416015625, 648.0385131835938, 535.7921752929688, 994.2791137695312, 821.7919921875, 716.8302612304688, 672.2178344726562, 587.2386474609375, 663.0618896484375, 711.4048461914062, 469.70672607421875, 711.4202270507812, 469.7233581542969, 587.2770385742188, 663.093505859375, 601.0205078125, 711.4446411132812, 456.0049133300781, 456.01568603515625, 531.8303833007812, 469.75665283203125, 456.0280456542969, 518.1075439453125, 456.0336608886719, 531.8488159179688, 456.0415954589844, 469.7768859863281, 531.8592529296875, 456.0509948730469, 456.04510498046875, 456.0498962402344, 456.05023193359375, 469.789794921875, 531.8639526367188, 456.04888916015625, 469.7928161621094, 580.2127075195312, 531.868408203125, 469.7962341308594, 469.7925720214844, 456.0559997558594, 469.7964782714844, 469.79534912109375, 469.7931823730469, 469.7935791015625, 531.8745727539062, 469.7936706542969, 456.0554504394531, 469.7962341308594, 469.7929382324219, 469.7967224121094, 456.0570983886719, 518.1423950195312, 469.79168701171875, 531.871826171875, 469.7969055175781, 469.7964172363281, 531.8687133789062, 456.05340576171875, 469.79266357421875, 469.79742431640625, 469.797119140625, 531.869384765625, 456.0567626953125, 469.7894592285156, 469.7994384765625, 531.3974609375, 531.87158203125, 531.86865234375, 456.05877685546875, 469.7923583984375, 518.1390380859375, 469.7980041503906, 469.7991638183594, 456.062255859375, 469.79132080078125, 469.7997131347656, 469.7937316894531, 531.8779296875, 531.8724365234375, 518.1348876953125, 456.05908203125, 531.8712158203125, 456.06060791015625, 507.3968505859375, 469.7949523925781, 531.8699951171875, 531.8701171875, 469.7937316894531, 469.7968444824219, 469.7904357910156, 469.79071044921875, 469.791259765625, 469.7981262207031, 531.8696899414062, 518.1390380859375, 531.8735961914062]},