{"0": {"train": [6.066019109323211, 5.421776320349057, 5.460792700666553, 5.485935812578445, 5.594698923534528, 5.496433622643226, 5.582696728363305, 5.58250685773832, 5.599427169172079, 5.724927677683348, 5.62376357339051, 5.66040396062829, 4.900395243394256, 4.62475454680379, 4.636897483404721, 4.6760777899432915, 4.673678101561738, 4.6516910105984355, 4.68954345679325, 4.6950250992651315], "valid": [5.34938603316109, 5.458580866651244, 5.509374636378202, 5.469254491928586, 5.51597918381337, 5.539889815741603, 5.70736688386628, 5.577896589349376, 5.703401262136972, 5.672381205329728, 5.636075405946614, 5.871663912786816, 4.68823060376601, 4.65904569001177, 4.689827802994812, 4.696788490376321, 4.668586319264812, 4.703467470812782, 4.81029689929222, 4.777948076101816]}, "1": {"train": [6.084179292419636, 5.395350746635248, 5.408585001111937, 5.504512211648454, 5.498135800211953, 5.511736510766369, 5.561612542402119, 5.603528876852213, 5.646306146155744, 5.56994210025864, 5.651312855619928, 5.6430289592954885, 5.619709282494075, 4.8434040119411375, 4.633049206688149, 4.634515718819687, 4.657324779240517, 4.670928770627955, 4.677889934323363, 4.695617091490711], "valid": [5.44697834950124, 5.381654616824107, 5.470215626679133, 5.6110797532260674, 5.578069178818615, 5.568807886305706, 5.599564950315936, 5.683428409169483, 5.614981788735203, 5.708452644752698, 5.770595426791472, 5.604928552695386, 5.633203505279865, 4.6718405915734476, 4.683260103203101, 4.6640700151677885, 4.691918295171956, 4.7665085866907875, 4.724207051753701, 4.752300597992229]}, "2": {"train": [6.051604878332559, 5.402310155199032, 5.428690659482031, 5.506550760097365, 5.544084399164648, 5.493771272582103, 5.57493505988842, 5.554581682088734, 5.62456577482196, 5.634310826695226, 5.673854164778605, 5.623565767834546, 5.589256181310104, 4.8900566300391635, 4.623787793151527, 4.624921646243109, 4.6495953735170685, 4.648644323645744, 4.6566064735382255, 4.679302713869701], "valid": [5.44274505581913, 5.41180386124526, 5.4561741992103725, 5.57308918785294, 5.538895691041733, 5.651969965600201, 5.547652600838342, 5.6697200072423435, 5.730450013892138, 5.699019457505137, 5.6417529508227435, 5.6227709529664285, 5.863196739966738, 4.693870164808441, 4.732530166942529, 4.698588081946557, 4.704160684059868, 4.724080041871393, 4.743659395971493, 4.762448051570451]}, "3": {"train": [6.030414439991708, 5.506667915896972, 5.557976232530323, 5.5363873319098555, 5.575625431144386, 5.575994276641581, 5.599222725400647, 5.639725042023488, 5.61956607188225, 5.729482701181166, 5.726225464371728, 5.642842008163356, 4.870177238563716, 4.645260707697853, 4.661132298439571, 4.654907288440144, 4.679453100344139, 4.722226237261583, 4.712498443301267, 4.721050758364791], "valid": [5.420051723462969, 5.560209253763673, 5.612620128630997, 5.606843423850822, 5.725299231255971, 5.709150867405631, 5.596915338326125, 5.65532161776314, 5.716850124865496, 5.668560265490648, 5.718278310392264, 5.644312638273999, 4.667795355318861, 4.67861518151785, 4.682302634144439, 4.713859109457561, 4.778944701862826, 4.746698165605563, 4.759693793732818, 4.772752989437405]}, "4": {"train": [6.07013295249579, 5.403261297886823, 5.4992383290385805, 5.543576394415568, 5.548349270571099, 5.65924199233791, 5.574566238190318, 5.627727652231951, 5.663941298354428, 5.68568280471484, 5.6144263910018255, 5.673748857357903, 4.876625717295171, 4.642099453824122, 4.638292284211902, 4.638868443616177, 4.651911378771376, 4.7057701193541694, 4.686040915630727, 4.693059280325301], "valid": [5.453268100831944, 5.486018284232545, 5.531934981821405, 5.6702463247905825, 5.872246967911293, 5.638147735238689, 5.671871943958016, 5.649610758311216, 5.796144113286276, 5.653588166011512, 5.743313054067076, 5.704717183592836, 4.678616531031717, 4.708020229455629, 4.664341425713465, 4.706677039501503, 4.693433838652256, 4.745208678351905, 4.692669849577234, 4.728011601801652]}}