{"0": {"train": [5.421448486946925, 5.158999559413994, 5.281059561744492, 5.247484050891301, 5.286958449540907, 5.256125468765232, 5.353727659395411, 5.376233164816485, 5.303232785539335, 5.360204020214025, 5.198166255910022, 5.321773359626328, 4.673546992000908, 4.538058784649976, 4.575280338078359, 4.56808551409761, 4.561806580410945, 4.59371904271647, 4.595566142188757, 4.578537393690062], "valid": [5.069153841034145, 5.22908088555577, 5.309254944361677, 5.234311599398284, 5.460086620233242, 5.357169269697412, 5.480148177405707, 5.341274344764943, 5.4104730269348185, 5.258623329015054, 5.285193402248104, 5.384397852963682, 4.597349287046169, 4.547383658824975, 4.597382118905698, 4.565393289624343, 4.625758547672835, 4.590474990778095, 4.574747762602713, 4.595921452760845]}, "1": {"train": [5.43913423326611, 5.176080995806246, 5.175509694129734, 5.234636812141286, 5.26343748881399, 5.2437727302109485, 5.241299293891429, 5.274020455357252, 5.357496364308649, 5.253144007887518, 5.255571656534839, 5.310696891298255, 4.691593889372928, 4.554138700649227, 4.539363146637076, 4.565250025894424, 4.579904201579712, 4.561496378660062, 4.58853136919051, 4.571633325057272], "valid": [5.1696360392341445, 5.177329503069501, 5.273673211643269, 5.199542340084083, 5.298561686362911, 5.2666257404938985, 5.3450726266957345, 5.370663662516022, 5.298439637467925, 5.262746081527738, 5.368516756606265, 5.529378611373663, 4.579500353046305, 4.569676161853507, 4.581933671804941, 4.592956120567774, 4.560027119522903, 4.659090380035039, 4.582357838536082, 4.623121512657542]}, "2": {"train": [5.452164419781518, 5.1793656850822405, 5.2614069640204155, 5.283934521134053, 5.2357626704281675, 5.280958094593516, 5.292778519082533, 5.183197854452662, 5.301323814603307, 5.297953446421043, 5.32131469293419, 5.3524865188604585, 4.681891838715711, 4.544143041916982, 4.573295226160695, 4.512172474965638, 4.543134564237067, 4.531649696857613, 4.552469448246376, 4.558662913736776], "valid": [5.1396330597061874, 5.342933751179004, 5.358179687728489, 5.518387454884823, 5.216262450848182, 5.381082118570926, 5.285732732810611, 5.29387583752687, 5.31525541218371, 5.410910278377435, 5.536686627285805, 5.519235394670781, 4.575303325971414, 4.650482641852901, 4.5721162347670115, 4.541987595106693, 4.595008202711815, 4.60904749654753, 4.656913818016641, 4.593316975035584]}, "3": {"train": [5.427998430706786, 5.213466026403133, 5.216701747641719, 5.280909901428342, 5.3352981302022915, 5.32350030652281, 5.380369062497334, 5.367886548405606, 5.367078400193683, 5.299299442255859, 5.3969666755376995, 5.3618111573598375, 5.221474483382597, 4.673696977713082, 4.543994212498264, 4.580297226598294, 4.578355986865794, 4.582253345524308, 4.617291873901244, 4.604649648255104], "valid": [5.214018285451154, 5.11326409903541, 5.251345086889843, 5.296934611859438, 5.480831778750481, 5.667578783334278, 5.42552864575717, 5.320202956127499, 5.261851209427187, 5.352501511741142, 5.3896434154995445, 5.483004557958093, 5.323691801726586, 4.551534765466962, 4.594466806071687, 4.691874430157655, 4.570623811666167, 4.670081612696014, 4.665416740735223, 4.690007689515731]}, "4": {"train": [5.490590630776516, 5.159369246093065, 5.262398543748675, 5.215491674382015, 5.275529671206188, 5.315475908910243, 5.304645693321677, 5.312481327230915, 5.391876357547915, 5.320146552488007, 5.321716301454022, 5.337596075514182, 5.2785521156747155, 5.309805410659267, 5.3111576858850125, 5.296906834857973, 5.375454277104617, 5.269029657916774, 4.667442034403285, 4.543136184955363], "valid": [5.217264380400721, 5.345199199385547, 5.297644489474573, 5.293389667421137, 5.395012995509123, 5.274586286174397, 5.201523743485014, 5.383561663463249, 5.4462687222081065, 5.292082290756518, 5.290299516296149, 5.344091848285052, 5.206551287182035, 5.236504737569582, 5.3537827430621565, 5.3732432137969655, 5.367899367374556, 5.352051778509806, 4.550365727064186, 4.512982570926069]}}