{"0": {"train": [4216.293372993119, 143.7585342603211, 135.23399440940366, 135.23478569380734, 135.2352981651376, 135.23559991399082, 135.23576404816515, 135.2358672591743, 135.23593606651377, 135.23595685206422, 135.23598265481652, 135.23596903669724, 135.235997706422, 135.23600272362384, 135.23599627293578, 135.23599842316514, 135.2359934059633, 135.23598982224772, 135.23599913990824, 135.2359934059633], "valid": [199.53887041284403, 135.13237098623853, 135.1644380733945, 135.12934633027524, 135.12981938073395, 135.13010894495412, 135.13029529816515, 135.13039564220185, 135.13043291284404, 135.13049025229358, 135.130498853211, 135.13047018348624, 135.13055905963301, 135.13048165137616, 135.13048165137616, 135.1305246559633, 135.13048165137616, 135.1304873853211, 135.13053038990824, 135.13051605504586]}, "1": {"train": [4485.182942947247, 148.89014048165137, 135.22709217316515, 135.2220692373853, 135.22252795298166, 135.2228533543578, 135.2230060206422, 135.22310779816513, 135.22317588876146, 135.22321459288992, 135.22322749426604, 135.2232432626147, 135.22325401376148, 135.2232360951835, 135.2232260607798, 135.22322821100917, 135.22323824541283, 135.22322104357798, 135.22323394495413, 135.22324182912843], "valid": [180.4441026376147, 135.19316513761467, 135.17914277522937, 135.1799512614679, 135.18043577981652, 135.1807626146789, 135.18088016055046, 135.1809776376147, 135.18105504587157, 135.181063646789, 135.18106651376146, 135.181123853211, 135.18112098623854, 135.18112098623854, 135.18108944954128, 135.18110951834862, 135.18105504587157, 135.18110665137615, 135.18108084862385, 135.181123853211]}, "2": {"train": [4311.260963302752, 146.11659475344035, 135.08985808486239, 135.0906995412844, 135.09120054472476, 135.09152737958715, 135.09171158256882, 135.09180547591743, 135.09187356651375, 135.09190653669725, 135.09190725344035, 135.09193520642202, 135.09192875573393, 135.09194452408258, 135.09195169151377, 135.0919466743119, 135.091953125, 135.09193663990825, 135.09193879013762, 135.09193950688072], "valid": [180.9813876146789, 135.70405389908257, 135.70536697247707, 135.7061754587156, 135.70665424311926, 135.7069782110092, 135.70714449541285, 135.70723623853212, 135.70733944954128, 135.70737098623854, 135.7073480504587, 135.70738245412844, 135.70737672018348, 135.7073881880734, 135.70736811926605, 135.7073881880734, 135.70736811926605, 135.70738245412844, 135.70737672018348, 135.7073623853211]}, "3": {"train": [4503.389065366972, 149.36597548738533, 137.105859375, 135.30287772362385, 135.30338732798165, 135.30370269495413, 135.30386969610092, 135.30394853784404, 135.304044581422, 135.30406034977065, 135.30409403669725, 135.30408686926606, 135.30411267201836, 135.30409475344035, 135.3041004873853, 135.30409762041285, 135.3040997706422, 135.30411267201836, 135.30409547018348, 135.3041033543578], "valid": [183.9547993119266, 134.8547219036697, 134.85598337155963, 134.85679759174312, 134.8572993119266, 134.85760321100918, 134.85776662844037, 134.85787844036696, 134.85787844036696, 134.85797018348623, 134.85794724770642, 134.85797878440366, 134.857998853211, 134.8579615825688, 134.8579759174312, 134.8579873853211, 134.85798451834862, 134.85797305045872, 134.85804185779816, 134.85797018348623]}, "4": {"train": [4241.582875573395, 146.4100967603211, 135.21664564220183, 135.23868047591742, 135.21636324541285, 135.2166628440367, 135.21686138188073, 135.21696172591743, 135.2170240825688, 135.21703125, 135.21705418577983, 135.2170756880734, 135.21708930619266, 135.21708142201834, 135.21704701834864, 135.21707783830274, 135.21707712155964, 135.2170871559633, 135.21709504013762, 135.2170828555046], "valid": [191.7035120412844, 135.20129013761468, 137.1245871559633, 135.205498853211, 135.20601777522936, 135.20625573394494, 135.20646788990825, 135.20654529816514, 135.2066112385321, 135.20668291284403, 135.20667144495414, 135.20671731651376, 135.20667717889907, 135.20668291284403, 135.20674598623853, 135.2067345183486, 135.20669438073395, 135.2066743119266, 135.20672018348623, 135.206748853211]}}