{"0": {"train": [4.534609509389335, 4.120048088983658, 3.9337931165782685, 3.817238388761468, 3.7368085444739108, 3.6538004407970184, 3.5965073555762617, 3.5554817857654815, 3.524127992402523, 3.4911666338159404, 3.4788109679615826, 3.4430068493764336, 3.4297701494409405, 3.412223426748853, 3.422546140338303, 3.37577627759461, 3.3633021251433486, 3.3673551730934634, 3.3722767345183486, 3.337149378225344], "valid": [4.251378028239679, 3.970971814076835, 3.859743405963303, 3.7990549741972477, 3.745793972190367, 3.724392560206422, 3.7135914205848626, 3.7104071100917433, 3.7197084647362386, 3.6733367975917433, 3.716644387901376, 3.6840331135321103, 3.6974448107798166, 3.695495448681193, 3.707010822821101, 3.749708285550459, 3.758723659690367, 3.74774387184633, 3.7969577838302753, 3.8095239929759175]}, "1": {"train": [4.564635200150516, 4.219416615897362, 3.9931081565366973, 3.8892294115538992, 3.7720535810278095, 3.6847649082568807, 3.642747052393922, 3.60280291356078, 3.554221661768922, 3.534988464915424, 3.5277506361095186, 3.4931129497563074, 3.4605589252436926, 3.4724087944380733, 3.4540007928970757, 3.4615719520498853, 3.4104409762041286, 3.4260950043004588, 3.4013585641843465, 3.374513644997133], "valid": [4.304154601490826, 3.983575473050459, 3.866560349770642, 3.773765947534404, 3.72587872706422, 3.707953340022936, 3.6417425817087157, 3.629304311209862, 3.6662586009174314, 3.637139836582569, 3.6241313073394497, 3.6189144925458714, 3.6647856938073393, 3.65973596975344, 3.6548784224483946, 3.670550458715596, 3.652635822821101, 3.6509769208715595, 3.7007521323107797, 3.71791033543578]}, "2": {"train": [4.5258239410120416, 4.158082443377293, 3.923118325329702, 3.8316944255303897, 3.7210141019208716, 3.65602521143922, 3.602566298738532, 3.5621571728067662, 3.5303697946530965, 3.535663838517775, 3.4859956009891055, 3.486004358694094, 3.461791275444381, 3.4233166839879585, 3.4148636172233373, 3.4033804965237957, 3.3879134711869265, 3.3722978112456996, 3.372542310242259, 3.3788103856077982], "valid": [4.275706529529817, 3.961247312213303, 3.8762643348623853, 3.804457963016055, 3.761896681479358, 3.732048810206422, 3.6913197032683485, 3.6826528454701837, 3.6769538417431193, 3.6967156142488533, 3.71669921875, 3.69560537915711, 3.707130698107798, 3.725538990825688, 3.7111301247133026, 3.7351655676605504, 3.736956887901376, 3.735525103927752, 3.784673881880734, 3.7821910837155963]}, "3": {"train": [4.555570706708716, 4.215565331135321, 4.0059263232869835, 3.8958230226849198, 3.788809355289564, 3.7188003064076836, 3.6756783525659404, 3.614375761539564, 3.574895400301032, 3.547920683414564, 3.5401683002436926, 3.520285084575688, 3.4894921875, 3.4822486471473626, 3.473819300100344, 3.472536285120413, 3.447904982260608, 3.4274136324541282, 3.411026555332569, 3.422582873423165], "valid": [4.318989929759175, 4.041160765481651, 3.920252024799312, 3.841311281536697, 3.7677770212155965, 3.7243581565366974, 3.737834719036697, 3.6971324003727064, 3.6878552358084864, 3.6836817302178897, 3.711776447821101, 3.6716823752866974, 3.6779737672018347, 3.656030318233945, 3.7105924777809633, 3.676957963016055, 3.67536096975344, 3.7778571172591744, 3.6876883242545873, 3.7047572928612387]}, "4": {"train": [4.593365556909403, 4.240574469610092, 3.9872408077694956, 3.8756932473838877, 3.7645705812786696, 3.684906039456709, 3.638954361381881, 3.578677832927179, 3.5485509693950688, 3.533848081816227, 3.4919007131594038, 3.488757525802752, 3.465092191083716, 3.4608939354572823, 3.4456295244409403, 3.413543846760321, 3.4039479554902523, 3.4010024548451834, 3.3780291132095757, 3.3802650157683485], "valid": [4.3927687786697245, 4.068228031823394, 3.9652567732224773, 3.8864546301605505, 3.804918918434633, 3.7783668112098625, 3.7475911159690365, 3.7337629909690366, 3.72723641771789, 3.7215934991399084, 3.717672824684633, 3.715648294151376, 3.7330386324541283, 3.8026854572821103, 3.778767560206422, 3.785374856651376, 3.7974191872133027, 3.7883413668291284, 3.736630053038991, 3.7949770642201837]}}