{"0": {"train": [92.13124593098958, 90.49899291992188, 92.12025960286458, 91.25044759114583, 66.42637634277344, 80.87613423665364, 63.93592834472656, 74.57194519042969, 35.71698506673177, 48.92577616373698, 18.49446741739909, 16.05859883626302, 40.463470458984375, 29.443639119466145, 27.68560028076172, 29.24791971842448, 16.605398813883465, 28.210286458333332, 29.361968994140625, 17.360867818196613], "valid": [41.779701232910156, 41.49660110473633, 30.21224021911621, 27.069730758666992, 33.26275634765625, 46.29740524291992, 34.068077087402344, 40.51551818847656, 21.508167266845703, 62.67539978027344, 69.7690200805664, 44.761173248291016, 30.115724563598633, 32.662925720214844, 43.76112365722656, 82.4058837890625, 47.35444259643555, 45.175296783447266, 80.65745544433594, 63.9141960144043]}, "1": {"train": [53.278422037760414, 48.3169199625651, 24.37639617919922, 41.42422231038412, 34.75684611002604, 23.55335235595703, 49.71375020345052, 45.173248291015625, 35.089159647623696, 31.622487386067707, 17.359130859375, 28.14715830485026, 4.311622619628906, 37.00609588623047, 19.77562077840169, 15.14072036743164, 6.716302235921224, 9.19766934712728, 5.5483048756917315, 2.878843307495117], "valid": [81.77006530761719, 70.34302520751953, 81.10961151123047, 84.91326141357422, 86.2084732055664, 83.6229476928711, 76.06214904785156, 63.02696228027344, 48.42023849487305, 55.556968688964844, 77.30490112304688, 62.47028732299805, 57.27348327636719, 38.475135803222656, 57.58352279663086, 39.174583435058594, 53.198219299316406, 43.65090560913086, 46.80992126464844, 63.77613067626953]}, "2": {"train": [59.722198486328125, 52.7572021484375, 47.57803726196289, 57.49628448486328, 39.52712631225586, 66.95552062988281, 48.408714294433594, 57.11254119873047, 46.94757080078125, 38.220489501953125, 39.49308395385742, 40.85315704345703, 49.644256591796875, 57.13679122924805, 30.507047653198242, 38.89419174194336, 43.440673828125, 37.23934555053711, 30.62607192993164, 31.28502082824707], "valid": [90.33849334716797, 94.3648452758789, 83.0992660522461, 75.97840118408203, 85.16509246826172, 79.81172943115234, 83.11127471923828, 85.0451889038086, 83.02715301513672, 84.22272491455078, 83.03424835205078, 83.84162902832031, 92.31924438476562, 72.98580169677734, 89.27639770507812, 96.87238311767578, 83.89350128173828, 96.8973388671875, 83.1811294555664, 96.9019546508789]}}