{"0": {"train": [119.70804850260417, 119.7080586751302, 119.7080586751302, 119.7080586751302, 119.7080586751302, 119.7080586751302, 119.7080586751302, 119.70804850260417, 119.7080586751302, 119.7080586751302, 119.7080586751302, 119.7080586751302, 119.70804850260417, 119.6538798014323, 119.7080586751302, 119.7080586751302, 119.70804850260417, 119.7080586751302, 119.70804850260417, 119.70804850260417], "valid": [79.41280364990234, 79.41280364990234, 79.41280364990234, 79.41280364990234, 79.41280364990234, 79.41280364990234, 79.41280364990234, 79.41280364990234, 79.41280364990234, 79.41280364990234, 79.41280364990234, 79.41280364990234, 79.41280364990234, 79.41280364990234, 79.41280364990234, 79.41280364990234, 79.41280364990234, 79.41280364990234, 79.41280364990234, 79.41280364990234]}, "1": {"train": [62.28445943196615, 78.45460001627605, 72.90172831217448, 41.147326151529946, 38.94802602132162, 15.215457916259766, 10.694076538085938, 8.518257141113281, 18.864299774169922, 4.69395637512207, 4.019359906514485, 1.8406327565511067, 2.814202308654785, 4.280701319376628, 3.61665407816569, 2.3084239959716797, 4.000770568847656, 3.5488363901774087, 1.786465009053548, 0.07802966733773549], "valid": [92.63462829589844, 77.1732177734375, 63.2367057800293, 48.92854309082031, 34.33641052246094, 22.21820068359375, 12.083303451538086, 8.463582992553711, 6.1765971183776855, 5.598148345947266, 6.186030864715576, 7.075680255889893, 8.448803901672363, 11.15627670288086, 15.135971069335938, 20.01589012145996, 23.506803512573242, 25.753475189208984, 27.578107833862305, 29.161169052124023]}, "2": {"train": [72.69989776611328, 69.13251495361328, 52.158050537109375, 57.39524459838867, 32.067344665527344, 20.693161010742188, 8.016307830810547, 9.075761795043945, 18.748149871826172, 6.1561665534973145, 7.557050704956055, 4.147355079650879, 6.911244869232178, 8.067495346069336, 4.908259391784668, 3.775930404663086, 5.821811199188232, 4.197275161743164, 5.1433892250061035, 1.5345704555511475], "valid": [105.66851806640625, 96.23883056640625, 90.18666076660156, 80.7244644165039, 53.625030517578125, 28.933963775634766, 11.114261627197266, 4.845069408416748, 1.8629246950149536, 0.7384592890739441, 0.18807561695575714, 0.0709676742553711, 0.03505935147404671, 0.02012001909315586, 0.02219364047050476, 0.0520985908806324, 0.15922385454177856, 0.3727901875972748, 0.6842747926712036, 1.2875025272369385]}}