P_2,P_5,P_10,recall_2,recall_5,recall_10,ndcg_cut_2,ndcg_cut_5,ndcg_cut_10,map_cut_2,map_cut_5,map_cut_10,success_2,success_5,success_10,skill_coverage_2,skill_coverage_5,skill_coverage_10
0.50000,0.40000,0.30000,0.33333,0.66667,1.00000,0.38685,0.49819,0.65462,0.16667,0.33333,0.47619,1.00000,1.00000,1.00000,1.00000,1.00000,1.00000
0.00000,0.40000,0.20000,0.00000,1.00000,1.00000,0.00000,0.57064,0.57064,0.00000,0.41667,0.41667,0.00000,1.00000,1.00000,0.50000,1.00000,1.00000
0.00000,0.40000,0.20000,0.00000,1.00000,1.00000,0.00000,0.50127,0.50127,0.00000,0.32500,0.32500,0.00000,1.00000,1.00000,0.50000,1.00000,1.00000
0.50000,0.40000,0.20000,0.50000,1.00000,1.00000,0.61315,0.85034,0.85034,0.50000,0.70000,0.70000,1.00000,1.00000,1.00000,1.00000,1.00000,1.00000
0.50000,0.40000,0.20000,0.50000,1.00000,1.00000,0.38685,0.65092,0.65092,0.25000,0.50000,0.50000,1.00000,1.00000,1.00000,1.00000,1.00000,1.00000
0.00000,0.00000,0.10000,0.00000,0.00000,0.50000,0.00000,0.00000,0.20438,0.00000,0.00000,0.07143,0.00000,0.00000,1.00000,0.50000,0.50000,0.50000
