metrics,mean
P_2,0.0
P_5,0.19999999999999998
P_10,0.18333333333333335
recall_2,0.0
recall_5,0.47222222222222215
recall_10,0.8333333333333334
ndcg_cut_2,0.0
ndcg_cut_5,0.271459262949693
ndcg_cut_10,0.42758157790623397
map_cut_2,0.0
map_cut_5,0.13518518518518516
map_cut_10,0.248941798941799
success_2,0.0
success_5,1.0
success_10,1.0
aucroc,0.5656804733727812
skill_coverage_2,0.8333333333333334
skill_coverage_5,0.9166666666666666
skill_coverage_10,0.9166666666666666
