{"train": [1.6266493688930164, 1.4454523216594348, 1.3185785900462756, 1.2039192481474443, 1.143772236325524, 1.0654220445589586, 1.0348200472918423, 0.9941391836513173, 0.9757527546449141, 0.9510390731421384, 0.9315411096269434, 0.9102302735502069, 0.8990634896538474, 0.8878157274289564, 0.8790384395556017, 0.8713370751250874, 0.8660715628754009, 0.8641406108032573, 0.8560789633880962, 0.8545511039820585, 0.8457812016660516, 0.8454063968224959, 0.8444519991224463, 0.8364983336492018, 0.8406949720599435, 0.8371533561836589, 0.8385428623719648, 0.8326970122077249, 0.832397227937525, 0.8367232436483557, 0.8287471614100717, 0.828421180898493, 0.82890615680001, 0.8314612968401476, 0.8279334767298265, 0.8297408033501018, 0.8247800821607764, 0.8288208625533364, 0.8234080590985038, 0.8199636773629622, 0.8254096155816858, 0.8312345282597975, 0.8292753452604468, 0.8208941681818529, 0.8230040967464447, 0.8270073885267432, 0.8222467438741163, 0.8266013264656067, 0.8216167742555792, 0.8252512026916851, 0.8180851475758986, 0.8238379277966239, 0.8283801539377733, 0.8236497748981823, 0.8251130499623038, 0.826988236470656, 0.8272712528705597, 0.8220400485125455, 0.8228664587844502, 0.8264051215215162, 0.8263805562799628, 0.8215601959011771, 0.8245302953503348, 0.8241617327386682, 0.8189414847980846, 0.8286283856088464, 0.819734432480552, 0.8251987045461481, 0.8232290121642026, 0.8262488381429152, 0.8212894011627544, 0.8166585998101668, 0.8210058943791823, 0.8274691673842344, 0.825234131379561, 0.8217434395443309, 0.8211013620549982, 0.8226671598174355, 0.8267329091375525, 0.8196782090447166, 0.8240883810953661, 0.8250379237261686, 0.822243024002422, 0.8189693147485907, 0.8225481591441415, 0.8224969126961448, 0.8226774009791288, 0.819237849929116, 0.8211735568263314, 0.8189223219047893, 0.82012709162452, 0.821479008956389, 0.8234669078480114, 0.8229525197635997, 0.8229155432094227, 0.819820452820171, 0.8220123973759738, 0.8210887583819303, 0.8215153244408694, 0.8271124525503679], "valid": [0, 0, 0, 0, 0, 0, 0, 0, 0, 0, 0, 0, 0, 0, 0, 0, 0, 0, 0, 0, 0, 0, 0, 0, 0, 0, 0, 0, 0, 0, 0, 0, 0, 0, 0, 0, 0, 0, 0, 0, 0, 0, 0, 0, 0, 0, 0, 0, 0, 0, 0, 0, 0, 0, 0, 0, 0, 0, 0, 0, 0, 0, 0, 0, 0, 0, 0, 0, 0, 0, 0, 0, 0, 0, 0, 0, 0, 0, 0, 0, 0, 0, 0, 0, 0, 0, 0, 0, 0, 0, 0, 0, 0, 0, 0, 0, 0, 0, 0, 0]}