{"train": [1.4591906829313799, 1.3119282776659185, 1.1975945288484746, 1.1279653446240858, 1.077584369616075, 1.0195262052796104, 0.9910961091518402, 0.9672627611593767, 0.9456248743967577, 0.9236126162789084, 0.9130325615406036, 0.8984368578954176, 0.8825276141816919, 0.8814863237467679, 0.8706085140054877, 0.861307602037083, 0.8615298677574504, 0.8566885346716101, 0.8522307195446708, 0.8548914844339545, 0.8492345349355177, 0.842438974163749, 0.8353323177857832, 0.8385706841945648, 0.8343446525660428, 0.8318525932051919, 0.8283721262758429, 0.8413907154039904, 0.8309729614041068, 0.8339756212451241, 0.8303662755272605, 0.8305913833054629, 0.8238993558016691, 0.821433812379837, 0.8265865770253268, 0.8328733335841786, 0.8287812904878096, 0.8263999982313677, 0.8224454467946832, 0.8231633413921703, 0.8230476081371307, 0.8211222128434614, 0.8217178041284735, 0.819879182360389, 0.8213009482080286, 0.825491956689141, 0.8219142637469552, 0.8244488185102289, 0.823865061456507, 0.8247014446692034, 0.8259847082874991, 0.8271015096794475, 0.8238271393559196, 0.8243481110442769, 0.8227330419150266, 0.8214004581624811, 0.8257967856797305, 0.8207479877905413, 0.8232146962122484, 0.820696394551884, 0.8251799263737418, 0.8262110217051073, 0.8242186822674491, 0.8212963857434012, 0.821731832894412, 0.8184052732857791, 0.8240085379643873, 0.8232865875417535, 0.8214904963970184, 0.8277849880131808, 0.817436930808154, 0.8188545080748472, 0.8247782479632985, 0.8191571127284657, 0.823133027011698, 0.8235461657697504, 0.8208852003921162, 0.8212567838755521, 0.8194977180524305, 0.822512377392162, 0.8196632943370126, 0.8217132118615237, 0.8209005025300112, 0.8213722462003882, 0.8228120641274885, 0.8208307352933016, 0.8222086294130846, 0.8189325766129927, 0.8150284832174127, 0.8243870003656908, 0.8227265721017664, 0.820679480379278, 0.8228677375750109, 0.8204481059854681, 0.8247309543869712, 0.8236005008220673, 0.8210959190672095, 0.8220267837697809, 0.8206634250554171, 0.8247258202596144], "valid": [0, 0, 0, 0, 0, 0, 0, 0, 0, 0, 0, 0, 0, 0, 0, 0, 0, 0, 0, 0, 0, 0, 0, 0, 0, 0, 0, 0, 0, 0, 0, 0, 0, 0, 0, 0, 0, 0, 0, 0, 0, 0, 0, 0, 0, 0, 0, 0, 0, 0, 0, 0, 0, 0, 0, 0, 0, 0, 0, 0, 0, 0, 0, 0, 0, 0, 0, 0, 0, 0, 0, 0, 0, 0, 0, 0, 0, 0, 0, 0, 0, 0, 0, 0, 0, 0, 0, 0, 0, 0, 0, 0, 0, 0, 0, 0, 0, 0, 0, 0]}