{"0": {"train": [9254.450348414332, 113.83248827211649, 113.84085479437357, 113.84198272449463, 113.84180306034865, 113.84157483832539, 113.84113226795809, 113.84304151744755, 113.8411840630272, 113.84025984476278, 113.84001983011217, 113.83976177967857, 113.83931689703141, 113.8385660997573, 113.83826272863823, 113.83809069501584, 113.83796513821885, 113.83787565298783, 113.83772073023648, 113.83762592676177], "valid": [113.75709386468569, 113.77710004291464, 113.78009158207055, 113.78030037476323, 113.77986984099384, 113.77948601389546, 113.77918519518764, 113.77881477891559, 113.77839858085711, 113.77804435006512, 113.77783578859358, 113.77755809200012, 113.77661424729193, 113.77600035515567, 113.77579688054931, 113.77569722423641, 113.77554114996448, 113.77534091245413, 113.77517350834616, 113.77510414200307]}, "1": {"train": [10110.210701878681, 113.8245483654956, 113.83255902788055, 113.8336654537988, 113.833518624027, 113.8331708571344, 113.83279649902329, 113.83251995035073, 113.83224871992186, 113.83195274809839, 113.83167180609406, 113.83141098092462, 113.83096401722555, 113.8302178445112, 113.82990059971291, 113.82970220609998, 113.8295923728061, 113.82948924512387, 113.8293881984935, 113.82924090626572], "valid": [113.77725218642713, 113.79633348008169, 113.79946352070262, 113.79969867260566, 113.79920709645437, 113.7988302059903, 113.79844198569019, 113.79802440030484, 113.79774577882681, 113.79748473015567, 113.79717003817923, 113.7968844800669, 113.79585485231443, 113.79532766810702, 113.79508164881022, 113.79491008272167, 113.79473296732567, 113.79464487206997, 113.79449573443235, 113.79427607434592]}, "2": {"train": [9232.65743434975, 113.72516935137774, 113.73312058817001, 113.73419718567793, 113.73404943099418, 113.73373033637198, 113.73341262911771, 113.73311850711812, 113.73277235882144, 113.7325439055702, 113.7322534832184, 113.73197254121408, 113.7315151722556, 113.73078310444846, 113.73042354492853, 113.73024503692248, 113.73016803800279, 113.73001427139137, 113.72990813774528, 113.729769863409], "valid": [114.17634288615781, 114.1953633686516, 114.19835745124008, 114.19850982597372, 114.19823374792826, 114.19771141936486, 114.19741545630106, 114.19701891203978, 114.19672225531254, 114.19633426623358, 114.1960861659465, 114.19576014413401, 114.19476427466851, 114.1942428709897, 114.19404494569078, 114.19388285966912, 114.19363845892033, 114.19348261586954, 114.1934139431899, 114.19329717651237]}, "3": {"train": [9097.3776590825, 113.79224403440621, 113.80027677580466, 113.80143382352941, 113.80137000554939, 113.80095842582315, 113.8007216518683, 113.80037758971513, 113.800123936367, 113.79982311320755, 113.79958472068073, 113.79932528671846, 113.7988219108398, 113.7981016463189, 113.79774833518313, 113.79761769330374, 113.79750508694043, 113.79740149833518, 113.79726438216797, 113.79715316315205], "valid": [113.911821372018, 113.9311445106701, 113.9343219084828, 113.93443660095897, 113.93418640487184, 113.93378382503107, 113.93346957689576, 113.93316180333571, 113.9327566799118, 113.93237861096313, 113.93211338461197, 113.93187613767537, 113.93088252160658, 113.93033518876162, 113.92999134256793, 113.9299254406411, 113.92973513437518, 113.92960286805186, 113.92950158719589, 113.92934596615461]}, "4": {"train": [9297.023953940066, 113.9057496300407, 113.91422447280799, 113.91539446910839, 113.9151805863855, 113.91484438586755, 113.91444714206438, 113.91409660562339, 113.91376341102479, 113.91343715316316, 113.91318812430633, 113.9129164354421, 113.9124341009989, 113.91173418423973, 113.91138711616722, 113.91135335738069, 113.91109438586756, 113.91097553644099, 113.91084628190899, 113.91071147798742], "valid": [113.46796796380157, 113.48837883109869, 113.4915511417451, 113.49169219499201, 113.49125192387379, 113.49080725929379, 113.4903551951992, 113.48992556088321, 113.48962056214113, 113.48930377042267, 113.4889742607885, 113.48857769305333, 113.48771310602025, 113.48717687244717, 113.48687233617474, 113.48675463764577, 113.48665011950216, 113.48646189434973, 113.48631714134552, 113.48615782054698]}}