{"0": {"train": [17.193745223335597, 18.728903463612433, 16.940235701851222, 14.520065174932066, 13.078681415060291, 12.41015512217646, 11.996772832455843, 11.644899583899457, 11.438529835576597, 11.100021295962126, 10.967369875700577, 10.788944144870923, 10.757229746942935, 10.819579414699389, 10.686586595618207, 10.6418212890625, 10.679743625806726, 10.697248110563859, 10.73543236773947, 10.637075739321501], "valid": [19.172786035579005, 20.00707479369589, 18.314300933441558, 16.468832437094157, 15.450432583367153, 15.46246100091315, 15.186427789333063, 14.95765851173566, 14.538320566152597, 14.336539924918831, 14.038787181243237, 14.390925155573592, 14.267188134131494, 14.24778582420184, 14.395868739008387, 14.620520389441287, 14.502384334415584, 14.458201222605519, 14.332364697477002, 14.558239164806547]}, "1": {"train": [16.909011492900042, 18.737527886638166, 16.85295272313552, 14.409387246793568, 12.910355061583877, 12.128330292841511, 11.82532480511163, 11.553824657725977, 11.27265961654282, 11.227313610163884, 10.868065120601758, 10.785407614112547, 10.765056929034337, 11.077686885539665, 10.807601812737513, 10.588290037472007, 10.620888377633856, 10.5252439020511, 10.584901691648005, 10.715050779129344], "valid": [19.588986073369565, 20.335947053328805, 18.908250891644023, 17.29234035326087, 16.050705884850544, 15.972715162194293, 15.962592348845108, 15.447215735394021, 15.358585258152173, 14.903457774286684, 15.018405549422555, 14.857206925101902, 15.000685716711956, 15.21190769361413, 15.24846775220788, 15.060511846127717, 15.109968367866848, 15.17894870923913, 15.336555281929348, 15.299968686311141]}, "2": {"train": [16.841047487869844, 18.8371167177745, 16.90243599857492, 14.45718804606915, 13.088950555824171, 12.265325722295739, 12.020316754567896, 11.730593471133618, 11.39719280694388, 11.100390373171994, 11.017063733161985, 10.800899211539766, 10.798160780783455, 10.679492929729912, 10.681821079647632, 10.601267861232696, 10.580052544576208, 10.558424362530538, 10.502855464508686, 10.512319028442251], "valid": [20.48082965353261, 20.445616083559784, 18.955415675951087, 17.142880116338315, 16.183128290591032, 15.753742251188859, 15.620655889096467, 15.376233440896739, 15.240835703974184, 15.157702105978261, 14.903109608525815, 14.758798615828804, 15.182484502377717, 14.928069272248642, 15.198891283118206, 15.229651409646738, 15.287913446841033, 15.32482379415761, 15.227266261888587, 15.303598420516304]}, "3": {"train": [17.250745675980593, 19.01113464156657, 17.03164245406657, 14.579551009220616, 13.043978845387148, 12.312520941486834, 12.071909553453278, 11.62457467575156, 11.34445810059124, 11.108116125050897, 10.911379736487174, 10.83318833341816, 10.666991657335776, 10.589737452073154, 10.658590608776974, 10.61598628041022, 10.66758080232933, 10.701394477703413, 10.561235955949716, 10.592081241835471], "valid": [19.886686905570652, 20.27074558423913, 18.78753184442935, 17.205484141474184, 16.05077063519022, 15.79443890115489, 15.610627547554348, 15.487942637567935, 14.992660389775816, 14.807088569972827, 14.90839259935462, 14.701211680536685, 14.741829250169838, 14.991331946331522, 14.85045166015625, 14.890767769191577, 14.978597889775815, 15.286472486413043, 15.251625658118206, 15.15511474609375]}, "4": {"train": [16.897786458333332, 18.946457654723126, 17.0653848886231, 14.64365276788138, 13.194072048257668, 12.52717721216324, 12.149929448395936, 11.669025897461998, 11.41750803728963, 11.198337617060261, 11.06509336457061, 10.912571545661985, 10.915653191482594, 10.765935079800318, 10.880791248897259, 10.670811689378901, 10.715697778293805, 10.937585223898955, 10.6843463181155, 10.768100535571898], "valid": [21.317954950747282, 19.80195843240489, 18.306657077955162, 16.147585130774456, 15.909733249830163, 15.584226392663043, 15.219242527173913, 14.645101265285327, 14.730360478940218, 14.054549507472826, 14.199022376019022, 14.623805303158967, 14.586838166610054, 14.503640879755435, 14.650575322690218, 14.426998237941577, 14.468514351222826, 14.536347762398098, 14.712826405400815, 14.778373917289402]}}