{"0": {"train": [4.294214091169724, 3.725308804293291, 3.5174410478784406, 3.401884631235665, 3.334517587084289, 3.2616450598480506, 3.2222329683916286, 3.1782987878081994, 3.143423601902953, 3.109611211654243, 3.098636239428039, 3.063688012919295, 3.0459771448537842, 3.0373824989248854, 3.025800221294438, 3.0152089978139336, 2.995134613317087, 2.988632476526663, 2.9804651550852923, 2.9785857986310207], "valid": [3.79128888331422, 3.5865939471043577, 3.497253081995413, 3.4563951404816513, 3.4457117259174312, 3.43096688646789, 3.4450170226490826, 3.442507704988532, 3.395406214162844, 3.4740773724197247, 3.475061639908257, 3.4479566549598624, 3.482816531680046, 3.5259254945527525, 3.4762770570527524, 3.5453187715022936, 3.5484167144495413, 3.5551197856938073, 3.53265607081422, 3.5436579881020642]}, "1": {"train": [4.351219896788991, 3.771044025946101, 3.5643896484375, 3.4357470479142775, 3.346815555117546, 3.2892033176247133, 3.2377875931766056, 3.1903313145068806, 3.152614230934633, 3.1304176820527525, 3.106601607296445, 3.085511149835149, 3.0778514505088874, 3.0515705185636466, 3.054307760536124, 3.0339981051103786, 3.023428025551892, 2.974705138600201, 2.9885302734375, 2.9501529798595185], "valid": [3.8535485055905965, 3.5850619982798166, 3.4787016198394496, 3.4646382239105504, 3.415764675315367, 3.4035819237385323, 3.3831685421444955, 3.389066621272936, 3.444304759174312, 3.4307852816800457, 3.4379290603497705, 3.475067373853211, 3.475862152379587, 3.4561503727064222, 3.471072158113532, 3.479292932912844, 3.5290015768348626, 3.56160147290711, 3.5291988603784405, 3.527425637901376]}, "2": {"train": [4.307213840309633, 3.7560679472477063, 3.54164089377867, 3.4318802859805047, 3.3410461089807915, 3.2986299679257454, 3.2253744982798165, 3.1902150005375574, 3.1384915133135034, 3.130086188360092, 3.1079718857511467, 3.0852300745412844, 3.060334517452695, 3.0529725800960437, 3.0382529162485663, 3.0300161827157397, 3.0067585964377868, 3.0062513886897935, 2.9803441262901376, 2.9699581825186354], "valid": [3.793071602637615, 3.609990951118119, 3.5199797520068805, 3.46126935206422, 3.4145163775802754, 3.4233335722477065, 3.3966479716169724, 3.3978384819380736, 3.426448269065367, 3.4472923236811925, 3.485852386754587, 3.4718061926605506, 3.4963127150229356, 3.520799885321101, 3.496720721043578, 3.502536195527523, 3.5452555189220183, 3.5577860700974773, 3.4884124139908255, 3.5307387829701833]}, "3": {"train": [4.329581623602351, 3.745338459539851, 3.5462110046946673, 3.4136501935206423, 3.349965349949828, 3.2776901385106076, 3.2186940044438073, 3.1660764585722476, 3.154685394567087, 3.1352404897147363, 3.1034898782432627, 3.0872533395749713, 3.0588492241255736, 3.055203107081422, 3.0466112609303324, 3.010613554508314, 3.033617492115826, 3.002503561317374, 2.9868616730576263, 2.979852059740539], "valid": [3.8423672233371557, 3.5824153347190366, 3.5061664994266053, 3.4543569022362384, 3.435508618836009, 3.4277377795298167, 3.4201766771788993, 3.3969185421444954, 3.4312242868405964, 3.434766879300459, 3.4322306837729357, 3.517932644065367, 3.4380176677178897, 3.498008618836009, 3.506228497706422, 3.524861489392202, 3.5009262112958717, 3.538182787413991, 3.527463714879587, 3.5300722118692662]}, "4": {"train": [4.347845873351491, 3.770749220541858, 3.5351501128870413, 3.4059823188431766, 3.3251433038274083, 3.2403581027809634, 3.206587563610952, 3.1820170047305045, 3.133547699254587, 3.1101536742044154, 3.081129654350631, 3.059881737385321, 3.0440539662772363, 3.0444747728820243, 3.0075330597763763, 2.9935652258636756, 3.012427496953842, 2.9863656196244266, 2.97385615637543, 2.964893989213016], "valid": [3.9022396430619266, 3.6337799240252293, 3.5704881020642203, 3.5085326476490826, 3.485310708142202, 3.4905154278956423, 3.496937356651376, 3.488742474197248, 3.4742628297018348, 3.5344045656536696, 3.528428719896789, 3.536766592603211, 3.534220721043578, 3.5853619552752294, 3.5855289564220185, 3.597391592603211, 3.561813539277523, 3.626596634891055, 3.581871326691514, 3.672454397219037]}}