{"train": [1.6373628377914429, 1.5821641206741333, 1.5194910764694214, 1.4695671796798706, 1.400395655632019, 1.3352401733398438, 1.308345890045166, 1.2579881191253661, 1.2254082918167115, 1.1795161008834838, 1.165900468826294, 1.1445101976394654, 1.1389057397842408, 1.0896724224090577, 1.1172008156776427, 1.05588059425354, 1.0494076013565063, 1.0274914622306823, 1.01007182598114, 0.9963924527168274, 0.9939738512039185, 0.9781526088714599, 0.9832231640815735, 0.9729188799858093, 0.9637608408927918, 0.9691205620765686, 0.9469564914703369, 0.9315649747848511, 0.9254528403282165, 0.9292761802673339, 0.9350939869880677, 0.9189178586006165, 0.9260082364082336, 0.9076022744178772, 0.9003198623657227, 0.908629310131073, 0.8972155094146729, 0.8980788588523865, 0.8888338446617127, 0.8942968010902405, 0.8971274018287658, 0.9049951553344726, 0.8789321780204773, 0.8883727192878723, 0.8843476057052613, 0.8887521505355835, 0.8810023665428162, 0.871525228023529, 0.871458911895752, 0.8785434246063233, 0.8715484023094178, 0.863224470615387, 0.8616513967514038, 0.875395655632019, 0.8652491331100464, 0.8619711875915528, 0.8585018992424012, 0.8665517807006836, 0.8607314109802247, 0.8667231440544129, 0.8717859506607055, 0.8609570145606995, 0.8564127087593079, 0.8543457984924316, 0.8651774287223816, 0.8654427886009216, 0.8670860886573791, 0.8595731496810913, 0.8569335699081421, 0.8499543070793152, 0.8438604950904847, 0.8462322235107422, 0.8499521613121033, 0.8531739592552186, 0.8347950339317322, 0.8540227174758911, 0.844937002658844, 0.8356857419013977, 0.8318810343742371, 0.8506157040596009, 0.8535280108451844, 0.8351171612739563, 0.8467915415763855, 0.846266508102417, 0.8320247769355774, 0.8487274765968322, 0.8503624677658081, 0.8521836400032043, 0.8374003529548645, 0.8335290789604187, 0.8487614393234253, 0.8432253122329711, 0.8433684945106507, 0.8446904182434082, 0.8394021391868591, 0.835719645023346, 0.8415474414825439, 0.8465592622756958, 0.8458095788955688, 0.8357878804206849], "valid": [0, 0, 0, 0, 0, 0, 0, 0, 0, 0, 0, 0, 0, 0, 0, 0, 0, 0, 0, 0, 0, 0, 0, 0, 0, 0, 0, 0, 0, 0, 0, 0, 0, 0, 0, 0, 0, 0, 0, 0, 0, 0, 0, 0, 0, 0, 0, 0, 0, 0, 0, 0, 0, 0, 0, 0, 0, 0, 0, 0, 0, 0, 0, 0, 0, 0, 0, 0, 0, 0, 0, 0, 0, 0, 0, 0, 0, 0, 0, 0, 0, 0, 0, 0, 0, 0, 0, 0, 0, 0, 0, 0, 0, 0, 0, 0, 0, 0, 0, 0]}