{"0": {"train": [92.26483154296875, 80.93021138509114, 92.21633911132812, 66.61630249023438, 50.60255432128906, 45.11463928222656, 25.914159138997395, 27.17217254638672, 24.571434020996094, 17.302408854166668, 48.457295735677086, 10.603901545206705, 12.023213704427084, 18.925465901692707, 18.87760289510091, 31.142428080240887, 11.739542643229166, 11.989819844563803, 21.830245971679688, 10.47010612487793], "valid": [35.044578552246094, 41.633975982666016, 41.63815689086914, 41.64559555053711, 32.65013122558594, 33.083953857421875, 16.75299835205078, 22.18595314025879, 37.51193618774414, 14.83019733428955, 46.99520492553711, 17.817312240600586, 35.33848571777344, 37.302215576171875, 41.662742614746094, 40.45146560668945, 36.0344352722168, 42.64854431152344, 47.6436767578125, 23.956087112426758]}, "1": {"train": [49.204559326171875, 40.92163848876953, 37.02434285481771, 23.82080586751302, 24.347801208496094, 20.45272445678711, 18.20593770345052, 10.874247233072916, 13.199195861816406, 18.996129353841145, 15.651487986246744, 13.055676778157553, 19.427396138509113, 11.614274342854818, 14.164007822672525, 22.21778106689453, 11.510424296061197, 11.244710286458334, 7.450475692749023, 11.138665517171225], "valid": [65.88860321044922, 60.672027587890625, 29.77153778076172, 58.68982696533203, 63.42523956298828, 38.27764129638672, 46.34326934814453, 24.293609619140625, 29.803083419799805, 35.16327667236328, 20.95258140563965, 14.569902420043945, 25.31148910522461, 26.192598342895508, 16.819921493530273, 30.900432586669922, 32.37931442260742, 20.449684143066406, 18.227371215820312, 25.65618324279785]}, "2": {"train": [50.297027587890625, 42.54498291015625, 50.53961181640625, 40.28885269165039, 28.318815231323242, 27.82131004333496, 38.88966369628906, 10.076457023620605, 16.328474044799805, 19.511293411254883, 26.323444366455078, 12.800728797912598, 18.56850814819336, 13.957268714904785, 13.661014556884766, 9.752142906188965, 8.54771900177002, 7.679746627807617, 7.914066314697266, 13.236496925354004], "valid": [71.22167205810547, 72.4815444946289, 47.684844970703125, 52.99233627319336, 52.49943923950195, 30.360576629638672, 24.363039016723633, 24.493724822998047, 3.9198498725891113, 9.539249420166016, 4.657341003417969, 16.358840942382812, 8.543986320495605, 13.651762962341309, 30.115148544311523, 10.859476089477539, 9.011550903320312, 21.47852897644043, 8.476860046386719, 7.843657970428467]}}