{"0": {"train": [1478.7533340454102, 1500.9435424804688, 1282.3521690368652, 974.1487770080566, 973.5774002075195, 811.2321929931641, 979.2046890258789, 1488.5112075805664, 1196.258903503418, 1204.2067337036133, 1042.0546264648438, 858.6311340332031, 904.4284896850586, 1243.8880233764648, 1231.852798461914, 1328.523582458496, 1336.9078903198242, 1091.0945014953613, 1108.000774383545, 1154.4362754821777, 1445.1376113891602, 1207.5785026550293, 1068.5090255737305, 1138.2033348083496, 738.6891326904297, 620.0602970123291, 630.6393947601318, 525.0126895904541, 509.7610511779785, 839.0210876464844, 914.3130035400391, 901.9622611999512, 958.9888725280762, 751.488410949707, 621.8900165557861, 673.837329864502, 550.6333980560303, 450.9369773864746, 531.037748336792, 544.9017486572266, 450.9132080078125, 428.9005546569824, 453.03462409973145, 438.1530933380127, 402.5518913269043, 411.49740982055664, 448.4465274810791, 418.70156478881836, 415.53438568115234, 456.6812210083008, 439.55445861816406, 401.9631652832031, 379.4103488922119, 357.7196750640869, 331.5435447692871, 309.5033893585205, 304.1093225479126, 342.93580055236816, 364.0448417663574, 360.28650283813477, 324.6803550720215, 319.7776393890381, 302.0255527496338, 319.98581886291504, 304.0116996765137, 334.6802234649658, 399.61597633361816, 375.63871002197266, 362.7991142272949, 311.47997856140137, 294.65872287750244, 282.3564729690552, 298.1979122161865, 358.5424575805664, 402.69841957092285, 428.52307891845703, 439.7750053405762, 432.3287601470947, 416.81180000305176, 408.7885570526123, 399.22232818603516, 379.75451278686523, 405.06053924560547, 371.72628593444824, 338.41462326049805, 335.7169437408447, 311.498496055603, 285.95869731903076, 284.2885856628418, 275.9991674423218, 272.82387351989746, 269.7932872772217, 254.35675430297852, 271.815146446228, 283.9665861129761, 278.6791753768921, 269.05774307250977, 258.03294563293457, 266.4315176010132, 268.9372310638428], "valid": [1385.4623616536458, 1505.6582438151042, 1012.234130859375, 1072.8367784288193, 881.2462022569445, 789.4620564778646, 1393.8013644748264, 1302.1820068359375, 1156.158474392361, 1089.0801391601562, 954.3705037434896, 773.0361667209202, 1317.5647650824653, 1109.1917046440972, 1445.8504909939236, 1299.66943359375, 1215.8551296657986, 938.3367580837673, 1379.1498345269097, 1054.716993543837, 1408.6603868272568, 1055.776862250434, 1246.1487494574653, 915.5037434895834, 611.7706095377604, 677.7696261935764, 601.0407002766927, 446.68464830186633, 715.1496242947048, 878.8810696072048, 922.2330525716146, 952.1739569769966, 855.7507595486111, 677.0049506293403, 631.8184271918403, 638.7570326063368, 479.55253431532117, 471.35855441623266, 574.817138671875, 516.5823567708334, 441.4366522894965, 449.1248779296875, 430.52123006184894, 414.32775539822046, 379.9849277072483, 441.0342949761285, 423.4404873318142, 406.8482428656684, 399.6938985188802, 456.07882351345484, 419.1634250217014, 392.15802680121527, 379.2659098307292, 352.4831780327691, 336.691155327691, 301.12855021158856, 298.1585184733073, 352.64808146158856, 372.78784518771704, 371.04613918728296, 304.2352871365017, 306.6374986436632, 302.88302273220484, 294.8891126844618, 319.17149861653644, 350.9081386990017, 391.5697937011719, 395.6106770833333, 351.03550889756946, 310.42510308159723, 287.3924272325304, 317.37953694661456, 342.81103176540796, 391.57801310221356, 427.72772216796875, 443.09078301323785, 419.74804348415796, 470.19871690538196, 437.4811367458767, 409.12147013346356, 391.1845974392361, 406.07697211371527, 366.93255615234375, 348.32575141059027, 341.34784613715277, 303.0650227864583, 299.22122870551215, 299.08369615342883, 276.68065049913196, 274.7086927625868, 285.7183312310113, 252.3049841986762, 235.90859646267361, 293.0697513156467, 283.74979315863715, 260.7289767795139, 263.5924140082465, 279.6733178032769, 284.5366973876953, 260.8511793348524]}, "1": {"train": [1446.8300350413604, 1606.1674948299633, 1198.6576717601104, 1069.9275656307445, 891.0956672219669, 1061.1976067038142, 1071.868444106158, 1361.9328361960017, 1183.084368537454, 931.2288243910846, 830.0160055721508, 1383.3485681870404, 1418.2510770909926, 1048.4762393727021, 1175.2520177504596, 1408.1819924747242, 1463.414586684283, 1537.1241957720588, 1343.6898696001838, 1137.7409165326287, 1012.4254042681525, 907.6104879940258, 591.3843132467831, 740.244041891659, 1185.807882869945, 973.0005385454963, 784.0929637235754, 582.1683134191177, 523.0408361098346, 529.5846198586856, 509.7813684800092, 474.9187280991498, 623.442731071921, 946.2708058076746, 828.0853127872242, 1057.8453117819392, 938.5530108283548, 789.4209953756894, 610.9596449908088, 511.5510954015395, 727.6619765337775, 975.6662238625919, 747.4172901826746, 557.7098891314338, 471.08883307961855, 439.47341380399814, 402.82643396714155, 390.1609945858226, 456.4344284955193, 480.98299452837773, 505.15005852194395, 495.2842748305377, 407.12427296358, 365.7660109576057, 415.79039809283086, 444.9183780445772, 460.1924097397748, 489.8144746668199, 502.404494341682, 492.3993440515855, 431.183401668773, 420.3143472110524, 458.91712861902573, 454.24710801068477, 431.6830749511719, 395.36662202722886, 364.90702730066636, 338.39484988941865, 323.1151158949908, 301.55376658720127, 288.4093215044807, 288.1801928351907, 271.91126206341914, 264.26984988941865, 244.7322271010455, 226.18631519990808, 220.732764748966, 207.62959693459902, 257.2659750545726, 256.23613873650044, 220.52033099006204, 237.23426100786995, 240.30035400390625, 264.496701408835, 257.6572660558364, 263.66637914321, 285.76569949879365, 292.36336203182447, 278.54718645881206, 268.39710729262407, 261.97981351964614, 245.11584023868338, 228.34017495548025, 214.8629653033088, 232.4705280977137, 219.06092744715073, 200.61633929084329, 199.379275153665, 198.9170191147748, 197.15060918471391], "valid": [1464.0983581542969, 1380.1371459960938, 1119.3114776611328, 922.3790283203125, 927.2196655273438, 1021.2140426635742, 1063.756248474121, 1460.0932922363281, 919.3020553588867, 830.8516006469727, 1055.4536361694336, 1686.2259216308594, 1124.6760787963867, 1076.602294921875, 1584.1114196777344, 1126.5824279785156, 1530.5197143554688, 1582.0812225341797, 1058.6992263793945, 1103.6613159179688, 985.1797714233398, 703.2470626831055, 503.75981521606445, 1157.7752838134766, 1007.5080871582031, 935.8492660522461, 639.4656677246094, 551.5069427490234, 476.70776748657227, 511.31142807006836, 492.92637634277344, 433.65955352783203, 867.3624267578125, 810.726448059082, 954.7699890136719, 1045.9876174926758, 763.3610610961914, 722.2005920410156, 527.4011154174805, 580.8221664428711, 943.7428512573242, 868.0524444580078, 606.6987609863281, 499.3985481262207, 443.43941497802734, 425.18846893310547, 396.6691207885742, 439.32264709472656, 471.3048324584961, 486.1006202697754, 530.4506301879883, 454.20937728881836, 376.0333709716797, 336.4805107116699, 477.83759689331055, 431.07674407958984, 493.57574462890625, 499.3914108276367, 544.6252365112305, 455.5316925048828, 412.04516220092773, 435.93312072753906, 467.38378143310547, 450.87503814697266, 387.03612899780273, 369.8770942687988, 355.59499740600586, 320.944766998291, 309.00467681884766, 295.88570404052734, 270.6714515686035, 275.6664848327637, 255.0087661743164, 222.7516269683838, 211.13488578796387, 229.4428482055664, 210.75155639648438, 206.5137825012207, 225.0229892730713, 230.64827346801758, 221.3729953765869, 231.31391716003418, 254.41284561157227, 280.4056930541992, 270.96566581726074, 254.5982837677002, 274.99932861328125, 262.75443267822266, 267.9072151184082, 269.48156929016113, 257.0521602630615, 218.67556762695312, 235.46964645385742, 220.5107421875, 211.53434562683105, 212.15653038024902, 198.27441215515137, 206.67966842651367, 184.37768936157227, 180.11041831970215]},