{"0": {"train": [11.606961418600644, 8.1878464642693, 6.105010088752298, 4.138529160443475, 3.166538687313304, 3.20179277307847, 3.8256602567784928, 1.9987541647518383, 2.963654462028952, 4.119891895967371, 2.8870504042681526, 2.550230811623966, 4.446770611931296, 3.0909417096306298, 3.4976043701171875, 3.6148769154268154, 2.2243964251349952, 3.3774723726160385, 3.9788822847254135, 2.8672263201545265], "valid": [10.386807759602865, 11.208087497287327, 12.36317613389757, 12.92620595296224, 14.196858723958334, 16.38943820529514, 17.930350409613716, 19.782026502821182, 21.129336886935764, 20.872660319010418, 21.09507073296441, 21.620225694444443, 21.638719346788193, 21.791634453667534, 22.182878282335068, 22.69425286187066, 23.268625895182293, 23.716778225368923, 23.925403171115452, 24.025882297092014]}, "1": {"train": [11.914557961856618, 9.154110179227942, 7.70542189654182, 4.8752288818359375, 4.051908605238971, 5.003893683938419, 6.528190612792969, 4.440230874454274, 5.064721500172334, 4.073907739975873, 2.989889705882353, 4.1881422155043655, 3.5900784660788143, 3.7295381882611442, 4.049068226533778, 4.093197542078355, 3.004024954403148, 3.4065071554744946, 3.365469315472771, 3.579371732823989], "valid": [8.253366258409288, 6.6307932535807295, 5.329635196261936, 5.131783803304036, 5.2385101318359375, 5.091609530978733, 5.673244476318359, 6.382506900363499, 6.64635255601671, 6.268213484022352, 5.838044060601129, 5.711650000678168, 5.806179470486111, 6.114731258816189, 6.031011793348524, 6.113699171278212, 6.550189971923828, 6.762592315673828, 6.971972995334202, 7.186559889051649]}, "2": {"train": [11.63071017795139, 7.536016676161024, 5.975834316677517, 5.561649746365017, 5.098547617594401, 3.7405908372667103, 5.250436570909288, 3.344133800930447, 3.8773290846082897, 2.575137668185764, 4.498232523600261, 2.287886725531684, 3.096818288167318, 2.762048085530599, 2.9034635755750866, 4.840589311387804, 3.6850594414605036, 3.4903717041015625, 3.8519503275553384, 3.1138441297743054], "valid": [10.473973274230957, 11.030136108398438, 11.482666015625, 11.642860412597656, 12.504047393798828, 14.053614616394043, 15.242977142333984, 16.58586883544922, 17.550453186035156, 18.900625228881836, 19.868085861206055, 20.822509765625, 21.263784408569336, 21.73828125, 22.08946990966797, 22.241527557373047, 22.31850814819336, 22.401695251464844, 22.229591369628906, 22.039356231689453]}}