{"0": {"train": [10.957490921020508, 8.195392608642578, 5.10842752456665, 1.9047375917434692, 0.34427496790885925, 0.03310985863208771, 0.0018425036687403917, 0.020271683111786842, 2.972786023747176e-05, 3.471976378932595e-05, 1.701713517832104e-05, 1.7046937500708736e-05, 1.6212470654863864e-05, 1.6212470654863864e-05, 1.6212470654863864e-05, 1.6212470654863864e-05, 1.6212470654863864e-05, 3.9517966797575355e-05, 1.6212470654863864e-05, 1.6212470654863864e-05], "valid": [9.570556640625, 8.6312255859375, 9.699934005737305, 13.55447769165039, 18.83169174194336, 24.461732864379883, 30.062959671020508, 35.54894256591797, 40.84320831298828, 45.821022033691406, 48.34109878540039, 48.34109878540039, 48.34109878540039, 48.34109878540039, 48.34109878540039, 48.34109878540039, 48.34109878540039, 48.34109878540039, 48.34109878540039, 48.34109878540039]}, "1": {"train": [10.96603012084961, 7.905165195465088, 5.574556350708008, 2.4803247451782227, 2.85136342048645, 1.9929487705230713, 2.3220083713531494, 3.0388238430023193, 2.1358554363250732, 3.443000078201294, 1.3919711112976074, 1.7774887084960938, 2.442984104156494, 1.3686187267303467, 1.2372139692306519, 1.5932539701461792, 2.886131525039673, 2.1235082149505615, 1.8597508668899536, 2.0949506759643555], "valid": [8.138250350952148, 4.88555383682251, 3.19781756401062, 2.550936698913574, 2.4330968856811523, 2.4191856384277344, 2.4221079349517822, 2.0269417762756348, 1.5488308668136597, 1.347822904586792, 1.3471287488937378, 1.6703506708145142, 2.3753066062927246, 3.1158251762390137, 3.6761372089385986, 3.7400026321411133, 2.986118793487549, 2.1854240894317627, 1.5485368967056274, 1.3680734634399414]}, "2": {"train": [11.309367179870605, 8.908329010009766, 4.92017936706543, 4.58884334564209, 2.4327125549316406, 1.9242497682571411, 2.0853817462921143, 1.5113929510116577, 2.1283488273620605, 2.7576904296875, 1.88901686668396, 0.6417513489723206, 1.1109459400177002, 0.5091413855552673, 0.8352192640304565, 1.136862874031067, 0.29387325048446655, 0.4368300139904022, 0.6626956462860107, 0.624160647392273], "valid": [8.796514511108398, 5.9337053298950195, 3.706369400024414, 2.693300724029541, 2.4668591022491455, 2.410074472427368, 2.6136209964752197, 2.974287748336792, 2.818344831466675, 2.0731077194213867, 1.7274847030639648, 1.3466709852218628, 1.2967119216918945, 1.4577380418777466, 1.8802733421325684, 2.4784278869628906, 2.994709014892578, 2.999553680419922, 2.9779391288757324, 2.637451648712158]}}