{"0": {"train": [11.112683614095053, 8.570761362711588, 7.307792663574219, 8.088322957356771, 6.447552998860677, 22.016632080078125, 10.056492487589518, 7.641487121582031, 7.175097783406575, 8.2987912495931, 16.923089345296223, 10.722726186116537, 6.330289840698242, 8.002976735432943, 7.8109385172526045, 5.73404057820638, 4.8479305903116865, 9.058830261230469, 5.343777338663737, 5.149485270182292], "valid": [9.33542537689209, 11.120930671691895, 22.690336227416992, 5.0274977684021, 8.776537895202637, 5.649972438812256, 5.025585174560547, 5.494298458099365, 5.470796585083008, 19.621212005615234, 9.709044456481934, 4.300374984741211, 10.175944328308105, 6.669072151184082, 9.495857238769531, 12.859395027160645, 23.26784324645996, 4.439316272735596, 13.161794662475586, 8.350090026855469]}, "1": {"train": [7.436002731323242, 8.576516469319662, 8.372014999389648, 9.834471384684244, 7.9779510498046875, 7.702400207519531, 6.460853576660156, 6.332324981689453, 5.536511739095052, 5.549824396769206, 4.59971555074056, 7.8316904703776045, 5.417864481608073, 6.066169738769531, 4.880928039550781, 6.448480606079102, 5.053709983825684, 5.447210947672526, 4.259775797526042, 4.6511274973551435], "valid": [5.863733768463135, 6.988821029663086, 7.49083137512207, 9.507802963256836, 7.263440132141113, 4.798585891723633, 4.241038799285889, 5.960512161254883, 7.634381294250488, 6.627278804779053, 6.829216003417969, 8.18104362487793, 6.753087997436523, 5.995791912078857, 7.312414169311523, 7.616754055023193, 5.180680274963379, 3.963027000427246, 5.861627578735352, 3.809049129486084]}, "2": {"train": [22.554401397705078, 15.156932830810547, 17.944290161132812, 14.169008255004883, 8.007342338562012, 8.1332426071167, 12.138615608215332, 12.969188690185547, 6.346394062042236, 3.02866530418396, 3.564960241317749, 3.535445213317871, 3.863801956176758, 8.491048812866211, 7.468182563781738, 5.560357093811035, 4.381829261779785, 2.8209176063537598, 5.204987525939941, 6.355527400970459], "valid": [4.288926124572754, 11.204402923583984, 11.340760231018066, 20.55183219909668, 32.559024810791016, 17.145111083984375, 34.589935302734375, 36.1895751953125, 44.343772888183594, 98.25444030761719, 49.76970291137695, 41.595359802246094, 30.018939971923828, 25.53464126586914, 46.50048065185547, 69.95262145996094, 42.795719146728516, 46.74686813354492, 50.675201416015625, 76.88971710205078]}}