metrics,mean
P_2,0.2
P_5,0.2
P_10,0.2
recall_2,0.2
recall_5,0.4666666666666666
recall_10,0.9333333333333332
ndcg_cut_2,0.15474112289381664
ndcg_cut_5,0.31579733928715636
ndcg_cut_10,0.500859211978692
map_cut_2,0.1
map_cut_5,0.18055555555555555
map_cut_10,0.2991269841269841
success_2,0.4
success_5,1.0
success_10,1.0
aucroc,0.6026936026936027
skill_coverage_2,0.9
skill_coverage_5,1.0
skill_coverage_10,1.0
