metrics,mean
P_2,0.2
P_5,0.2
P_10,0.2
recall_2,0.2
recall_5,0.4666666666666666
recall_10,0.9333333333333332
ndcg_cut_2,0.2
ndcg_cut_5,0.3556821344326807
ndcg_cut_10,0.543888346428251
map_cut_2,0.15
map_cut_5,0.22555555555555556
map_cut_10,0.34873015873015867
success_2,0.4
success_5,1.0
success_10,1.0
aucroc,0.606902356902357
skill_coverage_2,0.9
skill_coverage_5,1.0
skill_coverage_10,1.0
