P_2,P_5,P_10,recall_2,recall_5,recall_10,ndcg_cut_2,ndcg_cut_5,ndcg_cut_10,map_cut_2,map_cut_5,map_cut_10,success_2,success_5,success_10,skill_coverage_2,skill_coverage_5,skill_coverage_10
0.00000,0.20000,0.10000,0.00000,0.50000,0.50000,0.00000,0.23720,0.23720,0.00000,0.10000,0.10000,0.00000,1.00000,1.00000,0.50000,1.00000,1.00000
0.00000,0.20000,0.20000,0.00000,0.50000,1.00000,0.00000,0.30657,0.48381,0.00000,0.16667,0.26667,0.00000,1.00000,1.00000,0.66667,1.00000,1.00000
0.00000,0.00000,0.10000,0.00000,0.00000,0.33333,0.00000,0.00000,0.13565,0.00000,0.00000,0.03333,0.00000,0.00000,1.00000,0.50000,1.00000,1.00000
0.00000,0.00000,0.10000,0.00000,0.00000,0.50000,0.00000,0.00000,0.17724,0.00000,0.00000,0.05000,0.00000,0.00000,1.00000,0.66667,1.00000,1.00000
0.50000,0.20000,0.20000,0.50000,0.50000,1.00000,0.61315,0.61315,0.80657,0.50000,0.50000,0.62500,1.00000,1.00000,1.00000,1.00000,1.00000,1.00000
