metrics,mean
P_2,0.1
P_5,0.12000000000000002
P_10,0.12000000000000002
recall_2,0.1
recall_5,0.3
recall_10,0.5666666666666667
ndcg_cut_2,0.12262943855309168
ndcg_cut_5,0.23138370038349673
ndcg_cut_10,0.3337702330357263
map_cut_2,0.1
map_cut_5,0.15333333333333332
map_cut_10,0.19574074074074072
success_2,0.2
success_5,0.6
success_10,1.0
aucroc,0.3265993265993266
skill_coverage_2,0.6666666666666666
skill_coverage_5,1.0
skill_coverage_10,1.0
