metrics,mean
P_2,0.2
P_5,0.24
P_10,0.18
recall_2,0.2
recall_5,0.5666666666666667
recall_10,0.8333333333333333
ndcg_cut_2,0.24525887710618335
ndcg_cut_5,0.4431351219585771
ndcg_cut_10,0.5576284913723324
map_cut_2,0.2
map_cut_5,0.31666666666666665
map_cut_10,0.39666666666666667
success_2,0.4
success_5,1.0
success_10,1.0
aucroc,0.6085858585858586
skill_coverage_2,0.7666666666666667
skill_coverage_5,1.0
skill_coverage_10,1.0
